timestamp,uav_id,pred_lat,pred_lon,pred_height,cluster_id,is_cluster_head
0,UAV_001,38.8308487,101.100914,2572.7595,1,False
0,UAV_002,38.8849831,101.0297165,2572.2422,5,False
0,UAV_003,38.8869476,101.0966263,2572.0891,4,False
0,UAV_004,38.8055267,100.991188,2569.8918,2,False
0,UAV_005,38.8154335,101.1007309,2578.5317,0,False
0,UAV_006,38.8066216,101.0780182,2576.0979,0,False
0,UAV_007,38.8825951,101.1107788,2565.9604,4,False
0,UAV_008,38.9088478,101.0738068,2572.7078,4,False
0,UAV_009,38.9188499,101.1055145,2572.4021,4,False
0,UAV_010,38.864399,101.0030975,2572.3533,2,False
0,UAV_011,38.8774529,101.0370865,2572.9292,5,False
0,UAV_012,38.7936325,101.035347,2572.0913,1,False
0,UAV_013,38.8650703,101.050621,2574.3381,5,False
0,UAV_014,38.8590775,100.9584656,2574.8616,3,False
0,UAV_015,38.8794212,100.9943924,2574.3547,5,False
0,UAV_016,38.9509163,100.9830475,2577.9856,5,False
0,UAV_017,38.8619804,101.0445099,2576.0195,0,False
0,UAV_018,38.836895,101.0183792,2572.23,2,False
0,UAV_019,38.889637,100.9867706,2569.5845,2,False
0,UAV_020,38.8025856,101.0496063,2569.7329,1,False
0,UAV_021,38.8641701,101.1484146,2578.1792,0,False
0,UAV_022,38.8897171,100.9536057,2569.1331,2,False
0,UAV_023,38.8724823,100.9669724,2570.5127,2,False
0,UAV_024,38.8793182,101.0139313,2575.0337,5,False
0,UAV_025,38.9093857,101.0118103,2571.3406,5,False
0,UAV_026,38.8536797,101.0772858,2572.8325,4,False
0,UAV_027,38.8866119,101.0778198,2572.2874,4,False
0,UAV_028,38.918911,101.1389694,2569.533,4,False
0,UAV_029,38.858036,101.0236511,2564.4929,2,False
0,UAV_030,38.8711433,101.01371,2575.1138,5,False
0,UAV_031,38.8714905,101.0148544,2573.7659,5,False
0,UAV_032,38.849659,101.1212158,2573.6113,0,False
0,UAV_033,38.8854599,101.0781479,2575.2427,0,False
0,UAV_034,38.916172,101.0349121,2571.1792,5,False
0,UAV_035,38.8328819,101.0300446,2575.2163,3,False
0,UAV_036,38.8652954,100.9384537,2566.521,2,False
0,UAV_037,38.8975105,100.9762955,2574.4634,5,False
0,UAV_038,38.9194756,101.0086212,2576.6851,5,False
0,UAV_039,38.9288177,100.9925919,2574.2415,5,False
0,UAV_040,38.8818474,101.0190887,2577.7585,5,False
0,UAV_041,38.8739357,101.0165405,2570.1946,2,False
0,UAV_042,38.8628387,101.1098862,2570.3867,4,False
0,UAV_043,38.8762436,101.1214447,2569.5837,4,False
0,UAV_044,38.7611313,101.065155,2572.8164,1,False
0,UAV_045,38.9382515,101.0558472,2575.7122,5,False
0,UAV_046,38.7634125,100.9877853,2568.6526,1,False
0,UAV_047,38.9000854,100.995575,2567.8499,2,False
0,UAV_048,38.9337845,101.0319748,2575.6257,5,False
0,UAV_049,38.8023071,101.026886,2570.3958,1,False
0,UAV_050,38.8909531,101.0361176,2570.1128,2,False
0,UAV_051,38.8671532,101.0226593,2576.1958,5,False
0,UAV_052,38.7919807,101.0505524,2575.4033,1,False
0,UAV_053,38.8977547,101.0633926,2569.0107,4,False
0,UAV_054,38.8269272,101.0627823,2569.5618,1,False
0,UAV_055,38.7901306,101.0897064,2574.0911,1,False
0,UAV_056,38.833416,101.0176697,2572.9634,3,False
0,UAV_057,38.8137894,101.1014633,2575.6313,0,False
0,UAV_058,38.8271942,101.0304565,2571.3943,1,False
0,UAV_059,38.8457375,101.0678482,2570.8088,1,False
0,UAV_060,38.8082924,101.0571136,2567.2339,1,False
0,UAV_061,38.7883606,101.0827026,2569.1519,1,False
0,UAV_062,38.8768005,101.0357971,2572.9075,5,False
0,UAV_063,38.8680801,100.966095,2573.4443,3,False
0,UAV_064,38.8764496,101.1293488,2581.2874,0,False
0,UAV_065,38.95644,101.0206223,2573.9648,5,False
0,UAV_066,38.9095688,101.1382446,2574.2476,4,False
0,UAV_067,38.8819618,101.0079041,2573.6677,5,False
0,UAV_068,38.9276886,101.0386658,2576.0742,5,False
0,UAV_069,38.9123917,101.0573044,2571.5413,4,False
0,UAV_070,38.8040276,101.0136719,2570.1648,1,False
0,UAV_071,38.8347778,101.1249619,2573.8237,0,False
0,UAV_072,38.8336182,101.0349197,2571.8518,1,False
0,UAV_073,38.838253,101.0058136,2571.5649,2,False
0,UAV_074,38.8298721,100.999176,2574.6196,3,False
0,UAV_075,38.8148727,100.9822769,2577.1245,3,False
0,UAV_076,38.9056435,100.9822235,2573.6006,5,False
0,UAV_077,38.8116417,101.0975342,2571.584,1,False
0,UAV_078,38.9092369,101.0117722,2571.3672,5,False
0,UAV_079,38.9175224,101.0417938,2572.4468,5,False
0,UAV_080,38.9458046,101.1147842,2577.7695,0,False
0,UAV_081,38.8010025,100.9750137,2572.1042,3,False
0,UAV_082,38.8173943,101.0776138,2570.9014,1,False
0,UAV_083,38.7389717,101.0441589,2570.6443,1,False
0,UAV_084,38.832428,101.0623856,2572.8103,1,False
0,UAV_085,38.9383965,101.0326843,2573.0312,5,False
0,UAV_086,38.855854,101.0924225,2573.3584,4,False
0,UAV_087,38.8619995,101.1187515,2571.5879,4,False
0,UAV_088,38.8261032,100.9604645,2577.9114,3,False
0,UAV_089,38.8740311,101.0638351,2577.7205,0,False
0,UAV_090,38.8758659,101.0177002,2573.1292,5,False
0,UAV_091,38.8330917,101.0279465,2569.9329,2,False
0,UAV_092,38.8264236,100.9956436,2577.3032,3,False
0,UAV_093,38.9569473,100.9866943,2573.866,5,False
0,UAV_094,38.8128815,101.0482483,2573.3301,1,False
0,UAV_095,38.8540306,101.1041412,2578.9548,0,False
0,UAV_096,38.8693848,101.071846,2572.4973,4,False
0,UAV_097,38.7506676,100.9641876,2574.6921,3,False
0,UAV_098,38.822361,101.1273956,2574.6987,0,False
0,UAV_099,38.8827705,101.0277405,2573.541,5,False
0,UAV_100,38.9269943,101.1255112,2574.9404,4,False
0,UAV_101,38.9099274,100.9804611,2573.3835,5,False
0,UAV_102,38.819725,101.0731735,2569.9893,1,False
0,UAV_103,38.8400078,100.9658966,2571.4741,2,False
0,UAV_104,38.8015862,101.0147934,2579.677,3,False
0,UAV_105,38.8794785,101.0189133,2572.7388,5,False
0,UAV_106,38.8893852,101.0172424,2571.3972,2,False
0,UAV_107,38.7813759,101.073204,2572.2078,1,False
0,UAV_108,38.9348755,100.9929581,2577.8684,5,False
0,UAV_109,38.9130478,101.0368576,2574.8726,5,False
0,UAV_110,38.8298874,101.1082611,2573.7021,0,False
0,UAV_111,38.8140297,101.0354767,2576.7021,3,False
0,UAV_112,38.7904053,101.0104752,2574.0801,3,False
0,UAV_113,38.77351,100.984169,2578.8701,3,False
0,UAV_114,38.9092255,101.0268631,2571.1973,5,False
0,UAV_115,38.8790016,101.0379333,2572.053,5,False
0,UAV_116,38.8418007,101.0358658,2576.5654,3,False
0,UAV_117,38.885273,100.9757996,2568.8,2,False
0,UAV_118,38.7778587,101.0069656,2577.2026,3,False
0,UAV_119,38.8362579,101.1057968,2570.427,4,False
0,UAV_120,38.8553963,101.0646515,2572.6689,4,False
0,UAV_121,38.7920609,101.1016617,2580.0481,0,False
0,UAV_122,38.7886162,101.0371094,2570.0352,1,False
0,UAV_123,38.8828468,101.0681839,2572.0752,4,False
0,UAV_124,38.8685379,101.1205521,2580.2449,0,False
0,UAV_125,38.8238029,100.981636,2570.5913,2,False
0,UAV_126,38.7980385,101.0445099,2567.0579,1,False
0,UAV_127,38.922699,101.0125198,2575.7637,5,False
0,UAV_128,38.8493423,100.9817276,2572.3694,2,False
0,UAV_129,38.8844986,101.0663986,2571.3108,4,False
0,UAV_130,38.8075676,101.0061874,2570.1558,2,False
0,UAV_131,38.92696,101.0020218,2567.9539,2,False
0,UAV_132,38.9390221,100.9918442,2576.7261,5,False
0,UAV_133,38.8723564,101.0793533,2571.7666,4,False
0,UAV_134,38.7603836,101.0267868,2571.084,1,False
0,UAV_135,38.8079224,101.051506,2570.8181,1,False
0,UAV_136,38.8335686,101.0715561,2575.3774,0,False
0,UAV_137,38.829792,101.0063248,2567.5728,2,False
0,UAV_138,38.8210297,101.0731354,2570.8811,1,False
0,UAV_139,38.8474541,101.0489349,2580.7769,0,False
0,UAV_140,38.8594589,101.1104889,2570.6182,4,False
0,UAV_141,38.8088341,101.0333481,2571.4819,1,False
0,UAV_142,38.8946495,101.0701675,2568.7136,4,False
0,UAV_143,38.8393364,100.9770203,2570.803,2,False
0,UAV_144,38.8503113,101.0805969,2568.1206,4,False
0,UAV_145,38.8767509,101.1298676,2573.1985,4,False
0,UAV_146,38.9509163,100.9497147,2568.2698,2,False
0,UAV_147,38.9278641,100.9917068,2571.1182,5,False
0,UAV_148,38.8011894,100.9878006,2576.1292,3,False
0,UAV_149,38.8214607,101.0691299,2571.4338,1,False
0,UAV_150,38.7881851,101.1100922,2572.8352,1,False
0,UAV_151,38.877449,101.0990982,2573.5955,4,False
0,UAV_152,38.9159698,100.9474564,2570.9453,2,False
0,UAV_153,38.817234,101.0861435,2573.4285,1,False
0,UAV_154,38.8281708,101.0662766,2572.8435,1,False
0,UAV_155,38.8392754,100.9758453,2573.2136,3,False
0,UAV_156,38.8719559,101.0588074,2576.2717,0,False
0,UAV_157,38.7933578,101.1204147,2576.717,0,False
0,UAV_158,38.8299828,101.093277,2571.9319,1,False
0,UAV_159,38.8268356,101.0844269,2572.884,1,False
0,UAV_160,38.8642769,101.0450821,2568.9971,2,False
0,UAV_161,38.9501343,101.1228561,2573.8267,4,False
0,UAV_162,38.880291,101.0475159,2571.7048,4,False
0,UAV_163,38.7863045,101.0819321,2575.1399,1,False
0,UAV_164,38.7815552,101.0108643,2571.9209,1,False
0,UAV_165,38.8847275,100.9632339,2574.1223,5,False
0,UAV_166,38.9368553,101.0862045,2576.0593,5,False
0,UAV_167,38.8884125,101.0181427,2572.9277,5,False
0,UAV_168,38.7943954,101.0879211,2572.0146,1,False
0,UAV_169,38.9228516,101.0112381,2574.2625,5,False
0,UAV_170,38.7724304,101.1016159,2575.6609,1,False
0,UAV_171,38.8627014,101.047287,2569.7324,2,False
0,UAV_172,38.8365288,101.0601501,2567.823,2,False
0,UAV_173,38.7759933,100.9761734,2569.1318,2,False
0,UAV_174,38.8373413,101.0013123,2570.5886,2,False
0,UAV_175,38.8766556,101.0866165,2578.1333,0,False
0,UAV_176,38.787838,101.1157608,2574.2927,1,False
0,UAV_177,38.7986412,101.0880432,2570.231,1,False
0,UAV_178,38.879631,101.0476074,2576.7283,0,True
0,UAV_179,38.8690567,101.0245361,2577.198,5,False
0,UAV_180,38.867424,100.9886627,2572.3394,2,False
0,UAV_181,38.9286575,101.040802,2570.0442,4,False
0,UAV_182,38.8563805,101.0569153,2568.5242,2,False
0,UAV_183,38.8468399,100.990921,2570.6064,2,False
0,UAV_184,38.768364,101.0499954,2574.2505,1,False
0,UAV_185,38.920166,101.0558701,2566.6111,4,False
0,UAV_186,38.8535881,101.0421982,2575.9185,0,False
0,UAV_187,38.8581429,101.1104584,2573.8506,0,False
0,UAV_188,38.9126778,101.0081329,2576.25,5,False
0,UAV_189,38.8079109,100.9922333,2575.4031,3,False
0,UAV_190,38.9491997,100.9965057,2573.5544,5,False
0,UAV_191,38.8904877,100.966568,2575.1792,5,False
0,UAV_192,38.8155746,100.9717712,2577.5657,3,False
0,UAV_193,38.7859612,101.0049438,2571.7019,1,False
0,UAV_194,38.8997765,101.0468597,2571.7195,5,False
0,UAV_195,38.9272079,101.1146851,2567.9683,4,False
0,UAV_196,38.9291191,101.1353836,2572.3967,4,False
0,UAV_197,38.933445,101.026123,2575.1396,5,False
0,UAV_198,38.8059235,101.0315323,2572.9749,1,False
0,UAV_199,38.881794,101.035408,2571.3132,2,False
0,UAV_200,38.7834549,101.1101532,2573.9165,1,False
0,UAV_201,38.9106255,101.0421753,2572.5791,5,False
0,UAV_202,38.788105,101.0121918,2573.9167,3,False
0,UAV_203,38.8588905,101.0313034,2576.8535,0,False
0,UAV_204,38.8362274,101.0108948,2572.4722,3,False
0,UAV_205,38.7847633,101.1153259,2566.5139,1,False
0,UAV_206,38.9192581,101.0509949,2572.145,5,False
0,UAV_207,38.8412704,101.0389099,2573.8069,3,False
0,UAV_208,38.8458862,101.0884247,2572.3464,4,False
0,UAV_209,38.8380661,101.072731,2574.4561,0,False
0,UAV_210,38.9211998,101.0477905,2574.7712,5,False
0,UAV_211,38.8061142,100.9813232,2569.251,2,False
0,UAV_212,38.7857246,100.9793549,2567.1199,2,False
0,UAV_213,38.8225098,101.0552368,2573.624,1,False
0,UAV_214,38.8274803,101.0589371,2572.9192,1,False
0,UAV_215,38.8433037,101.0905762,2571.7637,4,False
0,UAV_216,38.8344383,101.0190353,2570.9783,2,False
0,UAV_217,38.9160156,101.1248474,2576.2881,0,False
0,UAV_218,38.8152466,100.9714966,2574.8037,3,True
0,UAV_219,38.7728119,101.0762024,2572.0225,1,False
0,UAV_220,38.8934593,101.0362015,2574.428,5,False
0,UAV_221,38.8723145,101.0331268,2573.6902,5,False
0,UAV_222,38.8445473,101.0398331,2578.2092,0,False
0,UAV_223,38.8674698,101.094986,2574.3887,0,False
0,UAV_224,38.7905045,101.0086594,2570.125,1,False
0,UAV_225,38.805912,101.1093979,2574.8318,0,False
0,UAV_226,38.8082123,100.9872131,2572.4185,3,False
0,UAV_227,38.8501472,101.1105957,2573.0835,4,False
0,UAV_228,38.793457,101.0513,2580.1104,0,False
0,UAV_229,38.906292,100.9950027,2577.6792,5,False
0,UAV_230,38.837368,101.0924225,2575.4619,0,False
0,UAV_231,38.8108559,101.0274811,2574.7009,3,False
0,UAV_232,38.7747421,100.9890518,2573.7053,3,False
0,UAV_233,38.7737389,100.9983215,2577.135,3,False
0,UAV_234,38.8641052,100.9877701,2575.4548,3,False
0,UAV_235,38.7583656,101.0207062,2571.8428,1,False
0,UAV_236,38.84375,101.0264587,2572.8362,3,False
0,UAV_237,38.861702,101.1298447,2574.8074,0,False
0,UAV_238,38.9057388,101.1140213,2570.2134,4,False
0,UAV_239,38.8121643,101.0855103,2571.8828,1,False
0,UAV_240,38.8656273,101.0283203,2569.8003,2,False
0,UAV_241,38.8546448,101.0122833,2567.9377,2,False
0,UAV_242,38.7866287,101.0179443,2571.6023,1,False
0,UAV_243,38.8243561,100.9990463,2570.7888,2,False
0,UAV_244,38.7842827,101.1111221,2570.9648,1,False
0,UAV_245,38.9351158,100.9796753,2572.9419,5,False
0,UAV_246,38.9339485,101.003891,2577.9722,5,False
0,UAV_247,38.9095078,101.0630264,2574.4402,5,False
0,UAV_248,38.8046875,101.1008377,2574.5098,1,False
0,UAV_249,38.8718224,100.9635315,2569.6335,2,False
0,UAV_250,38.9534035,101.0436096,2572.8613,5,False
0,UAV_251,38.8363686,100.993576,2574.3379,3,False
0,UAV_252,38.8050995,101.1258011,2575.4792,0,False
0,UAV_253,38.8332825,101.1429291,2571.2913,4,False
0,UAV_254,38.8810158,101.0587997,2577.4502,0,False
0,UAV_255,38.889183,101.0469131,2574.4231,5,False
0,UAV_256,38.8992386,101.1190948,2572.9001,4,False
0,UAV_257,38.8625984,101.0715256,2576.3699,0,False
0,UAV_258,38.929966,101.1212387,2577.5359,0,False
0,UAV_259,38.7841301,101.1438522,2578.9185,0,False
0,UAV_260,38.8256264,101.0621109,2573.4534,1,False
0,UAV_261,38.8403893,101.0794067,2572.147,1,False
0,UAV_262,38.9046669,101.0679321,2576.5938,0,False
0,UAV_263,38.7948608,101.1298523,2576.8494,0,False
0,UAV_264,38.9135475,101.0612106,2573.5471,5,False
0,UAV_265,38.8396645,101.0180283,2578.5461,3,False
0,UAV_266,38.8884811,101.1028061,2573.9712,4,False
0,UAV_267,38.8812447,101.0981369,2573.2429,4,False
0,UAV_268,38.9251518,100.9674454,2565.8428,2,False
0,UAV_269,38.9381142,101.0236435,2568.9526,2,False
0,UAV_270,38.8086052,101.0268631,2572.3574,1,False
0,UAV_271,38.8661575,100.9975739,2575.2537,3,False
0,UAV_272,38.7974739,100.9744415,2571.0105,3,False
0,UAV_273,38.8378372,101.0349808,2568.8491,2,False
0,UAV_274,38.8599091,101.0138855,2573.895,5,False
0,UAV_275,38.9350929,100.9664612,2566.7478,2,False
0,UAV_276,38.7692146,101.0396805,2574.5376,1,False
0,UAV_277,38.7984238,101.0057907,2567.8945,2,False
0,UAV_278,38.7896347,101.1090469,2568.7205,1,False
0,UAV_279,38.9288597,101.0837097,2571.3909,4,False
0,UAV_280,38.8667564,100.9787369,2573.1016,3,False
0,UAV_281,38.9181747,101.0587234,2577.3154,5,False
0,UAV_282,38.8367462,101.1073151,2566.7644,4,False
0,UAV_283,38.9179344,101.0873108,2571.373,4,False
0,UAV_284,38.8795586,100.9914932,2574.4614,5,False
0,UAV_285,38.8599777,101.0760727,2574.0603,0,False
0,UAV_286,38.8306808,100.9507904,2576.0225,3,False
0,UAV_287,38.8568535,101.1168289,2571.2981,4,True
0,UAV_288,38.9100609,101.0856323,2572.3042,4,False
0,UAV_289,38.8568459,101.1134033,2571.1709,4,False
0,UAV_290,38.7419205,100.9590607,2579.6169,3,False
0,UAV_291,38.8137093,101.0936661,2576.0356,0,False
0,UAV_292,38.8705292,100.9915619,2572.2783,2,False
0,UAV_293,38.8543205,101.0691605,2573.1597,4,False
0,UAV_294,38.8324013,101.1272049,2578.1487,0,False
0,UAV_295,38.902832,101.063446,2573.6736,5,False
0,UAV_296,38.8380165,101.108223,2571.8433,4,False
0,UAV_297,38.7807426,101.0406036,2572.8323,1,False
0,UAV_298,38.8665848,101.1230011,2575.3535,0,False
0,UAV_299,38.7931862,101.0491562,2569.3066,1,False
0,UAV_300,38.8250351,100.9625778,2573.5942,3,False
0,UAV_301,38.8016472,101.0773697,2570.0911,1,False
0,UAV_302,38.819191,101.1422958,2576.1909,0,False
0,UAV_303,38.8894043,101.1199493,2576.4756,0,False
0,UAV_304,38.92313,101.0471115,2574.1367,5,True
0,UAV_305,38.8641396,100.9723511,2575.751,3,False
0,UAV_306,38.8285751,101.0108566,2571.6802,2,False
0,UAV_307,38.7790451,100.9681396,2575.4084,3,False
0,UAV_308,38.8990402,101.111908,2578.075,0,False
0,UAV_309,38.9349556,101.0609818,2566.9612,4,False
0,UAV_310,38.8667603,100.9897461,2570.8591,2,False
0,UAV_311,38.7869301,101.0556946,2573.1033,1,False
0,UAV_312,38.9182777,101.0565567,2571.4482,4,False
0,UAV_313,38.8630257,101.0155792,2566.0,2,False
0,UAV_314,38.9171333,100.9484329,2573.6121,5,False
0,UAV_315,38.8274574,100.9534149,2574.1411,3,False
0,UAV_316,38.894558,101.0372925,2570.0398,2,False
0,UAV_317,38.8954048,101.0388641,2566.8101,2,False
0,UAV_318,38.8192215,101.0687637,2570.7529,1,False
0,UAV_319,38.8745193,101.0138702,2573.259,5,False
0,UAV_320,38.8281059,101.0377197,2573.3167,1,False
0,UAV_321,38.9321022,101.0481491,2571.3364,5,False
0,UAV_322,38.8165131,101.1267319,2572.7583,1,False
0,UAV_323,38.7507019,101.0814667,2572.1538,1,False
0,UAV_324,38.8657303,101.0339966,2571.9458,2,False
0,UAV_325,38.7998734,101.1141815,2571.9387,1,False
0,UAV_326,38.8713799,101.1243362,2578.812,0,False
0,UAV_327,38.9034157,100.9885101,2571.8037,5,False
0,UAV_328,38.7522659,100.9946289,2574.366,3,False
0,UAV_329,38.8030624,101.059845,2571.3088,1,False
0,UAV_330,38.9297638,101.000145,2572.2212,5,False
0,UAV_331,38.9148865,101.1359863,2571.2952,4,False
0,UAV_332,38.887085,101.0430756,2573.7539,5,False
0,UAV_333,38.9366837,100.9938812,2573.8662,5,False
0,UAV_334,38.8558464,101.0382843,2574.9746,5,False
0,UAV_335,38.753952,101.0606766,2567.5608,1,False
0,UAV_336,38.8164101,100.9981842,2577.0076,3,False
0,UAV_337,38.883419,101.0314255,2572.074,5,False
0,UAV_338,38.8157959,101.0324326,2569.5835,1,False
0,UAV_339,38.8000259,101.1042633,2570.9983,1,False
0,UAV_340,38.8426476,101.0184479,2567.1067,2,False
0,UAV_341,38.8546562,101.0125351,2574.8577,3,False
0,UAV_342,38.9333305,101.1051331,2570.2917,4,False
0,UAV_343,38.8387604,101.0627747,2570.2041,1,False
0,UAV_344,38.9271126,101.1241684,2575.3022,0,False
0,UAV_345,38.8275414,101.0193558,2573.2019,3,False
0,UAV_346,38.8987083,101.0528412,2574.6636,5,False
0,UAV_347,38.8359985,101.0561371,2570.7043,1,False
0,UAV_348,38.8144302,101.0512238,2571.5999,1,True
0,UAV_349,38.9008064,100.9520493,2572.8936,5,False
0,UAV_350,38.8501205,101.1101379,2581.2019,0,False
0,UAV_351,38.9299622,101.1288605,2576.9038,0,False
0,UAV_352,38.8159943,101.0144806,2570.9309,2,False
0,UAV_353,38.8210297,100.970932,2569.2251,2,False
0,UAV_354,38.8023262,100.9810028,2572.4028,3,False
0,UAV_355,38.8891106,101.0181885,2569.2512,2,False
0,UAV_356,38.8224182,101.0460968,2571.928,1,False
0,UAV_357,38.7781143,100.9661865,2570.8801,3,False
0,UAV_358,38.8322029,101.0530624,2569.9502,1,False
0,UAV_359,38.8099709,100.9777985,2571.5474,3,False
0,UAV_360,38.8027,101.1000366,2574.5815,1,False
0,UAV_361,38.9098129,101.0888367,2571.4939,4,False
0,UAV_362,38.8398514,101.092926,2574.0112,0,False
0,UAV_363,38.8627281,101.123764,2575.7361,0,False
0,UAV_364,38.854229,101.0796204,2576.179,0,False
0,UAV_365,38.8283882,101.0379868,2579.2041,0,False
0,UAV_366,38.805378,101.1074982,2575.3433,0,False
0,UAV_367,38.9109764,101.0081253,2573.0398,5,False
0,UAV_368,38.8588142,101.0440063,2576.5364,0,False
0,UAV_369,38.9030418,101.0963821,2573.1536,4,False
0,UAV_370,38.8541946,101.0233307,2576.8232,3,False
0,UAV_371,38.8769188,101.0312347,2573.9229,5,False
0,UAV_372,38.8762245,101.032753,2572.186,5,False
0,UAV_373,38.8851242,101.1627884,2573.3735,4,False
0,UAV_374,38.798687,101.0524521,2573.2517,1,False
0,UAV_375,38.8077888,101.0393677,2569.708,1,False
0,UAV_376,38.7946968,101.0143967,2574.0261,3,False
0,UAV_377,38.8879013,101.0746231,2578.0176,0,False
0,UAV_378,38.8995819,101.0826874,2564.6011,4,False
0,UAV_379,38.8201218,100.9907532,2573.0085,3,False
0,UAV_380,38.8151932,100.9975662,2571.9043,3,False
0,UAV_381,38.9073334,100.9861908,2577.6084,5,False
0,UAV_382,38.8982697,100.9329224,2570.3533,2,False
0,UAV_383,38.921505,101.015976,2580.5894,5,False
0,UAV_384,38.8893547,100.9926682,2569.6335,2,True
0,UAV_385,38.8233299,101.0946655,2571.8733,1,False
0,UAV_386,38.8478355,101.0847321,2568.627,4,False
0,UAV_387,38.881588,101.0795212,2573.907,4,False
0,UAV_388,38.806469,101.0850525,2570.741,1,False
0,UAV_389,38.8000717,101.0838623,2574.8093,1,False
0,UAV_390,38.8131065,101.0074615,2570.8726,2,False
0,UAV_391,38.7739182,101.0713806,2572.5305,1,False
0,UAV_392,38.8029747,101.060257,2570.3823,1,False
0,UAV_393,38.9077568,100.9909058,2568.0012,2,False
0,UAV_394,38.9401054,101.0629044,2575.6807,5,False
0,UAV_395,38.8787193,101.0033417,2570.9426,2,False
0,UAV_396,38.94907,101.0328293,2573.6438,5,False
0,UAV_397,38.8342209,101.0214539,2572.3511,3,False
0,UAV_398,38.9062729,101.0849762,2575.8684,0,False
0,UAV_399,38.8754539,101.1094971,2571.4756,4,False
0,UAV_400,38.8563576,101.027504,2572.3894,2,False
0,UAV_401,38.9339409,101.0271072,2573.4099,5,False
0,UAV_402,38.9012108,101.0539703,2574.1216,5,False
0,UAV_403,38.8592377,101.0960312,2569.0261,4,False
0,UAV_404,38.9066696,101.021019,2572.0298,5,False
0,UAV_405,38.904274,101.0205612,2568.1558,2,False
0,UAV_406,38.8627777,101.0446701,2574.6677,5,False
0,UAV_407,38.8571014,101.0274887,2574.0598,5,False
0,UAV_408,38.8001328,101.0635529,2573.9998,1,False
0,UAV_409,38.8793335,101.016922,2577.5635,5,False
0,UAV_410,38.781147,101.0464325,2573.3633,1,False
0,UAV_411,38.8816681,101.049469,2574.2681,5,False
0,UAV_412,38.8286591,100.95961,2573.7151,3,False
0,UAV_413,38.8179436,101.1001816,2577.9758,0,False
0,UAV_414,38.7929726,101.0028076,2570.6809,1,False
0,UAV_415,38.8333855,100.9685898,2571.6458,2,False
0,UAV_416,38.8913727,101.0182419,2572.8557,5,False
0,UAV_417,38.9082222,101.1209106,2577.8105,0,False
0,UAV_418,38.8880463,100.9992371,2573.0811,5,False
0,UAV_419,38.8285904,100.9493256,2572.5569,3,False
0,UAV_420,38.8218117,100.9899368,2571.9578,3,False
0,UAV_421,38.7874527,101.0544128,2567.9651,1,False
0,UAV_422,38.8556709,101.0109024,2573.1655,3,False
0,UAV_423,38.8563118,101.0966644,2570.5247,4,False
0,UAV_424,38.8048363,100.9509735,2575.2292,3,False
0,UAV_425,38.8875847,101.0531998,2575.1545,5,False
0,UAV_426,38.8533554,101.0708389,2575.0784,0,False
0,UAV_427,38.8375893,101.0319595,2575.4551,3,False
0,UAV_428,38.8204002,100.9873886,2566.5579,2,False
0,UAV_429,38.8494644,100.9645462,2573.9482,3,False
0,UAV_430,38.7898521,101.0590973,2573.1746,1,False
0,UAV_431,38.837944,101.022789,2571.8286,2,False
0,UAV_432,38.9226685,101.0824509,2576.9939,0,False
0,UAV_433,38.9480858,101.0005264,2570.5964,5,False
0,UAV_434,38.8294029,101.0094986,2571.0073,2,False
0,UAV_435,38.8398552,101.0013733,2575.2407,3,False
0,UAV_436,38.8342133,100.9780655,2569.5029,2,False
0,UAV_437,38.9048233,101.1084518,2574.1006,4,False
0,UAV_438,38.9013901,101.0061035,2579.1562,5,False
0,UAV_439,38.9662437,101.0301208,2575.5286,5,False
0,UAV_440,38.8996506,101.0050125,2574.8494,5,False
0,UAV_441,38.8112679,100.9506989,2575.4102,3,False
0,UAV_442,38.8937912,101.0226593,2573.1333,5,False
0,UAV_443,38.9357872,101.1526489,2571.9155,4,False
0,UAV_444,38.8453674,100.9834061,2569.8782,2,False
0,UAV_445,38.8548088,101.0250473,2575.3557,3,False
0,UAV_446,38.8810349,101.10112,2571.0042,4,False
0,UAV_447,38.9083519,101.092926,2571.4004,4,False
0,UAV_448,38.79245,101.0444565,2572.1807,1,False
0,UAV_449,38.8074455,101.0638809,2572.2893,1,False
0,UAV_450,38.847599,101.1081238,2574.9832,0,False
0,UAV_451,38.7562027,101.0113449,2569.9238,1,False
0,UAV_452,38.8768272,101.0851974,2574.7427,0,False
0,UAV_453,38.8994789,101.0425186,2572.5562,5,False
0,UAV_454,38.8619423,101.0858994,2573.4497,4,False
0,UAV_455,38.8613625,100.9784241,2575.5059,3,False
0,UAV_456,38.8063354,101.0391159,2577.6562,3,False
0,UAV_457,38.8369408,101.0480347,2568.7988,2,False
0,UAV_458,38.8889503,101.0719299,2576.2087,0,False
0,UAV_459,38.901535,100.9999313,2578.6562,5,False
0,UAV_460,38.8049164,101.0870972,2572.897,1,False
0,UAV_461,38.8847771,100.9791718,2569.7026,2,False
0,UAV_462,38.8737869,101.093483,2575.4888,0,False
0,UAV_463,38.7933502,100.9827118,2568.1382,2,False
0,UAV_464,38.8327713,100.9510193,2574.0112,3,False
0,UAV_465,38.8630753,100.992485,2570.2302,2,False
0,UAV_466,38.8953476,101.1379929,2568.427,4,False
0,UAV_467,38.8673325,100.98172,2576.8184,3,False
0,UAV_468,38.7462959,101.0502472,2573.1626,1,False
0,UAV_469,38.8439713,101.0583038,2578.2119,0,False
0,UAV_470,38.8459587,101.0629807,2577.4038,0,False
0,UAV_471,38.7954941,100.9865417,2577.7808,3,False
0,UAV_472,38.8628426,101.0884705,2573.3694,4,False
0,UAV_473,38.781601,101.0739059,2572.2761,1,False
0,UAV_474,38.7946739,100.9470596,2573.9919,3,False
0,UAV_475,38.9098434,101.0302353,2571.6333,5,False
0,UAV_476,38.9563866,101.080574,2570.4353,4,False
0,UAV_477,38.8552666,101.0048294,2570.5005,2,False
0,UAV_478,38.9058151,100.9854431,2572.2754,5,False
0,UAV_479,38.8697701,101.1032333,2568.7795,4,False
0,UAV_480,38.7674065,101.0425034,2569.0176,1,False
0,UAV_481,38.8220558,100.9743881,2570.5649,2,False
0,UAV_482,38.8189316,101.0778656,2565.9663,1,False
0,UAV_483,38.900486,101.1092529,2571.3828,4,False
0,UAV_484,38.8470306,101.0543594,2575.3159,0,False
0,UAV_485,38.8153648,101.0407181,2574.0374,1,False
0,UAV_486,38.8877563,101.0323639,2571.0112,2,False
0,UAV_487,38.9329834,101.0066605,2572.0193,5,False
0,UAV_488,38.8383675,100.9817276,2574.2444,3,False
0,UAV_489,38.8175125,101.0422821,2572.0669,1,False
0,UAV_490,38.8231468,100.9701233,2573.5676,3,False
0,UAV_491,38.9430923,101.0278168,2571.5383,5,False
0,UAV_492,38.8669281,101.0439835,2571.7534,2,False
0,UAV_493,38.8543129,101.0016174,2575.085,3,False
0,UAV_494,38.8110275,100.9922943,2570.3882,2,False
0,UAV_495,38.872345,101.0057755,2566.1082,2,False
0,UAV_496,38.8492355,101.0936508,2571.4966,4,False
0,UAV_497,38.8490486,101.0264282,2571.3796,2,False
0,UAV_498,38.8145866,101.0515289,2570.323,1,False
0,UAV_499,38.9098015,100.9649887,2569.4438,2,False
0,UAV_500,38.8185539,101.049263,2574.3755,1,False
1,UAV_001,38.8308144,101.1003647,2575.7266,2,False
1,UAV_002,38.8860741,101.0284576,2574.3076,4,False
1,UAV_003,38.8884659,101.0958405,2572.1973,0,False
1,UAV_004,38.8069763,100.9907837,2574.302,1,False
1,UAV_005,38.8154488,101.1005325,2574.8701,2,False
1,UAV_006,38.8127747,101.0791321,2575.8171,2,False
1,UAV_007,38.8820229,101.1104355,2573.4922,0,False
1,UAV_008,38.9072227,101.0742416,2573.3586,0,False
1,UAV_009,38.9186554,101.1053543,2568.7603,0,False
1,UAV_010,38.8610916,101.0013428,2572.926,4,False
1,UAV_011,38.8786545,101.037056,2572.4507,4,False
1,UAV_012,38.79673,101.017662,2572.0015,1,False
1,UAV_013,38.8645439,101.0510864,2573.4832,0,False
1,UAV_014,38.8667488,100.965332,2573.4121,4,False
1,UAV_015,38.8792953,100.9933167,2572.02,4,False
1,UAV_016,38.9522018,100.9832306,2577.0291,4,False
1,UAV_017,38.8649559,101.0456772,2573.4873,4,False
1,UAV_018,38.8345337,101.0170822,2570.2339,3,False
1,UAV_019,38.8720474,100.9805679,2573.6987,4,False
1,UAV_020,38.799263,101.046402,2566.6768,3,False
1,UAV_021,38.8515739,101.1505966,2573.0061,0,False
1,UAV_022,38.8965073,100.9527359,2573.2156,4,False
1,UAV_023,38.87286,100.966362,2572.6782,4,False
1,UAV_024,38.8811646,101.0138168,2577.3147,5,False
1,UAV_025,38.9085808,101.0108414,2571.729,4,False
1,UAV_026,38.8572235,101.0764999,2568.8354,3,False
1,UAV_027,38.8824959,101.0817642,2574.3481,0,False
1,UAV_028,38.9175339,101.1385422,2572.9441,0,False
1,UAV_029,38.856575,101.0227051,2569.8206,3,False
1,UAV_030,38.869873,101.01474,2575.3855,5,False
1,UAV_031,38.8707161,101.0158386,2571.9011,4,False
1,UAV_032,38.8512764,101.1201706,2575.1748,0,False
1,UAV_033,38.8854637,101.0784225,2572.3567,0,False
1,UAV_034,38.9155273,101.0357513,2573.1484,4,False
1,UAV_035,38.832901,101.0299377,2567.4983,3,False
1,UAV_036,38.8712311,100.9329758,2567.1965,3,False
1,UAV_037,38.8963242,100.9788513,2575.5161,4,False
1,UAV_038,38.9187355,101.0095901,2572.8037,4,False
1,UAV_039,38.9301262,100.9925461,2571.6855,4,False
1,UAV_040,38.8770294,101.0304337,2576.9077,5,False
1,UAV_041,38.8745575,101.0141144,2571.7385,4,False
1,UAV_042,38.860218,101.1044846,2568.5688,3,False
1,UAV_043,38.875,101.1195526,2571.2212,0,False
1,UAV_044,38.7575302,101.0637207,2571.5471,2,False
1,UAV_045,38.9396629,101.0551376,2574.8047,4,False
1,UAV_046,38.762558,100.9859314,2571.3525,1,False
1,UAV_047,38.8990364,100.9958267,2573.2781,4,False
1,UAV_048,38.9383316,101.033699,2573.7407,4,False
1,UAV_049,38.800518,101.0263672,2570.5481,3,False
1,UAV_050,38.8911934,101.0359268,2571.4468,4,False
1,UAV_051,38.8646736,101.0262833,2579.1299,5,False
1,UAV_052,38.7954559,101.0529251,2569.9248,3,False
1,UAV_053,38.8989677,101.0618896,2564.9578,3,False
1,UAV_054,38.8268929,101.0626984,2574.8181,2,False
1,UAV_055,38.7896156,101.0895844,2576.55,2,False
1,UAV_056,38.8354836,101.015274,2568.4658,3,False
1,UAV_057,38.8127403,101.1005249,2567.3123,3,False
1,UAV_058,38.8271942,101.03022,2577.4314,5,False
1,UAV_059,38.8200607,101.024559,2569.5798,3,False
1,UAV_060,38.8063431,101.0555954,2573.5747,2,False
1,UAV_061,38.7881851,101.0770416,2569.5068,2,False
1,UAV_062,38.8806419,101.0347366,2567.7832,3,False
1,UAV_063,38.8686028,100.9636765,2572.0095,4,False
1,UAV_064,38.8788223,101.130043,2576.6003,0,False
1,UAV_065,38.9558067,101.0173035,2569.7292,4,False
1,UAV_066,38.9112549,101.1382828,2575.5378,0,False
1,UAV_067,38.8748131,101.0016022,2571.864,4,False
1,UAV_068,38.9251366,101.0395813,2570.1287,4,False
1,UAV_069,38.9126892,101.0554428,2572.2805,4,False
1,UAV_070,38.8036766,101.0142593,2577.79,5,False
1,UAV_071,38.8343201,101.1251831,2574.875,2,False
1,UAV_072,38.8327293,101.0335464,2568.0474,3,False
1,UAV_073,38.8406372,101.0056458,2571.8318,1,False
1,UAV_074,38.8269882,101.0100784,2569.321,3,False
1,UAV_075,38.8150253,100.9823837,2571.6545,1,False
1,UAV_076,38.9032516,100.9829102,2573.9404,4,False
1,UAV_077,38.7860146,101.0502472,2569.7422,2,False
1,UAV_078,38.9093285,101.0116806,2568.0361,3,False
1,UAV_079,38.9171715,101.0421371,2576.5969,5,False
1,UAV_080,38.9477386,101.1146393,2575.8662,0,False
1,UAV_081,38.8092728,100.9749603,2575.5505,1,False
1,UAV_082,38.8168144,101.0766983,2568.7834,3,False
1,UAV_083,38.7384453,101.0426788,2573.7415,2,False
1,UAV_084,38.8349304,101.0624084,2570.6709,3,False
1,UAV_085,38.9351921,101.0328827,2573.8604,4,False
1,UAV_086,38.865715,101.0856018,2569.521,3,False
1,UAV_087,38.861866,101.1154709,2569.0349,0,False
1,UAV_088,38.8344269,100.9603729,2572.7029,1,False
1,UAV_089,38.8731155,101.0642624,2573.6899,0,False
1,UAV_090,38.8759537,101.0179672,2572.6094,4,False
1,UAV_091,38.832901,101.027359,2569.7988,3,False
1,UAV_092,38.8262062,100.9956512,2575.3599,1,False
1,UAV_093,38.9471626,101.0042572,2574.7153,4,False
1,UAV_094,38.8138199,101.0465622,2576.2048,5,False
1,UAV_095,38.8543434,101.1041946,2571.2925,0,False
1,UAV_096,38.8689766,101.0715866,2569.0281,3,False
1,UAV_097,38.7406578,100.9339905,2567.2878,1,False
1,UAV_098,38.8146973,101.1103592,2572.3208,2,False
1,UAV_099,38.8838196,101.0276947,2576.9609,5,False
1,UAV_100,38.9252701,101.125679,2577.2427,0,False
1,UAV_101,38.9120712,100.9805374,2574.1362,4,False
1,UAV_102,38.819294,101.0727997,2567.9307,3,False
1,UAV_103,38.8185539,100.9439697,2576.7466,1,False
1,UAV_104,38.8015671,101.0150299,2576.855,1,False
1,UAV_105,38.8807297,101.0185776,2571.7744,4,False
1,UAV_106,38.8897743,101.016037,2570.5908,4,False
1,UAV_107,38.781498,101.0732803,2572.4651,2,False
1,UAV_108,38.9360466,100.9932327,2575.2073,4,False
1,UAV_109,38.9156342,101.0368347,2572.9841,4,True
1,UAV_110,38.8292084,101.1079941,2574.311,2,False
1,UAV_111,38.8016472,101.0328293,2578.0159,5,False
1,UAV_112,38.8106537,100.9591599,2575.8535,1,False
1,UAV_113,38.7647514,100.9803009,2573.9546,1,False
1,UAV_114,38.9090843,101.025528,2568.72,3,False
1,UAV_115,38.8788261,101.038269,2578.5515,5,False
1,UAV_116,38.8442383,101.0399628,2577.4158,5,True
1,UAV_117,38.8860931,100.9738083,2573.7893,4,False
1,UAV_118,38.7766266,101.0089874,2576.8018,1,False
1,UAV_119,38.8346596,101.1041718,2569.2173,3,False
1,UAV_120,38.8554382,101.0648499,2578.7263,5,False
1,UAV_121,38.7918739,101.1020889,2580.3164,5,False
1,UAV_122,38.7887993,101.0369644,2574.259,2,False
1,UAV_123,38.8835526,101.0659027,2570.958,0,False
1,UAV_124,38.8688507,101.1207352,2575.2397,0,False
1,UAV_125,38.8244286,100.9814377,2573.6355,1,False
1,UAV_126,38.7978287,101.0435104,2570.7249,2,False
1,UAV_127,38.9222755,101.0129013,2573.0388,4,False
1,UAV_128,38.8497238,100.9811325,2572.376,1,False
1,UAV_129,38.8824959,101.0608749,2572.5969,0,False
1,UAV_130,38.8065071,101.0058823,2571.9092,1,False
1,UAV_131,38.9255562,101.0010757,2569.5781,4,False
1,UAV_132,38.9405518,100.9510345,2571.2178,4,False
1,UAV_133,38.8719444,101.077774,2566.1304,3,False
1,UAV_134,38.7596474,101.0260925,2567.864,3,False
1,UAV_135,38.8075218,101.0505295,2566.8674,3,False
1,UAV_136,38.8341255,101.0703278,2571.7229,2,False
1,UAV_137,38.8299713,101.0055237,2568.8665,3,False
1,UAV_138,38.8205643,101.0726166,2567.207,3,False
1,UAV_139,38.845726,101.0490265,2570.623,3,False
1,UAV_140,38.8587418,101.1090927,2568.978,0,False
1,UAV_141,38.8097878,101.0316925,2574.3518,1,False
1,UAV_142,38.8924751,101.0698853,2569.9558,0,False
1,UAV_143,38.8390541,100.9736938,2571.1235,1,False
1,UAV_144,38.8500519,101.0805893,2569.8208,3,False
1,UAV_145,38.8761101,101.1288223,2568.2856,0,False
1,UAV_146,38.9408264,100.940773,2574.2839,4,False
1,UAV_147,38.9276581,100.9921417,2576.8333,4,False
1,UAV_148,38.8016663,100.9877243,2574.665,1,False
1,UAV_149,38.8236084,101.0690765,2572.4622,2,False
1,UAV_150,38.7881012,101.1098862,2571.677,2,False
1,UAV_151,38.8593674,101.10215,2570.5581,0,False
1,UAV_152,38.9230118,100.9470444,2572.0698,4,False
1,UAV_153,38.8268852,101.087265,2574.7661,2,False
1,UAV_154,38.8181763,101.0662766,2573.4285,2,False
1,UAV_155,38.8402901,100.9804077,2572.6833,1,False
1,UAV_156,38.8784714,101.0605164,2576.6492,5,False
1,UAV_157,38.7937126,101.1200867,2571.1672,2,False
1,UAV_158,38.8313408,101.0936356,2572.9631,2,False
1,UAV_159,38.827446,101.0841217,2570.2786,2,False
1,UAV_160,38.8603401,101.0441055,2568.9614,3,False
1,UAV_161,38.950779,101.1204681,2569.9431,0,False
1,UAV_162,38.8814163,101.0459366,2570.533,3,False
1,UAV_163,38.7828903,101.0822449,2576.0144,2,False
1,UAV_164,38.7807007,101.0099258,2570.9707,1,False
1,UAV_165,38.8887444,100.9663162,2572.6746,4,False
1,UAV_166,38.9338379,101.0862885,2577.9248,5,False
1,UAV_167,38.889801,101.0180283,2574.1614,4,False
1,UAV_168,38.7958794,101.0877762,2576.1809,2,False
1,UAV_169,38.919548,101.0115128,2574.4963,4,False
1,UAV_170,38.7738647,101.0950394,2570.24,2,False
1,UAV_171,38.8627892,101.0471878,2570.3386,3,False
1,UAV_172,38.8352966,101.0599442,2571.8665,2,False
1,UAV_173,38.7760925,100.9757843,2569.6975,1,False
1,UAV_174,38.8374939,101.0015869,2574.0225,1,False
1,UAV_175,38.8760643,101.087471,2573.1167,0,False
1,UAV_176,38.7875481,101.1160049,2574.0908,2,False
1,UAV_177,38.7986412,101.0882187,2574.5483,2,False
1,UAV_178,38.8807678,101.046257,2567.9482,3,False
1,UAV_179,38.8668365,101.0253906,2574.467,4,False
1,UAV_180,38.8670845,100.9890518,2572.7888,4,False
1,UAV_181,38.9294319,101.0386581,2566.2874,3,False
1,UAV_182,38.8565407,101.0567627,2570.6721,3,False
1,UAV_183,38.8480301,100.9899216,2575.8516,1,False
1,UAV_184,38.7644806,101.0490417,2571.1934,2,False
1,UAV_185,38.9188194,101.054512,2573.8225,4,False
1,UAV_186,38.8549423,101.0422211,2577.0776,5,False
1,UAV_187,38.8572617,101.1099701,2571.728,0,False
1,UAV_188,38.9126816,101.0079041,2569.7466,4,False
1,UAV_189,38.8067474,100.9929657,2574.5317,1,False
1,UAV_190,38.9487495,100.9931717,2576.5239,4,False
1,UAV_191,38.8906441,100.9661789,2572.3069,4,False
1,UAV_192,38.8235703,100.9785843,2574.6555,1,False
1,UAV_193,38.7892189,101.0085297,2574.7727,1,False
1,UAV_194,38.9017334,101.0466232,2573.5347,4,False
1,UAV_195,38.8902817,101.0837173,2570.4832,0,False
1,UAV_196,38.9386635,101.0591812,2571.5022,4,False
1,UAV_197,38.9332237,101.0264511,2570.5076,4,False
1,UAV_198,38.8060684,101.0316391,2576.7742,5,False
1,UAV_199,38.8814888,101.0358734,2575.6699,5,False
1,UAV_200,38.782856,101.1091766,2570.5564,2,False
1,UAV_201,38.9154167,101.0450287,2574.7366,4,False
1,UAV_202,38.8217163,101.012146,2570.2866,3,False
1,UAV_203,38.8578339,101.0318298,2572.6663,4,False
1,UAV_204,38.8406563,101.0097198,2570.4929,3,False
1,UAV_205,38.7846298,101.1151199,2571.9495,2,False
1,UAV_206,38.9181175,101.0510864,2577.1118,5,False
1,UAV_207,38.8410645,101.0391922,2576.5662,5,False
1,UAV_208,38.8460236,101.0879135,2565.9236,3,False
1,UAV_209,38.8270988,101.0990982,2573.3906,2,False
1,UAV_210,38.9205093,101.0475006,2575.4871,4,False
1,UAV_211,38.7858238,100.9403229,2573.197,1,False
1,UAV_212,38.7830009,100.978508,2577.4189,1,False
1,UAV_213,38.8135338,101.059082,2576.3181,5,False
1,UAV_214,38.8272667,101.0589676,2574.26,2,False
1,UAV_215,38.8386803,101.0905838,2576.9983,5,False
1,UAV_216,38.8310051,101.0188446,2578.4712,5,False
1,UAV_217,38.8857498,101.1521454,2571.8513,0,False
1,UAV_218,38.822403,100.9711609,2573.2622,1,False
1,UAV_219,38.7728615,101.0763474,2571.6646,2,False
1,UAV_220,38.893322,101.0363388,2573.9971,4,False
1,UAV_221,38.8723602,101.0334625,2572.4541,4,False
1,UAV_222,38.8433647,101.0414658,2576.5059,5,False
1,UAV_223,38.8657455,101.0946655,2569.5203,0,False
1,UAV_224,38.7868729,101.0052414,2570.7739,1,False
1,UAV_225,38.7961769,101.1301575,2570.0212,2,False
1,UAV_226,38.8085136,100.9853134,2572.9109,1,False
1,UAV_227,38.8501244,101.1108475,2571.0208,0,False
1,UAV_228,38.7888184,101.0512848,2575.7524,2,False
1,UAV_229,38.9134026,100.9948807,2578.3933,5,False
1,UAV_230,38.845665,101.0923691,2575.7451,5,False
1,UAV_231,38.8164711,101.0227585,2569.4492,3,False
1,UAV_232,38.771965,100.9879227,2570.8379,1,False
1,UAV_233,38.7731781,100.998436,2576.2375,1,False
1,UAV_234,38.8667297,100.987854,2573.5303,4,False
1,UAV_235,38.7587662,101.0177078,2569.592,1,False
1,UAV_236,38.8407135,101.0229645,2564.4031,3,False
1,UAV_237,38.8482399,101.127037,2574.7749,0,False
1,UAV_238,38.9066353,101.1121216,2571.9041,0,False
1,UAV_239,38.8128967,101.0839539,2567.9832,3,False
1,UAV_240,38.8644485,101.0277939,2572.7314,4,False
1,UAV_241,38.8556786,101.0108414,2572.4009,4,False
1,UAV_242,38.7865143,101.0178146,2571.0854,1,False
1,UAV_243,38.8242722,100.9988098,2570.1272,3,False
1,UAV_244,38.7840729,101.1098862,2570.835,2,False
1,UAV_245,38.9360924,100.9840546,2572.3796,4,False
1,UAV_246,38.9305458,101.003952,2574.949,4,False
1,UAV_247,38.9107971,101.062973,2571.707,0,False
1,UAV_248,38.8177986,101.0977249,2574.5554,2,False
1,UAV_249,38.8732376,100.957016,2572.8652,4,False
1,UAV_250,38.9419937,101.0475235,2572.8215,4,False
1,UAV_251,38.8376732,100.9939499,2577.3386,5,False
1,UAV_252,38.8037605,101.1268158,2572.7839,2,False
1,UAV_253,38.8296356,101.1419754,2566.8481,3,False
1,UAV_254,38.8804131,101.059021,2576.918,5,False
1,UAV_255,38.8866196,101.0466309,2577.5237,5,False
1,UAV_256,38.8989677,101.1194458,2581.1216,5,False
1,UAV_257,38.8621674,101.0720367,2573.1804,0,False
1,UAV_258,38.9118614,101.0616531,2576.7842,5,False
1,UAV_259,38.7914085,101.1425781,2574.1042,2,False
1,UAV_260,38.8259163,101.0619278,2572.9841,2,False
1,UAV_261,38.8485909,101.1034775,2572.2722,0,False
1,UAV_262,38.9028473,101.0737228,2574.0698,0,False
1,UAV_263,38.7946777,101.1305389,2580.6982,5,False
1,UAV_264,38.9159851,101.0611496,2575.4407,0,False
1,UAV_265,38.836544,101.0195923,2576.344,5,False
1,UAV_266,38.8880043,101.1031723,2576.2314,0,False
1,UAV_267,38.8810272,101.0982666,2575.3757,0,False
1,UAV_268,38.9256554,100.9672775,2571.8145,4,False
1,UAV_269,38.9386139,101.0210266,2572.7319,4,False
1,UAV_270,38.808979,101.0258865,2571.1194,1,False
1,UAV_271,38.8660355,100.9975052,2574.6079,4,False
1,UAV_272,38.7953033,100.9676056,2571.9397,1,False
1,UAV_273,38.8382683,101.0345993,2571.9414,3,False
1,UAV_274,38.85952,101.0144882,2579.2383,5,False
1,UAV_275,38.9349556,100.9632034,2573.1265,4,False
1,UAV_276,38.7716484,101.0369568,2567.593,3,False
1,UAV_277,38.7982559,101.0045929,2570.0242,1,False
1,UAV_278,38.7898064,101.1085281,2571.1372,2,False
1,UAV_279,38.9311295,101.0836563,2574.6338,0,False
1,UAV_280,38.8664742,100.9754181,2566.4504,3,False
1,UAV_281,38.9223518,101.061264,2571.79,0,False
1,UAV_282,38.8397331,101.1071014,2573.2896,0,False
1,UAV_283,38.9172821,101.0878677,2571.0112,0,False
1,UAV_284,38.8799934,100.9898605,2571.1814,4,False
1,UAV_285,38.8593369,101.0767822,2574.9539,0,False
1,UAV_286,38.8387947,100.9524002,2575.5854,1,False
1,UAV_287,38.8562965,101.1172104,2574.1599,0,False
1,UAV_288,38.9099884,101.0858307,2572.0425,0,False
1,UAV_289,38.8583565,101.1065979,2570.5994,0,False
1,UAV_290,38.7355042,100.9699402,2572.7346,1,False
1,UAV_291,38.8424301,101.0345688,2574.7373,5,False
1,UAV_292,38.8698692,100.9924011,2581.0068,5,False
1,UAV_293,38.8516655,101.0705338,2576.3467,5,False
1,UAV_294,38.8330002,101.1278076,2571.1702,0,False
1,UAV_295,38.9357376,101.0864716,2580.0493,5,False
1,UAV_296,38.8380966,101.1080933,2566.9451,3,False
1,UAV_297,38.7792397,101.0367889,2571.3247,2,False
1,UAV_298,38.8723145,101.1155243,2570.4856,0,False
1,UAV_299,38.792923,101.0495453,2576.1816,2,False
1,UAV_300,38.8249817,100.9630585,2576.9221,1,False
1,UAV_301,38.7778435,101.0605469,2571.6931,2,False
1,UAV_302,38.8178215,101.1434784,2576.48,2,False
1,UAV_303,38.8906479,101.1198807,2574.7461,0,False
1,UAV_304,38.9223404,101.0458298,2567.0093,3,False
1,UAV_305,38.8639145,100.9724579,2579.0476,5,False
1,UAV_306,38.8280983,101.0100174,2570.1687,3,False
1,UAV_307,38.801651,100.9810867,2572.2546,1,False
1,UAV_308,38.897522,101.1126709,2569.6426,0,False
1,UAV_309,38.9337044,101.059845,2566.4773,3,False
1,UAV_310,38.8703957,100.9937286,2574.1414,4,False
1,UAV_311,38.7844658,101.055748,2574.6433,2,False
1,UAV_312,38.9172058,101.0563354,2571.01,4,False
1,UAV_313,38.8632088,101.0139618,2571.0186,3,False
1,UAV_314,38.9193687,100.9483948,2572.4031,4,False
1,UAV_315,38.8288345,100.9795609,2568.7947,3,False
1,UAV_316,38.893959,101.0362625,2572.8623,4,False
1,UAV_317,38.895134,101.0359497,2571.3491,4,False
1,UAV_318,38.8188629,101.0692673,2569.7749,3,False
1,UAV_319,38.8732529,101.0183105,2580.2974,5,False
1,UAV_320,38.841259,101.0503464,2572.6917,2,False
1,UAV_321,38.9515038,101.0674286,2566.043,3,False
1,UAV_322,38.8154259,101.126358,2574.3838,2,False
1,UAV_323,38.8107605,101.0642166,2569.0513,3,False
1,UAV_324,38.8665276,101.0332489,2573.1245,4,False
1,UAV_325,38.8002129,101.1139221,2571.4275,2,False
1,UAV_326,38.8712654,101.1246414,2568.9204,0,False
1,UAV_327,38.9023438,100.9875793,2571.5737,4,False
1,UAV_328,38.7629471,101.0399475,2571.9617,2,False
1,UAV_329,38.8118401,101.1062546,2571.8608,2,False
1,UAV_330,38.9294434,101.0004883,2573.2202,4,False
1,UAV_331,38.916378,101.1356812,2572.7749,0,True
1,UAV_332,38.8879585,101.0430984,2573.5149,4,False
1,UAV_333,38.9379539,100.9941788,2577.8782,4,False
1,UAV_334,38.8670197,101.0244827,2575.1887,5,False
1,UAV_335,38.7516441,101.0588303,2569.8721,2,False
1,UAV_336,38.8125305,100.9981461,2574.2808,1,False
1,UAV_337,38.8829613,101.031723,2575.6025,5,False
1,UAV_338,38.8181038,101.0323334,2571.186,3,False
1,UAV_339,38.7973976,101.1042557,2572.189,2,False
1,UAV_340,38.8427773,101.0171432,2569.7969,3,False
1,UAV_341,38.8514175,101.0125504,2575.29,5,False
1,UAV_342,38.9051666,101.1234436,2574.4861,0,False
1,UAV_343,38.8581886,101.0635147,2573.4509,0,False
1,UAV_344,38.9271889,101.1245346,2574.4194,0,False
1,UAV_345,38.8275795,101.019249,2570.8899,3,False
1,UAV_346,38.8867989,101.0560074,2571.8975,0,False
1,UAV_347,38.8370552,101.054718,2571.0908,3,False
1,UAV_348,38.8154068,101.0510635,2579.3804,5,False
1,UAV_349,38.9430161,100.9211655,2572.0452,4,False
1,UAV_350,38.8448677,101.1148834,2570.9644,0,False
1,UAV_351,38.928936,101.1296921,2575.2253,0,False
1,UAV_352,38.7790413,101.0794067,2573.5935,2,False
1,UAV_353,38.8212662,100.9679642,2572.1128,1,False
1,UAV_354,38.8021126,100.9813919,2575.0498,1,False
1,UAV_355,38.8878975,101.0176926,2574.821,4,False
1,UAV_356,38.8222313,101.0456848,2570.5413,3,False
1,UAV_357,38.8057213,101.0140762,2573.3796,1,True
1,UAV_358,38.8351364,101.051445,2575.0562,5,False
1,UAV_359,38.7834816,101.0286179,2574.8921,1,False
1,UAV_360,38.8008919,101.1044388,2572.699,2,False
1,UAV_361,38.8989601,101.0952759,2575.8459,0,False
1,UAV_362,38.8396683,101.0934219,2580.7498,5,False
1,UAV_363,38.8608704,101.1243591,2577.8433,5,False
1,UAV_364,38.8410606,101.0805359,2573.1995,2,False
1,UAV_365,38.8320999,101.0419312,2571.7083,3,False
1,UAV_366,38.8066368,101.111084,2576.2539,2,False
1,UAV_367,38.9113579,101.0053024,2568.2605,3,False
1,UAV_368,38.8568039,101.0460281,2576.0334,5,False
1,UAV_369,38.9217224,101.0979538,2575.2979,0,False
1,UAV_370,38.8540306,101.0237274,2574.4062,5,False
1,UAV_371,38.8772354,101.0309372,2572.3115,4,False
1,UAV_372,38.8765335,101.0329514,2577.1006,5,False
1,UAV_373,38.8813019,101.16185,2573.4536,0,False
1,UAV_374,38.7993889,101.0524445,2575.0508,2,False
1,UAV_375,38.8078194,101.03936,2574.2131,2,False
1,UAV_376,38.7946701,101.0148163,2575.9155,1,False
1,UAV_377,38.8899574,101.0796356,2572.9114,0,False
1,UAV_378,38.8982086,101.0819321,2570.6226,0,False
1,UAV_379,38.8225784,100.9906845,2571.386,1,False
1,UAV_380,38.8161774,100.9972916,2573.717,1,False
1,UAV_381,38.9071159,100.9973679,2576.8318,4,False
1,UAV_382,38.8991356,100.9362259,2575.8594,4,False
1,UAV_383,38.9212723,101.0161362,2573.3618,4,False
1,UAV_384,38.8893089,100.9924316,2570.0027,4,False
1,UAV_385,38.8230438,101.0913544,2568.9119,3,False
1,UAV_386,38.8479042,101.0846558,2571.8411,0,False
1,UAV_387,38.8808746,101.0787125,2566.8254,3,False
1,UAV_388,38.8065491,101.085022,2572.936,2,False
1,UAV_389,38.7978706,101.0853348,2571.7537,2,False
1,UAV_390,38.8140068,101.0065384,2573.1792,1,False
1,UAV_391,38.7739372,101.0715714,2575.4978,2,False
1,UAV_392,38.8030891,101.0602493,2574.8098,2,False
1,UAV_393,38.9073563,100.9909134,2573.1406,4,False
1,UAV_394,38.9410896,101.0628815,2574.1936,4,False
1,UAV_395,38.8785057,101.0015488,2568.7454,3,False
1,UAV_396,38.9504814,101.0320969,2570.2939,4,False
1,UAV_397,38.834156,101.0218201,2573.2383,1,False
1,UAV_398,38.9049339,101.0851288,2574.9272,0,False
1,UAV_399,38.8732185,101.1075745,2570.4304,0,False
1,UAV_400,38.8562164,101.0269699,2569.5183,3,False
1,UAV_401,38.9321327,101.0265274,2570.4756,4,False
1,UAV_402,38.9003983,101.0579605,2577.9941,5,False
1,UAV_403,38.8570938,101.0943375,2573.3665,0,False
1,UAV_404,38.9090576,101.0210571,2571.0137,4,False
1,UAV_405,38.9105034,101.019249,2576.2686,4,False
1,UAV_406,38.8654289,101.0447006,2573.7158,4,False
1,UAV_407,38.8437576,101.0086441,2573.7646,1,False
1,UAV_408,38.8001823,101.0632782,2572.9521,2,False
1,UAV_409,38.8793068,101.0171051,2569.3972,3,False
1,UAV_410,38.7808723,101.0467529,2571.7478,2,False
1,UAV_411,38.8841133,101.049469,2574.1426,4,False
1,UAV_412,38.8275681,100.9585571,2564.8315,3,False
1,UAV_413,38.8175011,101.1004105,2573.1101,2,True
1,UAV_414,38.7870255,100.9933167,2573.4109,1,False
1,UAV_415,38.8336754,100.9641495,2572.2993,1,False
1,UAV_416,38.8884468,101.0183868,2573.8665,4,False
1,UAV_417,38.9085045,101.1208954,2573.2339,0,False
1,UAV_418,38.8895569,100.9967499,2567.3853,3,False
1,UAV_419,38.8239212,100.9493408,2572.8723,1,False
1,UAV_420,38.8237305,100.9896774,2575.1833,1,False
1,UAV_421,38.7865601,101.0529099,2571.4219,2,False
1,UAV_422,38.8553429,101.0097198,2570.8499,3,False
1,UAV_423,38.8556709,101.0956879,2568.2703,3,False
1,UAV_424,38.8106613,100.9528351,2575.0186,1,False
1,UAV_425,38.8876495,101.053566,2574.9312,5,False
1,UAV_426,38.853447,101.0626907,2569.7139,3,False
1,UAV_427,38.8378029,101.0322037,2576.0256,5,False
1,UAV_428,38.821022,100.9860382,2570.1135,1,False
1,UAV_429,38.8570061,100.964325,2567.9211,3,False
1,UAV_430,38.7881432,101.0599365,2576.6787,2,False
1,UAV_431,38.8368111,101.0211868,2567.7009,3,False
1,UAV_432,38.8926811,101.0824661,2575.2307,0,False
1,UAV_433,38.9469833,100.996994,2569.8936,4,False
1,UAV_434,38.8308067,101.0087585,2575.0303,1,False
1,UAV_435,38.8387871,101.0009155,2574.8357,1,False
1,UAV_436,38.8323135,100.9756165,2566.502,3,False
1,UAV_437,38.9040642,101.1094131,2572.9565,0,False
1,UAV_438,38.8996429,101.0070648,2574.1677,4,False
1,UAV_439,38.966423,101.0270844,2570.2642,4,False
1,UAV_440,38.897831,101.0072327,2576.9187,5,False
1,UAV_441,38.8075714,100.9506836,2579.1316,1,False
1,UAV_442,38.8912506,101.0230408,2573.5613,4,False
1,UAV_443,38.8930855,101.1351166,2571.2839,0,False
1,UAV_444,38.8476334,100.9830246,2571.4082,1,False
1,UAV_445,38.8513565,101.0252075,2573.1235,4,False
1,UAV_446,38.8811836,101.100174,2577.4661,5,False
1,UAV_447,38.9151459,101.0924225,2574.9397,0,False
1,UAV_448,38.7915077,101.0446625,2577.571,5,False
1,UAV_449,38.8075218,101.0639801,2574.7249,2,False
1,UAV_450,38.8460274,101.1143341,2574.6641,0,False
1,UAV_451,38.7548637,101.0096741,2570.6665,1,False
1,UAV_452,38.876709,101.0856781,2575.6538,0,False
1,UAV_453,38.8994293,101.0408478,2570.7529,4,False
1,UAV_454,38.8702278,101.0858307,2574.7727,0,False
1,UAV_455,38.8639641,100.9786301,2569.4773,3,False
1,UAV_456,38.8059769,101.0402145,2572.699,2,False
1,UAV_457,38.8374023,101.0476685,2567.6895,3,False
1,UAV_458,38.8860588,101.0721359,2572.7427,0,False
1,UAV_459,38.9010849,101.0002289,2574.1606,4,False
1,UAV_460,38.8023186,101.0880585,2580.4597,5,False
1,UAV_461,38.8818588,100.978447,2570.2932,4,False
1,UAV_462,38.8771896,101.0971451,2575.7439,0,False
1,UAV_463,38.7920723,100.9826355,2571.3416,1,False
1,UAV_464,38.8796272,101.0276413,2575.4116,5,False
1,UAV_465,38.8601913,100.9918442,2571.3379,4,False
1,UAV_466,38.8917694,101.1339722,2569.7515,0,False
1,UAV_467,38.8634987,101.0217285,2576.2283,5,False
1,UAV_468,38.7834167,100.9941254,2572.885,1,False
1,UAV_469,38.8442535,101.0583191,2579.3879,5,False
1,UAV_470,38.8460732,101.0629807,2570.3594,3,False
1,UAV_471,38.7966957,100.9868164,2579.2651,5,False
1,UAV_472,38.8777084,101.0895004,2571.6892,0,False
1,UAV_473,38.7847557,101.0668564,2571.3784,2,False
1,UAV_474,38.7975426,100.945755,2566.6289,3,False
1,UAV_475,38.9105148,101.0300674,2573.6135,4,False
1,UAV_476,38.9568901,101.0779266,2569.0388,0,False
1,UAV_477,38.858326,101.0055161,2575.5828,5,False
1,UAV_478,38.9059906,100.9845581,2571.2166,4,False
1,UAV_479,38.8716354,101.1025925,2574.6172,0,False
1,UAV_480,38.7686272,101.0407715,2568.5188,3,False
1,UAV_481,38.8221588,100.9741287,2574.21,1,False
1,UAV_482,38.8171463,101.0772705,2573.939,2,False
1,UAV_483,38.9003677,101.1090622,2572.1311,0,False
1,UAV_484,38.8436661,101.0543213,2570.3779,3,False
1,UAV_485,38.8141975,101.0402985,2573.7542,2,False
1,UAV_486,38.888855,101.0323181,2576.4531,5,False
1,UAV_487,38.9319496,101.00737,2575.0242,4,False
1,UAV_488,38.8503189,100.983078,2576.8552,5,False
1,UAV_489,38.8175888,101.0410995,2571.3806,2,False
1,UAV_490,38.8303947,100.969902,2573.627,1,False
1,UAV_491,38.9422951,101.028801,2576.9639,4,False
1,UAV_492,38.8660698,101.0442352,2573.4177,4,False
1,UAV_493,38.8266716,101.0105743,2576.106,5,False
1,UAV_494,38.8102493,100.9929428,2572.1367,1,False
1,UAV_495,38.8722763,100.9996414,2568.6169,3,True
1,UAV_496,38.8456879,101.0924835,2568.8484,3,False
1,UAV_497,38.8464851,101.027359,2573.406,1,False
1,UAV_498,38.8115578,101.0504456,2575.2146,2,False
1,UAV_499,38.9119263,100.9647064,2570.4905,4,False
1,UAV_500,38.8155746,101.048912,2574.4397,2,False
2,UAV_001,38.8307838,101.0997772,2568.4185,4,False
2,UAV_002,38.8869896,101.0269699,2568.7832,2,False
2,UAV_003,38.8895531,101.094986,2569.9692,4,False
2,UAV_004,38.8093643,100.9910736,2571.5195,3,False
2,UAV_005,38.8154945,101.1008759,2574.6785,5,False
2,UAV_006,38.8179855,101.0807495,2575.7612,5,False
2,UAV_007,38.8815308,101.1098709,2571.1565,4,False
2,UAV_008,38.9056129,101.0745468,2578.3643,0,False
2,UAV_009,38.9184685,101.1051865,2571.0684,4,False
2,UAV_010,38.8580551,100.9992294,2571.5059,2,False
2,UAV_011,38.8800507,101.0370407,2572.1409,2,False
2,UAV_012,38.8201485,100.999382,2568.2432,3,False
2,UAV_013,38.8640976,101.0514984,2571.4907,4,False
2,UAV_014,38.8722076,100.9740753,2572.8604,2,False
2,UAV_015,38.8791962,100.992218,2571.1079,2,False
2,UAV_016,38.9535103,100.9833908,2577.8779,0,False
2,UAV_017,38.8681717,101.0461426,2571.2263,2,False
2,UAV_018,38.8327065,101.0155334,2572.9412,1,False
2,UAV_019,38.8369598,100.9861374,2574.8452,1,False
2,UAV_020,38.7963409,101.0428772,2574.3721,5,False
2,UAV_021,38.8436584,101.1464844,2570.8547,4,False
2,UAV_022,38.903183,100.9530029,2571.4961,2,False
2,UAV_023,38.8731537,100.9657288,2574.4534,1,False
2,UAV_024,38.8837585,101.0139313,2571.2576,2,False
2,UAV_025,38.9077225,101.0099487,2569.3191,2,False
2,UAV_026,38.8607445,101.075882,2574.7598,5,False
2,UAV_027,38.8766747,101.0848694,2575.1394,0,False
2,UAV_028,38.916275,101.13797,2573.1157,4,False
2,UAV_029,38.8550034,101.0219803,2567.6523,3,False
2,UAV_030,38.8685913,101.0157013,2574.2617,1,False
2,UAV_031,38.8699646,101.0167542,2574.0349,2,False
2,UAV_032,38.8522682,101.118927,2572.0706,4,False
2,UAV_033,38.8856125,101.0783615,2574.3362,0,False
2,UAV_034,38.9148712,101.0365601,2572.2998,2,False
2,UAV_035,38.8329315,101.0298309,2571.8562,3,False
2,UAV_036,38.8783379,100.9288483,2570.5505,2,False
2,UAV_037,38.8958969,100.9818039,2577.2148,0,False
2,UAV_038,38.9180222,101.010498,2575.0369,0,False
2,UAV_039,38.9314194,100.9925613,2573.8503,2,False
2,UAV_040,38.8692474,101.0392685,2576.4963,0,False
2,UAV_041,38.8749847,101.0114899,2572.4465,2,False
2,UAV_042,38.8584366,101.098793,2568.3472,4,False
2,UAV_043,38.874115,101.117485,2570.3152,4,False
2,UAV_044,38.7541962,101.0619278,2570.0679,3,False
2,UAV_045,38.9407616,101.0544586,2571.5522,2,False
2,UAV_046,38.7621803,100.9839783,2571.0061,3,False
2,UAV_047,38.8978119,100.9959869,2570.2527,2,False
2,UAV_048,38.9418678,101.0359802,2573.2034,2,False
2,UAV_049,38.7986717,101.0260468,2568.6311,3,False
2,UAV_050,38.8914261,101.0357513,2567.2764,2,False
2,UAV_051,38.8630066,101.0302734,2578.7925,0,False
2,UAV_052,38.799408,101.0542221,2574.5466,5,False
2,UAV_053,38.9003372,101.0605621,2570.4741,4,False
2,UAV_054,38.8269043,101.0628967,2571.5081,5,False
2,UAV_055,38.7888832,101.0891876,2565.9658,3,False
2,UAV_056,38.8385048,101.0131149,2572.0046,3,False
2,UAV_057,38.8117104,101.0995789,2571.6562,5,False
2,UAV_058,38.8271332,101.0299759,2565.2126,3,False
2,UAV_059,38.8039322,101.0078888,2570.106,3,False
2,UAV_060,38.8042946,101.0539398,2571.4834,3,False
2,UAV_061,38.7890015,101.0715103,2566.7793,3,False
2,UAV_062,38.8848,101.0345383,2569.0791,2,False
2,UAV_063,38.8701439,100.9613419,2568.2148,2,False
2,UAV_064,38.8811188,101.130188,2575.1235,4,False
2,UAV_065,38.9548531,101.0142136,2571.5586,2,False
2,UAV_066,38.9125481,101.1381989,2574.5662,4,False
2,UAV_067,38.8819809,100.9952927,2571.6667,2,False
2,UAV_068,38.9226265,101.0402985,2575.3384,0,False
2,UAV_069,38.9137077,101.053566,2571.3311,2,False
2,UAV_070,38.8032379,101.0147324,2576.9365,1,False
2,UAV_071,38.8338432,101.1255264,2571.9512,4,False
2,UAV_072,38.832222,101.0318298,2568.9832,3,False
2,UAV_073,38.8428154,101.0056534,2571.8931,2,False
2,UAV_074,38.8210793,101.0195541,2575.4092,1,False
2,UAV_075,38.815052,100.9825974,2577.5063,1,False
2,UAV_076,38.9010735,100.9841614,2574.4055,2,False
2,UAV_077,38.8000603,101.1248169,2574.2954,5,False
2,UAV_078,38.9093781,101.0115662,2571.3503,2,True
2,UAV_079,38.9166183,101.0426178,2577.2493,0,False
2,UAV_080,38.9488907,101.114006,2577.1479,0,False
2,UAV_081,38.8093109,100.9812164,2576.8999,1,False
2,UAV_082,38.8161621,101.075798,2570.1516,3,False
2,UAV_083,38.7379761,101.0411377,2570.3896,3,False
2,UAV_084,38.8366394,101.0624161,2571.6199,5,False
2,UAV_085,38.9317894,101.0330276,2576.7883,0,False
2,UAV_086,38.8790207,101.0830536,2571.6833,4,False
2,UAV_087,38.8614578,101.1122589,2571.3142,4,True
2,UAV_088,38.8344193,100.9653854,2580.9587,1,False
2,UAV_089,38.8721886,101.0646362,2573.4426,4,False
2,UAV_090,38.8759651,101.0183487,2575.4902,0,False
2,UAV_091,38.832859,101.0270615,2571.0046,3,False
2,UAV_092,38.8256531,100.9958649,2573.6501,1,False
2,UAV_093,38.9347572,101.0047913,2572.5986,2,False
2,UAV_094,38.8145981,101.0446472,2571.1946,3,False
2,UAV_095,38.8544731,101.1042938,2573.7454,4,False
2,UAV_096,38.8685799,101.0712891,2567.377,4,False
2,UAV_097,38.7365532,100.9217987,2570.7178,3,False
2,UAV_098,38.8125229,101.0811157,2574.5615,5,False
2,UAV_099,38.885006,101.0277176,2572.2234,2,False
2,UAV_100,38.9236031,101.1256943,2570.0205,4,False
2,UAV_101,38.9116249,100.989151,2580.4119,0,False
2,UAV_102,38.8187828,101.0725098,2568.271,3,False
2,UAV_103,38.8118706,100.9483261,2578.4719,1,False
2,UAV_104,38.8014641,101.0153427,2576.4128,1,False
2,UAV_105,38.8821297,101.0181808,2571.1511,2,False
2,UAV_106,38.8902245,101.0148315,2570.895,2,False
2,UAV_107,38.7820053,101.0731506,2569.8833,3,False
2,UAV_108,38.9372787,100.9934006,2573.3213,2,False
2,UAV_109,38.9181061,101.0370636,2572.6343,2,False
2,UAV_110,38.8284187,101.107666,2572.7625,5,False
2,UAV_111,38.7919579,101.0272064,2572.3269,3,False
2,UAV_112,38.8206749,100.9732208,2572.6931,1,False
2,UAV_113,38.7618141,100.9755096,2572.1472,3,False
2,UAV_114,38.9088402,101.0241852,2575.0303,0,False
2,UAV_115,38.8788071,101.0387726,2575.79,0,False
2,UAV_116,38.8473396,101.0452042,2575.9272,0,False
2,UAV_117,38.8867531,100.9715958,2568.2786,2,False
2,UAV_118,38.7760735,101.0112381,2579.5759,1,False
2,UAV_119,38.8330612,101.1024628,2570.4607,4,False
2,UAV_120,38.8553467,101.065155,2574.491,5,False
2,UAV_121,38.7917023,101.1024933,2575.812,5,False
2,UAV_122,38.7887421,101.0369186,2575.0225,5,False
2,UAV_123,38.8840675,101.0634232,2575.2622,0,False
2,UAV_124,38.869339,101.1207428,2573.4307,4,False
2,UAV_125,38.8260765,100.9814148,2571.3779,3,False
2,UAV_126,38.7976608,101.0424194,2569.3616,3,False
2,UAV_127,38.92173,101.0133057,2576.0349,0,False
2,UAV_128,38.8501091,100.980545,2568.1492,3,False
2,UAV_129,38.8813972,101.0551529,2570.9958,4,False
2,UAV_130,38.8053932,101.0056992,2570.5029,3,False
2,UAV_131,38.9239883,101.0000534,2568.3528,2,False
2,UAV_132,38.9132614,100.9483948,2570.4451,2,False
2,UAV_133,38.8715935,101.0761871,2575.1665,0,False
2,UAV_134,38.7589226,101.0253906,2571.7839,3,False
2,UAV_135,38.8070259,101.0495911,2571.4048,3,False
2,UAV_136,38.8345985,101.0690765,2564.2449,3,False
2,UAV_137,38.8301849,101.0046921,2567.5925,3,False
2,UAV_138,38.8201141,101.072052,2571.084,5,False
2,UAV_139,38.8439903,101.0490646,2574.5513,5,False
2,UAV_140,38.8580742,101.1076279,2568.9888,4,False
2,UAV_141,38.8105927,101.0298462,2574.2717,1,False
2,UAV_142,38.8901901,101.069397,2572.5837,4,False
2,UAV_143,38.8384857,100.9704742,2567.0513,3,False
2,UAV_144,38.8498039,101.080574,2573.9871,5,False
2,UAV_145,38.8754692,101.1277618,2568.71,4,False
2,UAV_146,38.9279633,100.9608307,2570.0652,2,False
2,UAV_147,38.9274712,100.9926758,2578.2109,0,False
2,UAV_148,38.8021965,100.9877243,2572.7373,1,False
2,UAV_149,38.8260231,101.0690002,2572.561,5,False
2,UAV_150,38.7879829,101.1096802,2568.7397,3,False
2,UAV_151,38.8387909,101.1013641,2574.2561,5,True
2,UAV_152,38.9301071,100.9468918,2572.2454,2,False
2,UAV_153,38.8340874,101.0928802,2572.6855,5,False
2,UAV_154,38.8081856,101.0662766,2575.0134,5,False
2,UAV_155,38.8423119,100.9847336,2574.7332,1,False
2,UAV_156,38.8834419,101.0626602,2577.2063,0,False
2,UAV_157,38.7938576,101.1198273,2574.0803,5,False
2,UAV_158,38.8320923,101.0940094,2577.137,5,False
2,UAV_159,38.8280487,101.0838318,2570.198,4,False
2,UAV_160,38.8565865,101.0427933,2570.3191,3,False
2,UAV_161,38.9512367,101.1178894,2569.9648,4,False
2,UAV_162,38.8822174,101.0440903,2568.7483,2,False
2,UAV_163,38.7797432,101.0820465,2573.9255,5,False
2,UAV_164,38.7798882,101.008934,2568.7119,3,False
2,UAV_165,38.8913155,100.9699097,2572.4492,2,False
2,UAV_166,38.9309692,101.0863113,2577.2034,0,False
2,UAV_167,38.8911781,101.0180054,2579.1777,0,False
2,UAV_168,38.798336,101.0879822,2571.0566,5,False
2,UAV_169,38.9162102,101.0117035,2576.2678,0,False
2,UAV_170,38.7766953,101.0888901,2568.2317,3,False
2,UAV_171,38.8633232,101.0470963,2573.49,0,False
2,UAV_172,38.8341522,101.0596771,2569.9143,3,False
2,UAV_173,38.7760162,100.975502,2569.8909,3,False
2,UAV_174,38.8376427,101.0019913,2575.1057,1,True
2,UAV_175,38.8753471,101.0881882,2572.7678,4,False
2,UAV_176,38.7872963,101.1162415,2576.0737,5,False
2,UAV_177,38.7989883,101.0883026,2573.5728,5,False
2,UAV_178,38.881649,101.0446854,2576.4783,0,False
2,UAV_179,38.8646812,101.026001,2577.3516,0,False
2,UAV_180,38.8668442,100.9893951,2568.9233,2,False
2,UAV_181,38.9300194,101.0363312,2574.1042,0,False
2,UAV_182,38.8567123,101.0565796,2569.4834,4,False
2,UAV_183,38.8490105,100.9887466,2571.1143,2,False
2,UAV_184,38.760807,101.0477295,2571.929,3,False
2,UAV_185,38.9174614,101.0530319,2571.9377,2,False
2,UAV_186,38.8564796,101.0422516,2574.5864,0,False
2,UAV_187,38.8564606,101.1092987,2569.4307,4,False
2,UAV_188,38.9127541,101.0077515,2573.0327,2,False
2,UAV_189,38.8055649,100.9936447,2574.5613,1,False
2,UAV_190,38.9480057,100.9899902,2571.7195,2,False
2,UAV_191,38.8907013,100.9664154,2575.5703,1,False
2,UAV_192,38.8167267,100.9854126,2574.8369,1,False
2,UAV_193,38.7932243,101.0110855,2576.5388,1,False
2,UAV_194,38.9037361,101.0465851,2574.5752,0,False
2,UAV_195,38.943531,101.15448,2570.488,4,False
2,UAV_196,38.8752327,101.1370468,2572.2583,4,False
2,UAV_197,38.9328423,101.0268936,2573.4458,2,False
2,UAV_198,38.8062325,101.0318069,2572.1631,3,False
2,UAV_199,38.8811302,101.0362091,2573.9346,0,False
2,UAV_200,38.7821846,101.108223,2569.8547,5,False
2,UAV_201,38.9207497,101.046402,2573.6753,0,False
2,UAV_202,38.8442955,100.9773331,2573.3894,1,False
2,UAV_203,38.8567657,101.0323334,2572.1074,2,False
2,UAV_204,38.8453026,101.0091324,2572.1218,2,False
2,UAV_205,38.7844391,101.1149368,2568.5364,3,False
2,UAV_206,38.9169998,101.0510788,2571.936,2,False
2,UAV_207,38.8416214,101.0392456,2574.7012,5,False
2,UAV_208,38.8461647,101.0873947,2570.1609,4,False
2,UAV_209,38.8234329,101.1495132,2576.8525,5,False
2,UAV_210,38.9199944,101.0469284,2571.0537,2,False
2,UAV_211,38.7589493,100.9377136,2570.7942,3,False
2,UAV_212,38.78022,100.9779205,2570.1504,3,False
2,UAV_213,38.8025589,101.060997,2576.1194,5,False
2,UAV_214,38.8271255,101.0589981,2573.6321,5,False
2,UAV_215,38.8340683,101.0905685,2579.2795,5,False
2,UAV_216,38.8278008,101.0182877,2575.8813,1,False
2,UAV_217,38.8898773,101.1436234,2573.8003,4,False
2,UAV_218,38.8294373,100.9709091,2572.7854,1,False
2,UAV_219,38.7727585,101.0766525,2572.9216,5,False
2,UAV_220,38.8932076,101.0364609,2573.0071,2,False
2,UAV_221,38.8724289,101.0337296,2576.2705,0,False
2,UAV_222,38.8426704,101.0434189,2575.7708,5,False
2,UAV_223,38.8638916,101.0944214,2573.7991,4,False
2,UAV_224,38.7837029,101.0014648,2567.8445,3,False
2,UAV_225,38.8062515,101.0726852,2577.2698,5,False
2,UAV_226,38.8079071,100.9834671,2570.8328,3,False
2,UAV_227,38.8499603,101.1112518,2571.9607,4,False
2,UAV_228,38.7842484,101.0512466,2575.0828,5,False
2,UAV_229,38.9202156,100.9948654,2572.9175,2,False
2,UAV_230,38.8457108,101.0979156,2573.1001,5,False
2,UAV_231,38.8231277,101.0193253,2570.0781,3,False
2,UAV_232,38.7697296,100.986618,2569.1604,3,False
2,UAV_233,38.7724991,100.9981003,2576.1838,1,False
2,UAV_234,38.8685646,100.9877472,2573.5291,1,False
2,UAV_235,38.759903,101.0148087,2568.8318,3,False
2,UAV_236,38.8381348,101.0191956,2570.7307,3,False
2,UAV_237,38.8372421,101.1191788,2570.9465,4,False
2,UAV_238,38.9073257,101.1099777,2571.1218,4,False
2,UAV_239,38.8137207,101.0824203,2566.6067,3,False
2,UAV_240,38.8632088,101.0273819,2570.6772,2,False
2,UAV_241,38.8565521,101.0091705,2570.8945,2,False
2,UAV_242,38.7863464,101.0177078,2572.3684,3,False
2,UAV_243,38.8241959,100.9986496,2568.7969,3,False
2,UAV_244,38.7839279,101.1086349,2567.8242,3,False
2,UAV_245,38.9354248,100.9887924,2575.5425,0,False
2,UAV_246,38.9273338,101.0039444,2574.1023,2,False
2,UAV_247,38.9117928,101.0630188,2574.1272,0,False
2,UAV_248,38.8357162,101.0964584,2575.6953,5,False
2,UAV_249,38.8760681,100.9509048,2575.231,1,False
2,UAV_250,38.9283028,101.0316162,2571.0566,2,False
2,UAV_251,38.8389206,100.9941711,2574.2998,1,False
2,UAV_252,38.8024368,101.1277237,2570.9041,5,False
2,UAV_253,38.8261833,101.1407394,2567.3569,4,False
2,UAV_254,38.8796997,101.0587921,2577.8398,0,False
2,UAV_255,38.8842201,101.0460358,2570.4998,2,False
2,UAV_256,38.8990479,101.1193619,2575.3818,0,False
2,UAV_257,38.8617287,101.0723877,2572.864,4,False
2,UAV_258,38.8632851,101.0961761,2572.7612,4,False
2,UAV_259,38.7972145,101.1392059,2572.7859,5,False
2,UAV_260,38.8253479,101.0623245,2580.4062,0,False
2,UAV_261,38.8903427,101.1159515,2573.8049,4,False
2,UAV_262,38.898922,101.079071,2576.4583,0,False
2,UAV_263,38.7945404,101.1311874,2577.449,5,False
2,UAV_264,38.9183426,101.0603485,2574.0977,0,False
2,UAV_265,38.8333244,101.0215073,2575.1047,1,False
2,UAV_266,38.8875465,101.1035385,2573.8416,4,False
2,UAV_267,38.8809128,101.098671,2574.2622,4,False
2,UAV_268,38.9256516,100.9675598,2573.1379,2,False
2,UAV_269,38.9389114,101.0181961,2569.0127,2,False
2,UAV_270,38.8092651,101.0248871,2567.3291,3,False
2,UAV_271,38.866291,100.9975662,2575.3152,1,False
2,UAV_272,38.7903099,100.9621048,2567.2581,3,False
2,UAV_273,38.8386993,101.0342102,2571.5398,3,False
2,UAV_274,38.8589516,101.0151443,2575.4539,1,False
2,UAV_275,38.9345551,100.9599686,2570.1799,2,False
2,UAV_276,38.7745667,101.0347595,2570.9846,3,False
2,UAV_277,38.7979698,101.0034103,2565.9062,3,False
2,UAV_278,38.7899857,101.1079941,2569.3616,3,False
2,UAV_279,38.9315643,101.0902328,2573.8699,0,False
2,UAV_280,38.8658943,100.9721832,2572.7283,2,False
2,UAV_281,38.920723,101.0658112,2576.5039,0,False
2,UAV_282,38.8427277,101.1072083,2572.1553,4,False
2,UAV_283,38.9166298,101.0883865,2578.1003,0,False
2,UAV_284,38.8808174,100.9881363,2571.9343,2,False
2,UAV_285,38.8587265,101.0774384,2570.7588,4,False
2,UAV_286,38.8457108,100.9548416,2571.5535,1,False
2,UAV_287,38.8556824,101.1176529,2575.4746,5,False
2,UAV_288,38.9097977,101.0860672,2576.677,0,False
2,UAV_289,38.8611603,101.1002274,2566.8691,4,False
2,UAV_290,38.7344284,100.9820175,2576.064,1,False
2,UAV_291,38.8731041,101.0315781,2578.9016,0,False
2,UAV_292,38.8692131,100.9932022,2572.8223,2,False
2,UAV_293,38.8488884,101.0721741,2573.5833,5,False
2,UAV_294,38.8335571,101.1282883,2573.5762,5,False
2,UAV_295,38.9553795,101.0965652,2577.8467,0,False
2,UAV_296,38.8383408,101.1079407,2571.6494,4,False
2,UAV_297,38.7779236,101.03302,2573.1829,5,False
2,UAV_298,38.8750801,101.1024475,2575.4084,0,False
2,UAV_299,38.7925529,101.0500031,2576.2261,5,False
2,UAV_300,38.824646,100.9631729,2576.7795,1,False
2,UAV_301,38.7674522,101.0515213,2566.0681,3,False
2,UAV_302,38.8164711,101.1445541,2573.2363,5,False
2,UAV_303,38.8917198,101.1197052,2572.166,4,False
2,UAV_304,38.9213982,101.0447159,2569.8525,2,False
2,UAV_305,38.8635521,100.9724655,2576.9854,1,False
2,UAV_306,38.8277054,101.009079,2572.8008,1,False
2,UAV_307,38.8210983,100.9921951,2570.8025,3,False
2,UAV_308,38.895977,101.113327,2570.2737,4,False
2,UAV_309,38.932312,101.0588379,2570.1904,2,False
2,UAV_310,38.872448,100.9973679,2571.4395,2,False
2,UAV_311,38.7822037,101.0553818,2578.3701,5,False
2,UAV_312,38.9161491,101.056015,2575.6533,0,False
2,UAV_313,38.8639755,101.0123596,2569.1646,2,False
2,UAV_314,38.921936,100.9484634,2571.0417,2,False
2,UAV_315,38.8884468,101.0280075,2572.5955,2,False
2,UAV_316,38.8937531,101.0348816,2569.6018,2,False
2,UAV_317,38.8953552,101.0330124,2568.8699,2,False
2,UAV_318,38.8184471,101.0698471,2573.8279,5,False
2,UAV_319,38.8688965,101.0223312,2575.0132,0,False
2,UAV_320,38.8443947,101.0626678,2570.7046,4,False
2,UAV_321,38.9646263,101.0703354,2577.5422,0,False
2,UAV_322,38.814167,101.1257706,2573.6855,5,False
2,UAV_323,38.7402,101.0100479,2577.6941,1,False
2,UAV_324,38.8673553,101.0325165,2572.0205,2,False
2,UAV_325,38.8004951,101.1136093,2567.9785,3,False
2,UAV_326,38.8709984,101.1249542,2572.8416,4,False
2,UAV_327,38.9011078,100.9868011,2573.738,2,False
2,UAV_328,38.7795067,100.9992371,2573.887,1,False
2,UAV_329,38.7479858,101.1358032,2571.7461,5,False
2,UAV_330,38.9290161,101.0009003,2573.176,2,False
2,UAV_331,38.9174309,101.1351852,2570.0981,4,False
2,UAV_332,38.8888054,101.0430527,2577.1062,0,False
2,UAV_333,38.9392586,100.9943924,2574.821,2,False
2,UAV_334,38.8937492,100.9965973,2573.6809,2,False
2,UAV_335,38.7498436,101.0567932,2569.1611,3,False
2,UAV_336,38.8086472,100.9981155,2579.5386,1,False
2,UAV_337,38.8825493,101.0322342,2576.3513,0,True
2,UAV_338,38.8178978,101.0398407,2575.8452,5,False
2,UAV_339,38.7949448,101.1050873,2572.5334,5,False
2,UAV_340,38.8429642,101.0158005,2569.3882,3,False
2,UAV_341,38.8482704,101.0125351,2574.3184,1,False
2,UAV_342,38.8607178,101.0647888,2571.7258,4,False
2,UAV_343,38.8730698,101.0671158,2576.4473,0,False
2,UAV_344,38.9272766,101.1247635,2572.6548,4,False
2,UAV_345,38.8275528,101.0192032,2572.6538,1,False
2,UAV_346,38.8731613,101.0551529,2570.8613,4,False
2,UAV_347,38.8379097,101.0530319,2572.8608,5,False
2,UAV_348,38.8176842,101.0511703,2574.4631,5,False
2,UAV_349,38.9472313,100.939415,2570.1675,2,False
2,UAV_350,38.836853,101.1185913,2577.1184,5,False
2,UAV_351,38.9279404,101.1304245,2574.7695,4,False
2,UAV_352,38.7515068,101.0114517,2571.6577,3,False
2,UAV_353,38.8212738,100.9648895,2571.74,1,False
2,UAV_354,38.8018646,100.9817505,2577.4814,1,False
2,UAV_355,38.886692,101.0179214,2571.4131,2,False
2,UAV_356,38.8220444,101.0452499,2568.6348,3,False
2,UAV_357,38.807724,101.0282135,2572.0674,3,False
2,UAV_358,38.83815,101.0501251,2572.9077,5,False
2,UAV_359,38.7680511,100.9962158,2569.1748,3,False
2,UAV_360,38.8002701,101.1092148,2576.7385,5,False
2,UAV_361,38.8868713,101.0972214,2582.3193,0,False
2,UAV_362,38.8393593,101.0937881,2575.7632,5,False
2,UAV_363,38.8589859,101.1248703,2575.4209,5,False
2,UAV_364,38.8288765,101.0761566,2566.1816,3,False
2,UAV_365,38.8318672,101.0460434,2572.9583,5,False
2,UAV_366,38.8055153,101.115036,2575.0322,5,False
2,UAV_367,38.9115257,101.0023651,2567.9622,2,False
2,UAV_368,38.8554382,101.0485764,2572.6589,5,False
2,UAV_369,38.9310722,101.1044617,2574.5227,0,False
2,UAV_370,38.8540077,101.024025,2572.3196,2,False
2,UAV_371,38.8773918,101.031189,2572.6406,2,False
2,UAV_372,38.8767281,101.0331726,2579.2249,0,False
2,UAV_373,38.8776665,101.1605835,2569.1182,4,False
2,UAV_374,38.8005714,101.0524139,2573.4387,5,False
2,UAV_375,38.8078957,101.0395966,2574.7207,5,False
2,UAV_376,38.7944984,101.0150681,2575.1816,1,False
2,UAV_377,38.8884964,101.0848999,2576.1218,0,False
2,UAV_378,38.8967133,101.0813217,2568.2212,4,False
2,UAV_379,38.8222389,100.9993744,2575.0046,1,False
2,UAV_380,38.8174553,100.9973526,2574.4995,1,False
2,UAV_381,38.9039688,101.0077362,2573.9746,2,False
2,UAV_382,38.8868599,100.9518127,2580.6711,1,False
2,UAV_383,38.92062,101.0163116,2576.46,0,False
2,UAV_384,38.8892708,100.9921951,2573.3474,2,False
2,UAV_385,38.8224754,101.0881577,2570.3345,4,False
2,UAV_386,38.8482552,101.0845795,2575.4656,5,False
2,UAV_387,38.8804092,101.0775909,2569.9705,4,False
2,UAV_388,38.8063545,101.0849075,2567.0234,3,False
2,UAV_389,38.795742,101.087059,2573.3513,5,False
2,UAV_390,38.814949,101.0056076,2567.022,3,False
2,UAV_391,38.7738838,101.071907,2574.2061,5,False
2,UAV_392,38.8033028,101.0600281,2574.8633,5,False
2,UAV_393,38.9069672,100.9908829,2567.2573,2,False
2,UAV_394,38.9411354,101.0628662,2575.4536,0,False
2,UAV_395,38.8783684,100.9997253,2571.9707,2,False
2,UAV_396,38.9515762,101.0312881,2575.8489,0,False
2,UAV_397,38.8340721,101.0219498,2575.7275,1,False
2,UAV_398,38.9035988,101.0851746,2572.9253,4,False
2,UAV_399,38.8710861,101.1055832,2572.6602,4,False
2,UAV_400,38.8559914,101.0265198,2569.4048,3,False
2,UAV_401,38.9304123,101.0258789,2567.9998,2,False
2,UAV_402,38.8989487,101.0639648,2573.1235,4,False
2,UAV_403,38.8555794,101.092453,2571.4832,4,False
2,UAV_404,38.9088364,101.02771,2577.397,0,False
2,UAV_405,38.917244,101.01828,2572.009,2,False
2,UAV_406,38.8674889,101.0447617,2574.5857,0,False
2,UAV_407,38.8205566,100.990654,2568.0686,3,False
2,UAV_408,38.8002281,101.0632095,2571.6174,5,False
2,UAV_409,38.879303,101.0172729,2574.6116,0,False
2,UAV_410,38.7804909,101.0471573,2572.6614,5,False
2,UAV_411,38.8860245,101.0496445,2571.1555,2,False
2,UAV_412,38.8263283,100.957634,2570.8247,3,False
2,UAV_413,38.8169975,101.1006165,2578.1047,5,False
2,UAV_414,38.7876396,100.9950485,2576.6531,1,False
2,UAV_415,38.8393784,100.9602127,2571.7581,1,False
2,UAV_416,38.884922,101.0185547,2572.7554,2,False
2,UAV_417,38.9087181,101.1210785,2572.0396,4,False
2,UAV_418,38.8915291,100.9944992,2568.4404,2,False
2,UAV_419,38.8193665,100.9493027,2572.2791,1,False
2,UAV_420,38.8259888,100.9897995,2573.1433,1,False
2,UAV_421,38.7854729,101.0514908,2571.9236,3,False
2,UAV_422,38.8550682,101.0084991,2566.1453,3,False
2,UAV_423,38.8551292,101.0945358,2575.3911,5,False
2,UAV_424,38.8151436,100.9551773,2573.3474,1,False
2,UAV_425,38.8877182,101.0539703,2574.5994,0,False
2,UAV_426,38.8611336,101.0554962,2572.7766,4,False
2,UAV_427,38.8381119,101.0323715,2571.5225,3,False
2,UAV_428,38.8217049,100.9846649,2576.4385,1,False
2,UAV_429,38.8641624,100.9655228,2574.7412,1,False
2,UAV_430,38.7864418,101.0606613,2575.7085,5,False
2,UAV_431,38.8355637,101.0196304,2567.2871,3,False
2,UAV_432,38.8776093,101.0700302,2571.0027,4,False
2,UAV_433,38.9445763,100.9945831,2569.8408,2,False
2,UAV_434,38.8319206,101.0079803,2574.2288,1,False
2,UAV_435,38.8376198,101.0004959,2571.7817,3,False
2,UAV_436,38.8300362,100.9738922,2570.0415,3,False
2,UAV_437,38.9032936,101.1103516,2576.196,0,False
2,UAV_438,38.8979568,101.0078354,2570.0862,2,False
2,UAV_439,38.9663696,101.0239792,2572.2739,2,False
2,UAV_440,38.896553,101.009964,2575.1941,0,False
2,UAV_441,38.8039589,100.950676,2578.6543,1,False
2,UAV_442,38.8887749,101.0231705,2576.0239,0,False
2,UAV_443,38.9599495,101.0809708,2575.7959,0,False
2,UAV_444,38.8467636,100.9906158,2575.4321,1,False
2,UAV_445,38.8481483,101.0248566,2572.8625,1,False
2,UAV_446,38.8812675,101.0991821,2568.4644,4,False
2,UAV_447,38.9219284,101.0925217,2570.1931,4,False
2,UAV_448,38.7904358,101.0448608,2574.0146,5,False
2,UAV_449,38.8075409,101.0641861,2571.8093,5,False
2,UAV_450,38.8408852,101.1199493,2569.6033,4,False
2,UAV_451,38.7539673,101.0077744,2570.2222,3,False
2,UAV_452,38.8765526,101.086113,2578.3394,0,False
2,UAV_453,38.8998299,101.0391617,2571.2822,2,False
2,UAV_454,38.8702583,101.0914078,2577.6541,0,False
2,UAV_455,38.8658333,100.9782715,2578.6306,1,False
2,UAV_456,38.8052902,101.0413818,2574.7288,5,False
2,UAV_457,38.8378525,101.0472794,2569.6973,3,False
2,UAV_458,38.8833923,101.0718613,2573.2515,4,False
2,UAV_459,38.9004898,101.0005875,2575.6223,0,False
2,UAV_460,38.7998047,101.0887833,2573.7327,5,False
2,UAV_461,38.8792076,100.9775696,2571.6851,2,False
2,UAV_462,38.8805733,101.1050797,2573.5278,4,False
2,UAV_463,38.7907944,100.9821396,2572.9294,1,False
2,UAV_464,38.8267975,100.948555,2572.5818,1,False
2,UAV_465,38.8576164,100.9909897,2570.1687,2,False
2,UAV_466,38.8887444,101.1295853,2568.5859,4,False
2,UAV_467,38.8177261,101.0617371,2572.8789,5,False
2,UAV_468,38.8257713,101.0012131,2570.439,3,False
2,UAV_469,38.8444099,101.0582047,2571.9319,5,False
2,UAV_470,38.8460732,101.0630798,2574.7878,5,False
2,UAV_471,38.7979317,100.9870758,2575.2932,1,False
2,UAV_472,38.8890381,101.0946808,2574.092,4,False
2,UAV_473,38.78936,101.0605392,2570.1265,3,False
2,UAV_474,38.8003426,100.944664,2574.647,1,False
2,UAV_475,38.9112892,101.0298233,2572.0645,2,False
2,UAV_476,38.9571838,101.0750961,2569.522,4,False
2,UAV_477,38.8609734,101.0074081,2578.4604,0,False
2,UAV_478,38.9059334,100.9838867,2573.6526,2,False
2,UAV_479,38.8727226,101.1019211,2570.054,4,False
2,UAV_480,38.7707558,101.0391312,2572.9995,5,False
2,UAV_481,38.8220253,100.9742508,2575.2776,1,False
2,UAV_482,38.815258,101.0768204,2571.8022,5,False
2,UAV_483,38.9003334,101.1092987,2572.1248,4,False
2,UAV_484,38.8403091,101.0542908,2577.5444,0,False
2,UAV_485,38.8127861,101.0399857,2574.5718,5,False
2,UAV_486,38.8903847,101.0323181,2573.501,2,False
2,UAV_487,38.9309196,101.0080032,2572.4126,2,False
2,UAV_488,38.8592796,100.9897995,2574.3875,1,False
2,UAV_489,38.8177147,101.0399017,2570.2102,3,False
2,UAV_490,38.8375168,100.9697876,2574.0171,1,False
2,UAV_491,38.9413528,101.0298309,2570.4199,2,False
2,UAV_492,38.8649864,101.0445786,2570.9692,2,False
2,UAV_493,38.8025017,101.0484848,2571.5596,3,False
2,UAV_494,38.8094559,100.9935684,2572.2324,1,False
2,UAV_495,38.8733025,100.9936676,2569.04,2,False
2,UAV_496,38.8423691,101.0909424,2569.3271,4,False
2,UAV_497,38.8439865,101.0280609,2576.3435,1,False
2,UAV_498,38.8088646,101.0491638,2569.572,3,True
2,UAV_499,38.9141541,100.9647751,2570.0615,2,False
2,UAV_500,38.8125877,101.0495682,2576.9453,5,False
3,UAV_001,38.8307495,101.0992203,2572.5193,0,False
3,UAV_002,38.8877983,101.0253372,2571.4333,1,False
3,UAV_003,38.8905525,101.094017,2565.5054,0,False
3,UAV_004,38.8107033,100.9908142,2574.0044,5,False
3,UAV_005,38.8156738,101.1005707,2572.208,0,False
3,UAV_006,38.8219795,101.0827713,2575.9104,3,False
3,UAV_007,38.8810158,101.109375,2573.9741,2,False
3,UAV_008,38.9039841,101.0747299,2573.4797,2,False
3,UAV_009,38.9182854,101.105011,2569.427,2,False
3,UAV_010,38.8552017,100.9968185,2569.064,1,False
3,UAV_011,38.88097,101.0370178,2576.7705,4,False
3,UAV_012,38.8504791,100.9842529,2575.2415,4,False
3,UAV_013,38.8634682,101.0519943,2569.6343,0,False
3,UAV_014,38.8750992,100.9836578,2572.3179,1,False
3,UAV_015,38.8791237,100.9910736,2569.3494,1,False
3,UAV_016,38.9549942,100.9834518,2574.6797,4,False
3,UAV_017,38.8711662,101.0458298,2576.9841,4,False
3,UAV_018,38.8312798,101.0139389,2571.6438,5,False
3,UAV_019,38.8106079,101.0018234,2578.4861,3,False
3,UAV_020,38.7939148,101.0390549,2567.1648,0,False
3,UAV_021,38.8416595,101.136734,2569.5107,0,False
3,UAV_022,38.9095993,100.9542007,2573.1184,4,False
3,UAV_023,38.8733902,100.9651108,2566.2437,1,False
3,UAV_024,38.885334,101.0138397,2572.9158,1,False
3,UAV_025,38.9067154,101.0092316,2571.0159,1,False
3,UAV_026,38.8642197,101.0753403,2567.311,0,False
3,UAV_027,38.8699913,101.0865936,2576.8232,2,False
3,UAV_028,38.915081,101.1373138,2572.5381,2,False
3,UAV_029,38.8533821,101.0214462,2570.7771,1,False
3,UAV_030,38.86726,101.0166092,2575.1421,4,False
3,UAV_031,38.8691902,101.0176544,2574.7866,4,False
3,UAV_032,38.8531456,101.1175232,2568.6853,0,False
3,UAV_033,38.8858604,101.0782166,2574.0596,2,False
3,UAV_034,38.914196,101.0373459,2574.0771,4,False
3,UAV_035,38.8329544,101.0297775,2574.21,3,False
3,UAV_036,38.8860092,100.9261856,2572.9231,4,False
3,UAV_037,38.896122,100.984581,2573.1401,4,False
3,UAV_038,38.9172821,101.0114136,2572.7456,1,False
3,UAV_039,38.9327621,100.9926834,2570.2329,1,False
3,UAV_040,38.8592529,101.0449295,2579.3193,3,False
3,UAV_041,38.8752251,101.0087509,2570.686,1,False
3,UAV_042,38.8575401,101.092926,2568.6145,0,False
3,UAV_043,38.8735542,101.1152725,2571.6809,2,False
3,UAV_044,38.7510719,101.0597763,2571.344,0,False
3,UAV_045,38.9418182,101.053772,2571.9016,1,False
3,UAV_046,38.7622604,100.9820099,2572.4453,5,False
3,UAV_047,38.8966904,100.9960632,2574.5977,4,False
3,UAV_048,38.9440804,101.0385895,2577.053,4,False
3,UAV_049,38.7967796,101.0259857,2573.0046,5,False
3,UAV_050,38.8916588,101.0355988,2570.2236,1,False
3,UAV_051,38.862133,101.0343628,2576.7119,4,False
3,UAV_052,38.8032494,101.0541611,2580.4172,3,False
3,UAV_053,38.9021492,101.0595016,2569.8096,1,False
3,UAV_054,38.826828,101.0628357,2567.9634,0,False
3,UAV_055,38.7881737,101.0889435,2571.157,0,False
3,UAV_056,38.8422089,101.0112152,2571.1611,5,False
3,UAV_057,38.8107033,101.0985336,2570.5217,0,False
3,UAV_058,38.8270187,101.0297394,2567.4719,0,False
3,UAV_059,38.8044624,101.0374069,2578.0408,3,False
3,UAV_060,38.8022614,101.0522156,2568.2659,0,False
3,UAV_061,38.7907944,101.0662613,2573.0144,3,False
3,UAV_062,38.888752,101.0352173,2575.8616,4,False
3,UAV_063,38.8724709,100.9591522,2572.6714,1,False
3,UAV_064,38.8834953,101.1295471,2573.9316,2,False
3,UAV_065,38.953598,101.0115204,2569.6877,1,False
3,UAV_066,38.9135208,101.1377335,2572.5256,2,False
3,UAV_067,38.899334,100.9925613,2573.1553,4,False
3,UAV_068,38.9200897,101.040863,2572.095,1,False
3,UAV_069,38.9149208,101.0517578,2573.1914,2,False
3,UAV_070,38.8028793,101.0152206,2576.2886,3,False
3,UAV_071,38.8331566,101.1258011,2570.6372,0,False
3,UAV_072,38.8318596,101.0300598,2569.6782,0,True
3,UAV_073,38.8428688,101.0122681,2572.2212,5,False
3,UAV_074,38.8131104,101.026413,2573.7129,5,False
3,UAV_075,38.8150024,100.9827881,2578.865,3,False
3,UAV_076,38.8987579,100.9854965,2570.4658,1,False
3,UAV_077,38.8400078,101.0569839,2575.1533,3,False
3,UAV_078,38.9093399,101.0114975,2572.3464,1,False
3,UAV_079,38.9162064,101.0430145,2577.7024,4,False
3,UAV_080,38.9499702,101.1134796,2570.9368,2,False
3,UAV_081,38.8009796,100.9812698,2571.3,5,False
3,UAV_082,38.8153954,101.0749588,2568.7437,0,False
3,UAV_083,38.7375641,101.039566,2572.9272,5,False
3,UAV_084,38.8388634,101.0623627,2571.6106,0,False
3,UAV_085,38.9288139,101.0330429,2576.5386,4,False
3,UAV_086,38.8919563,101.0855103,2575.4946,2,False
3,UAV_087,38.8607864,101.1092148,2567.3796,0,False
3,UAV_088,38.826107,100.9654236,2576.3411,5,False
3,UAV_089,38.8712463,101.0649643,2576.9424,3,False
3,UAV_090,38.875946,101.0185013,2571.071,1,False
3,UAV_091,38.8327751,101.0267181,2568.9351,0,False
3,UAV_092,38.8251648,100.9960938,2575.4492,5,False
3,UAV_093,38.9211044,100.9878082,2576.0215,4,False
3,UAV_094,38.8152237,101.0425491,2574.7295,3,False
3,UAV_095,38.8545036,101.1043472,2576.5015,3,False
3,UAV_096,38.8681793,101.0710144,2567.9761,0,False
3,UAV_097,38.7394562,100.9354095,2570.187,5,False
3,UAV_098,38.8158951,101.0556793,2572.1956,0,False
3,UAV_099,38.8858871,101.0277176,2574.2395,4,False
3,UAV_100,38.9220657,101.1254196,2573.5208,2,False
3,UAV_101,38.9090271,100.9892578,2576.1165,4,False
3,UAV_102,38.8181725,101.0723114,2574.0503,3,False
3,UAV_103,38.8226967,100.9760437,2574.2556,5,False
3,UAV_104,38.8013306,101.0157013,2572.5227,5,False
3,UAV_105,38.8833389,101.0177155,2574.6763,4,False
3,UAV_106,38.8907242,101.0136414,2573.1643,4,False
3,UAV_107,38.7818718,101.0731583,2572.5935,0,False
3,UAV_108,38.938427,100.9935226,2576.2712,4,False
3,UAV_109,38.9198532,101.0366974,2575.9292,4,False
3,UAV_110,38.8277664,101.1070786,2569.1235,0,False
3,UAV_111,38.7867355,101.0196304,2571.4131,5,False
3,UAV_112,38.8164749,101.0265427,2575.9631,3,False
3,UAV_113,38.7652397,100.9707031,2568.311,5,False
3,UAV_114,38.9084587,101.0228577,2570.4971,1,False
3,UAV_115,38.8786697,101.0391312,2577.1868,4,False
3,UAV_116,38.8461266,101.0494995,2571.0454,0,False
3,UAV_117,38.8872528,100.9692001,2567.4331,1,False
3,UAV_118,38.7761497,101.0134888,2575.3264,5,False
3,UAV_119,38.8314629,101.1006622,2570.1577,0,False
3,UAV_120,38.8552704,101.0654526,2574.0273,3,False
3,UAV_121,38.7914352,101.102829,2575.5085,3,False
3,UAV_122,38.7885361,101.0369492,2573.8096,5,False
3,UAV_123,38.8844185,101.0608292,2570.5469,1,False
3,UAV_124,38.8694763,101.1209488,2577.9707,2,False
3,UAV_125,38.8274269,100.981308,2574.8586,5,False
3,UAV_126,38.7975082,101.0413132,2570.8245,0,False
3,UAV_127,38.9212227,101.0136642,2572.7449,1,False
3,UAV_128,38.8504868,100.9799576,2572.5212,5,False
3,UAV_129,38.8812103,101.0493851,2568.0002,1,False
3,UAV_130,38.8042603,101.0056458,2567.9048,5,False
3,UAV_131,38.9223328,100.9989929,2571.2295,1,False
3,UAV_132,38.8771667,100.9873123,2572.5869,1,False
3,UAV_133,38.8713188,101.0745544,2571.1736,2,False
3,UAV_134,38.7581978,101.0246658,2569.2415,5,False
3,UAV_135,38.806366,101.0487289,2567.364,0,False
3,UAV_136,38.8349648,101.0678482,2573.3447,3,False
3,UAV_137,38.8304291,101.0038681,2573.0684,5,False
3,UAV_138,38.8196869,101.0714569,2572.2419,0,False
3,UAV_139,38.84235,101.048851,2574.2371,3,False
3,UAV_140,38.8574562,101.1061249,2569.1714,0,False
3,UAV_141,38.8112488,101.0277939,2571.2988,5,False
3,UAV_142,38.8878288,101.0698318,2574.1421,2,False
3,UAV_143,38.837635,100.9675217,2568.8586,5,False
3,UAV_144,38.8495522,101.0805283,2567.9067,0,False
3,UAV_145,38.8748169,101.1266937,2571.4875,2,False
3,UAV_146,38.913784,100.9949265,2576.0488,4,False
3,UAV_147,38.9270744,100.9928665,2577.7163,4,False
3,UAV_148,38.8025627,100.9877319,2576.2715,5,False
3,UAV_149,38.8261833,101.0765076,2573.281,3,False
3,UAV_150,38.7878036,101.1094818,2568.5544,0,False
3,UAV_151,38.8254318,101.0966797,2570.8816,0,False
3,UAV_152,38.937233,100.9468384,2570.2698,1,False
3,UAV_153,38.8386192,101.1003265,2572.4302,0,False
3,UAV_154,38.798172,101.0663071,2577.5344,3,False
3,UAV_155,38.8451843,100.9883499,2575.8958,4,False
3,UAV_156,38.8865662,101.065155,2574.6431,2,False
3,UAV_157,38.7946014,101.1200104,2572.1047,0,False
3,UAV_158,38.8333778,101.0942307,2572.1987,0,False
3,UAV_159,38.8286514,101.0835342,2573.718,3,False
3,UAV_160,38.8530502,101.0411224,2572.5247,1,False
3,UAV_161,38.951519,101.1152115,2571.5996,2,False
3,UAV_162,38.8828964,101.0421066,2572.3284,1,False
3,UAV_163,38.7766724,101.0815735,2568.6448,0,False
3,UAV_164,38.7791252,101.0079041,2570.2644,5,False
3,UAV_165,38.8941498,100.971405,2575.6377,4,False
3,UAV_166,38.9281731,101.0863266,2578.0159,2,False
3,UAV_167,38.8927116,101.0181122,2576.5198,4,False
3,UAV_168,38.8002129,101.0879059,2571.4136,0,False
3,UAV_169,38.9132652,101.0117416,2572.7449,1,False
3,UAV_170,38.7804108,101.0833435,2570.1982,0,False
3,UAV_171,38.8635712,101.0473175,2578.2871,3,False
3,UAV_172,38.8330269,101.0593033,2571.4272,0,False
3,UAV_173,38.7758369,100.9752884,2571.4138,5,False
3,UAV_174,38.8377953,101.0022049,2574.2515,5,False
3,UAV_175,38.8747635,101.0888901,2572.3191,2,False
3,UAV_176,38.787056,101.1163864,2577.3025,3,False
3,UAV_177,38.7991943,101.0884399,2575.6279,3,False
3,UAV_178,38.8824043,101.0429001,2568.8879,1,False
3,UAV_179,38.8624878,101.0264969,2573.709,4,False
3,UAV_180,38.8664398,100.9898529,2570.53,1,True
3,UAV_181,38.930439,101.0338211,2569.9163,1,False
3,UAV_182,38.8568878,101.0563965,2570.75,0,False
3,UAV_183,38.8499451,100.9874649,2575.8621,4,False
3,UAV_184,38.7573395,101.0460663,2572.8633,5,False
3,UAV_185,38.9161301,101.051506,2571.6775,1,False
3,UAV_186,38.8573532,101.0417862,2577.9026,3,False
3,UAV_187,38.8556404,101.1086197,2570.1689,0,False
3,UAV_188,38.9128952,101.007576,2572.0649,1,False
3,UAV_189,38.8043518,100.9942703,2573.7046,5,False
3,UAV_190,38.9469604,100.9871063,2572.6287,1,False
3,UAV_191,38.8906021,100.9665604,2576.3677,4,False
3,UAV_192,38.7988434,100.9896927,2577.0588,5,False
3,UAV_193,38.7976227,101.0123138,2572.7578,5,False
3,UAV_194,38.906395,101.0467224,2571.8713,1,False
3,UAV_195,38.9648895,101.1079254,2572.5322,2,False
3,UAV_196,38.9394836,101.0590668,2572.4399,2,False
3,UAV_197,38.9325714,101.0273743,2572.5098,1,False
3,UAV_198,38.8061943,101.0317078,2576.8147,3,False
3,UAV_199,38.8808937,101.0365448,2575.6304,4,True
3,UAV_200,38.7813759,101.1073532,2574.0569,3,False
3,UAV_201,38.926487,101.0461273,2575.9346,4,False
3,UAV_202,38.8417091,100.9424133,2570.3113,5,False
3,UAV_203,38.8556862,101.0327835,2570.8628,1,False
3,UAV_204,38.849659,101.0094528,2574.1106,4,False
3,UAV_205,38.7841873,101.1147995,2565.1624,0,False
3,UAV_206,38.916008,101.0508118,2574.4988,2,False
3,UAV_207,38.8419609,101.0393829,2576.4424,3,False
3,UAV_208,38.8463058,101.086853,2568.937,0,False
3,UAV_209,38.8275185,101.1253433,2570.6396,0,False
3,UAV_210,38.9195633,101.046257,2569.1177,1,False
3,UAV_211,38.7365379,100.9770279,2570.4072,5,False
3,UAV_212,38.7773323,100.9777222,2570.1824,5,False
3,UAV_213,38.7919655,101.0604248,2573.3489,3,False
3,UAV_214,38.8269997,101.0589981,2573.7234,3,False
3,UAV_215,38.8295326,101.0905075,2579.2703,3,False
3,UAV_216,38.8245239,101.0176086,2570.335,5,False
3,UAV_217,38.9245758,101.1068878,2572.2231,2,False
3,UAV_218,38.8365021,100.9708176,2573.5427,5,False
3,UAV_219,38.7726669,101.076889,2573.5713,3,False
3,UAV_220,38.893074,101.0364914,2577.1155,4,False
3,UAV_221,38.8724709,101.0340347,2573.1663,1,False
3,UAV_222,38.8423233,101.0453339,2576.5569,3,False
3,UAV_223,38.8620186,101.094162,2571.583,2,False
3,UAV_224,38.7809868,100.9973602,2575.3059,5,False
3,UAV_225,38.8310776,101.0636978,2570.8013,0,False
3,UAV_226,38.80653,100.9819336,2569.7312,5,False
3,UAV_227,38.8498077,101.1116104,2574.353,2,False
3,UAV_228,38.7796516,101.0512238,2575.0139,3,False
3,UAV_229,38.9265976,100.9947739,2573.3137,4,False
3,UAV_230,38.8373566,101.0979614,2571.6333,0,False
3,UAV_231,38.8299599,101.0171967,2569.0181,5,False
3,UAV_232,38.7680206,100.9852142,2570.6753,5,False
3,UAV_233,38.7718468,100.9980392,2576.126,5,False
3,UAV_234,38.8702774,100.9876862,2575.3555,4,False
3,UAV_235,38.7617188,101.012085,2573.5815,5,False
3,UAV_236,38.8361359,101.0151596,2568.9941,1,False
3,UAV_237,38.8302994,101.1080093,2570.0503,0,False
3,UAV_238,38.9078751,101.1077118,2570.301,2,False
3,UAV_239,38.8146286,101.0809402,2575.0354,3,False
3,UAV_240,38.8618622,101.0271378,2569.5857,1,False
3,UAV_241,38.8573074,101.0073624,2570.2004,1,False
3,UAV_242,38.7861366,101.0176163,2570.0457,5,False
3,UAV_243,38.8241386,100.998436,2572.0093,5,False
3,UAV_244,38.7838478,101.1073914,2572.6252,0,False
3,UAV_245,38.9327507,100.9934616,2577.4348,4,False
3,UAV_246,38.9241829,101.0039215,2573.2661,4,False
3,UAV_247,38.9133606,101.0630188,2570.3059,1,False
3,UAV_248,38.8535805,101.0975723,2575.9534,3,False
3,UAV_249,38.8797302,100.9453735,2570.7861,1,False
3,UAV_250,38.9142075,101.004303,2575.3015,4,False
3,UAV_251,38.8396873,100.9941864,2577.9543,4,False
3,UAV_252,38.8010674,101.1285706,2575.6855,3,False
3,UAV_253,38.8229332,101.1391983,2569.2373,0,False
3,UAV_254,38.8790359,101.0586243,2570.8809,1,False
3,UAV_255,38.8817139,101.045372,2572.001,1,False
3,UAV_256,38.8989868,101.1191025,2570.1392,2,False
3,UAV_257,38.8612518,101.072876,2572.3389,2,False
3,UAV_258,38.8542938,101.1402664,2575.6624,2,False
3,UAV_259,38.8013229,101.1342239,2571.9124,0,False
3,UAV_260,38.8256569,101.0624466,2574.3516,3,False
3,UAV_261,38.9187889,101.1116867,2574.844,2,False
3,UAV_262,38.8935318,101.0831375,2578.7068,2,False
3,UAV_263,38.7944298,101.1318359,2570.0686,0,False
3,UAV_264,38.9203186,101.0590515,2570.5916,1,False
3,UAV_265,38.829998,101.0240707,2578.2034,3,False
3,UAV_266,38.8868675,101.1038055,2573.0261,2,False
3,UAV_267,38.8808365,101.0992279,2576.8879,2,False
3,UAV_268,38.9256592,100.9675446,2569.3579,1,False
3,UAV_269,38.9390182,101.0153427,2565.8547,1,False
3,UAV_270,38.8094482,101.0239258,2567.4124,0,False
3,UAV_271,38.8659973,100.9979172,2572.5776,1,False
3,UAV_272,38.7833061,100.9588547,2571.2263,5,False
3,UAV_273,38.8391228,101.0338287,2571.9185,5,False
3,UAV_274,38.8584404,101.01577,2575.3223,4,False
3,UAV_275,38.933876,100.9569092,2569.1353,1,False
3,UAV_276,38.7777214,101.0331116,2567.8555,0,False
3,UAV_277,38.7975693,101.002243,2572.5217,5,True
3,UAV_278,38.7901649,101.1074524,2567.8433,0,False
3,UAV_279,38.9285164,101.0904617,2577.6943,2,False
3,UAV_280,38.8650436,100.969223,2568.3538,1,False
3,UAV_281,38.9160233,101.0698776,2575.7847,2,False
3,UAV_282,38.845417,101.1087112,2576.6262,3,False
3,UAV_283,38.9160385,101.0888367,2573.6643,2,True
3,UAV_284,38.8820877,100.9865646,2570.3445,1,False
3,UAV_285,38.8581238,101.0781174,2569.2114,0,False
3,UAV_286,38.8510017,100.9579239,2577.738,4,False
3,UAV_287,38.85495,101.117569,2574.4612,2,False
3,UAV_288,38.9096107,101.0864029,2579.0112,2,False
3,UAV_289,38.8651695,101.0944748,2568.7664,0,False
3,UAV_290,38.7404213,100.9939346,2576.9004,5,False
3,UAV_291,38.884716,101.0935745,2576.0823,2,False
3,UAV_292,38.8685226,100.9940033,2571.4224,1,False
3,UAV_293,38.8459549,101.0744705,2570.1025,0,False
3,UAV_294,38.8339996,101.128891,2576.9761,3,False
3,UAV_295,38.9488869,101.08918,2571.7654,2,False
3,UAV_296,38.8386269,101.1077423,2570.8232,0,False
3,UAV_297,38.7767868,101.0293579,2572.0593,5,False
3,UAV_298,38.8746758,101.0861664,2573.2808,2,False
3,UAV_299,38.7921562,101.0504837,2575.4976,3,False
3,UAV_300,38.8238602,100.9632797,2574.2812,5,False
3,UAV_301,38.7750969,101.0526733,2576.635,3,False
3,UAV_302,38.8150635,101.1455612,2574.8162,3,False
3,UAV_303,38.8925858,101.1190872,2571.3875,2,False
3,UAV_304,38.9203911,101.0437164,2564.1687,1,False
3,UAV_305,38.8635712,100.9725494,2572.5063,1,False
3,UAV_306,38.8277245,101.0078506,2573.1816,5,False
3,UAV_307,38.831768,101.0003662,2573.0371,5,False
3,UAV_308,38.8944206,101.1139145,2570.585,2,False
3,UAV_309,38.9307976,101.057991,2568.7737,1,False
3,UAV_310,38.8712349,101.0015717,2579.2312,4,False
3,UAV_311,38.7799988,101.0547791,2570.6599,0,False
3,UAV_312,38.915062,101.0557251,2568.708,1,False
3,UAV_313,38.8648529,101.010643,2567.3796,1,False
3,UAV_314,38.9235268,100.9483719,2574.9045,4,False
3,UAV_315,38.8276863,101.018692,2565.2117,0,False
3,UAV_316,38.8936882,101.0335922,2571.1484,1,False
3,UAV_317,38.8960571,101.0301285,2571.3945,1,False
3,UAV_318,38.817894,101.0703964,2576.2358,3,True
3,UAV_319,38.8623695,101.0256424,2575.2595,4,False
3,UAV_320,38.8366776,101.0734711,2574.676,3,False
3,UAV_321,38.9684868,101.0557709,2575.1682,2,False
3,UAV_322,38.8131714,101.1248322,2572.9517,0,False
3,UAV_323,38.8180275,101.0244598,2577.7668,3,False
3,UAV_324,38.8682098,101.0318222,2573.1284,1,False
3,UAV_325,38.800621,101.1132126,2567.1667,0,False
3,UAV_326,38.8708153,101.1253357,2573.1179,2,False
3,UAV_327,38.899807,100.9861374,2571.1626,1,False
3,UAV_328,38.7985229,100.9591904,2577.5171,5,False
3,UAV_329,38.7793617,101.0715942,2570.3103,0,False
3,UAV_330,38.9284782,101.0013199,2578.6985,4,False
3,UAV_331,38.9185028,101.1346207,2571.1501,2,False
3,UAV_332,38.8898239,101.0430222,2572.5808,1,False
3,UAV_333,38.940464,100.9945602,2574.4124,4,False
3,UAV_334,38.9216385,100.9695053,2570.7725,1,False
3,UAV_335,38.7485542,101.0546417,2574.0349,3,False
3,UAV_336,38.8047791,100.9981079,2578.8538,3,False
3,UAV_337,38.8828926,101.0322495,2574.7817,4,False
3,UAV_338,38.8150101,101.0400925,2574.0828,3,False
3,UAV_339,38.7927017,101.1066666,2574.2371,3,False
3,UAV_340,38.8431969,101.0144272,2565.9609,1,False
3,UAV_341,38.8451271,101.0125046,2576.7544,4,False
3,UAV_342,38.8615303,101.0583344,2571.4685,0,False
3,UAV_343,38.8776512,101.0736847,2576.0022,2,False
3,UAV_344,38.9274292,101.1248779,2575.1165,2,False
3,UAV_345,38.8275909,101.0190887,2571.9941,5,False
3,UAV_346,38.8643494,101.0503006,2573.7524,2,False
3,UAV_347,38.8386497,101.0511932,2574.8472,3,False
3,UAV_348,38.8194008,101.051239,2574.9199,3,False
3,UAV_349,38.9084206,100.9838867,2573.8091,4,False
3,UAV_350,38.8275909,101.1206894,2571.5051,0,False
3,UAV_351,38.9269104,101.1311035,2574.2935,2,False
3,UAV_352,38.7571144,101.0357208,2573.3694,5,False
3,UAV_353,38.8210449,100.9618607,2571.9563,5,False
3,UAV_354,38.8015137,100.9821167,2579.7444,3,False
3,UAV_355,38.8855553,101.018692,2577.7004,4,False
3,UAV_356,38.8218613,101.0448303,2571.4578,0,False
3,UAV_357,38.7826271,100.9634552,2576.0173,5,False
3,UAV_358,38.8412285,101.0491104,2566.5615,0,False
3,UAV_359,38.7710495,100.9490967,2573.1147,5,False
3,UAV_360,38.8006363,101.1139145,2575.6167,3,False
3,UAV_361,38.8753395,101.0946045,2567.6716,0,False
3,UAV_362,38.8389587,101.0941086,2575.803,3,False
3,UAV_363,38.8570557,101.1253128,2576.332,2,False
3,UAV_364,38.8196106,101.0675583,2572.6953,0,False
3,UAV_365,38.8306274,101.0502625,2575.4919,3,False
3,UAV_366,38.8016853,101.1186676,2575.925,3,False
3,UAV_367,38.9114723,100.999382,2567.4133,1,False
3,UAV_368,38.8547134,101.0510483,2578.9167,3,False
3,UAV_369,38.9227409,101.1116562,2577.5681,2,False
3,UAV_370,38.8539658,101.0246277,2572.6926,1,False
3,UAV_371,38.8773918,101.0312119,2575.0088,4,False
3,UAV_372,38.8768578,101.0334244,2577.4631,4,False
3,UAV_373,38.8742523,101.1590042,2571.157,2,False
3,UAV_374,38.8017731,101.0525208,2570.8223,0,False
3,UAV_375,38.8079643,101.0396271,2578.0906,3,False
3,UAV_376,38.7944336,101.0152817,2573.4363,5,False
3,UAV_377,38.8848457,101.0897751,2571.7217,2,False
3,UAV_378,38.8951149,101.0809402,2569.78,2,False
3,UAV_379,38.8192787,100.9997635,2572.3516,5,False
3,UAV_380,38.8195992,100.9973373,2573.3723,5,False
3,UAV_381,38.8980484,101.0164642,2575.8892,4,False
3,UAV_382,38.8664207,100.9735336,2574.0698,4,False
3,UAV_383,38.9201355,101.0165634,2576.3408,4,False
3,UAV_384,38.8892326,100.9919357,2571.5791,1,False
3,UAV_385,38.8216248,101.0851898,2571.9055,0,False
3,UAV_386,38.8482208,101.0846252,2574.6138,3,False
3,UAV_387,38.8800354,101.0764618,2570.8621,2,False
3,UAV_388,38.8063087,101.0847778,2576.3979,3,False
3,UAV_389,38.7932472,101.089325,2575.3757,3,False
3,UAV_390,38.8159409,101.0047226,2568.887,5,False
3,UAV_391,38.7737846,101.0721436,2577.6145,3,False
3,UAV_392,38.8038177,101.0599518,2576.781,3,False
3,UAV_393,38.9065704,100.9908752,2569.8545,1,False
3,UAV_394,38.9419632,101.0628738,2574.0664,2,False
3,UAV_395,38.8783073,100.9978714,2566.6223,1,False
3,UAV_396,38.9525795,101.0303497,2575.2495,4,False
3,UAV_397,38.8338509,101.0220337,2577.9651,3,False
3,UAV_398,38.9023972,101.0849609,2571.9521,2,False
3,UAV_399,38.8690376,101.1034927,2572.252,2,False
3,UAV_400,38.855751,101.0260849,2572.3342,1,False
3,UAV_401,38.9286652,101.0251999,2571.8357,1,False
3,UAV_402,38.894783,101.0695419,2573.3345,2,False
3,UAV_403,38.8546333,101.0905075,2573.1477,2,False
3,UAV_404,38.9059258,101.0279694,2574.9895,4,False
3,UAV_405,38.9240074,101.0181274,2571.915,1,False
3,UAV_406,38.8695335,101.0446472,2574.0349,4,False
3,UAV_407,38.7964287,100.9773865,2566.5874,5,False
3,UAV_408,38.8002586,101.0632095,2572.3179,0,False
3,UAV_409,38.8793526,101.0173721,2569.5916,1,False
3,UAV_410,38.780159,101.047493,2573.9255,3,False
3,UAV_411,38.8878212,101.0495758,2570.606,1,False
3,UAV_412,38.824955,100.9568176,2572.8706,5,False
3,UAV_413,38.8164253,101.1007919,2580.7742,3,False
3,UAV_414,38.7944412,101.0077896,2580.2358,3,False
3,UAV_415,38.8492203,100.9576721,2572.1025,5,False
3,UAV_416,38.881794,101.0186005,2570.6367,1,False
3,UAV_417,38.9088707,101.1211777,2574.396,2,False
3,UAV_418,38.8940659,100.9925995,2574.1033,4,False
3,UAV_419,38.8148079,100.9492722,2573.3799,5,False
3,UAV_420,38.8253212,101.0067215,2575.7495,3,False
3,UAV_421,38.7842255,101.0501785,2568.8906,0,False
3,UAV_422,38.854847,101.0072861,2570.5991,1,False
3,UAV_423,38.8549919,101.0931015,2566.1506,0,False
3,UAV_424,38.8179626,100.9579315,2571.5801,5,False
3,UAV_425,38.8876953,101.0545273,2573.0432,2,False
3,UAV_426,38.8746758,101.0508652,2574.5134,4,False
3,UAV_427,38.8383827,101.032608,2573.6775,3,False
3,UAV_428,38.8224449,100.9832458,2569.8982,5,False
3,UAV_429,38.8707733,100.9677811,2574.5378,4,False
3,UAV_430,38.7846985,101.0612869,2578.2891,3,False
3,UAV_431,38.8340988,101.018219,2572.4226,5,False
3,UAV_432,38.8926163,101.057457,2573.4771,2,False
3,UAV_433,38.9414291,100.9936905,2571.4788,1,False
3,UAV_434,38.8328667,101.0069885,2573.2749,5,False
3,UAV_435,38.8364296,100.9998474,2570.1587,5,False
3,UAV_436,38.827404,100.9730225,2572.196,5,False
3,UAV_437,38.9024734,101.1112595,2576.6545,2,False
3,UAV_438,38.8962288,101.008522,2577.2136,4,False
3,UAV_439,38.9660721,101.0209045,2571.0005,1,False
3,UAV_440,38.8960457,101.0127411,2573.8076,4,False
3,UAV_441,38.800354,100.9506607,2575.1453,5,False
3,UAV_442,38.8864174,101.0229721,2572.7395,1,False
3,UAV_443,38.881916,101.0966568,2577.4424,2,False
3,UAV_444,38.8440285,100.9907684,2574.8547,4,False
3,UAV_445,38.8450623,101.0241928,2575.5659,3,False
3,UAV_446,38.8812714,101.0981903,2570.7668,2,False
3,UAV_447,38.9284706,101.0934143,2577.1814,2,False
3,UAV_448,38.7894287,101.04496,2575.3098,3,False
3,UAV_449,38.807518,101.06427,2572.0605,0,False
3,UAV_450,38.8333359,101.1244583,2574.4304,2,False
3,UAV_451,38.7534637,101.0058441,2572.2505,5,False
3,UAV_452,38.8762627,101.0863724,2580.1257,3,False
3,UAV_453,38.9007988,101.0373688,2567.0,1,False
3,UAV_454,38.8619423,101.0914612,2574.7478,2,False
3,UAV_455,38.8655663,100.9858627,2576.5439,4,False
3,UAV_456,38.8048935,101.0427017,2573.0044,5,False
3,UAV_457,38.8383102,101.0468903,2576.0081,3,False
3,UAV_458,38.8807945,101.0713043,2571.5547,2,False
3,UAV_459,38.8998604,101.0009079,2571.2002,1,False
3,UAV_460,38.7972603,101.0893478,2567.8818,0,False
3,UAV_461,38.8767815,100.9765625,2567.5925,1,False
3,UAV_462,38.8794403,101.108963,2574.23,2,False
3,UAV_463,38.789444,100.9825058,2572.8079,5,False
3,UAV_464,38.8071098,101.0287552,2571.8083,5,False
3,UAV_465,38.855175,100.9900436,2569.5188,1,False
3,UAV_466,38.886261,101.1248932,2573.4272,2,False
3,UAV_467,38.7933502,101.0215683,2572.3948,5,False
3,UAV_468,38.8001328,101.0471649,2575.3215,3,False
3,UAV_469,38.8446121,101.0578918,2571.0808,0,False
3,UAV_470,38.8459969,101.0631104,2574.6943,3,False
3,UAV_471,38.7988052,100.9873352,2577.3857,5,False
3,UAV_472,38.8943291,101.103653,2574.0605,2,False
3,UAV_473,38.7949181,101.05513,2572.2861,0,False
3,UAV_474,38.8030777,100.9437943,2565.0146,5,False
3,UAV_475,38.9119682,101.0296555,2574.2844,4,False
3,UAV_476,38.9572868,101.0722504,2574.1436,2,False
3,UAV_477,38.863121,101.009964,2578.313,4,False
3,UAV_478,38.9056396,100.9832535,2574.4033,4,False
3,UAV_479,38.873764,101.1011276,2575.4712,2,False
3,UAV_480,38.7736588,101.0376282,2573.5198,5,False
3,UAV_481,38.8218002,100.974411,2568.6443,5,False
3,UAV_482,38.8132439,101.0766296,2567.874,0,False
3,UAV_483,38.900013,101.1092377,2569.3264,2,False
3,UAV_484,38.8369446,101.0542679,2576.771,3,False
3,UAV_485,38.8116913,101.0394821,2567.3721,0,False
3,UAV_486,38.8918648,101.0324326,2572.1223,1,False
3,UAV_487,38.9299164,101.0085907,2569.5142,1,False
3,UAV_488,38.8620415,100.9979401,2575.9521,4,False
3,UAV_489,38.8178978,101.0387039,2566.2427,0,False
3,UAV_490,38.8445663,100.9696808,2574.5374,5,False
3,UAV_491,38.9403801,101.0307617,2579.3757,4,False
3,UAV_492,38.8640556,101.0447998,2577.1812,3,False
3,UAV_493,38.7936707,100.9787674,2574.3191,5,False
3,UAV_494,38.8087044,100.9941254,2575.8127,5,False
3,UAV_495,38.8753014,100.987999,2572.2705,1,False
3,UAV_496,38.8392448,101.0890884,2570.9951,0,False
3,UAV_497,38.8414764,101.0286102,2574.3865,3,False
3,UAV_498,38.806469,101.0477219,2566.553,0,False
3,UAV_499,38.9160271,100.964653,2574.8667,4,False
3,UAV_500,38.8097916,101.0508194,2576.2766,3,False
4,UAV_001,38.830719,101.0986404,2570.8037,3,False
4,UAV_002,38.8884926,101.0235519,2569.1707,1,False
4,UAV_003,38.8914108,101.092865,2573.4204,0,False
4,UAV_004,38.8128433,100.9909134,2573.0154,4,False
4,UAV_005,38.8157158,101.1003342,2571.4758,3,False
4,UAV_006,38.824482,101.0850983,2573.6958,5,False
4,UAV_007,38.8807602,101.1085739,2567.9219,0,False
4,UAV_008,38.9023476,101.0748215,2568.6792,0,False
4,UAV_009,38.9180984,101.1048431,2569.8723,0,False
4,UAV_010,38.8525734,100.9941177,2571.5317,1,False
4,UAV_011,38.8826218,101.0370712,2573.2136,1,False
4,UAV_012,38.8701057,100.9756622,2570.6743,1,False
4,UAV_013,38.8629189,101.0523987,2572.8877,0,False
4,UAV_014,38.8744507,100.9934769,2581.7583,2,False
4,UAV_015,38.8790741,100.9898987,2568.8865,1,False
4,UAV_016,38.9562073,100.9833145,2574.1174,2,False
4,UAV_017,38.8741722,101.0446548,2576.7122,2,False
4,UAV_018,38.8303566,101.0122681,2568.9844,3,False
4,UAV_019,38.8147278,101.0230637,2579.0703,4,False
4,UAV_020,38.7920036,101.0350342,2569.0564,3,False
4,UAV_021,38.8457909,101.1229324,2568.8235,3,False
4,UAV_022,38.9154778,100.9563599,2579.0959,2,False
4,UAV_023,38.873558,100.9644623,2569.6331,1,False
4,UAV_024,38.8871422,101.0137253,2578.7532,2,False
4,UAV_025,38.9056091,101.008667,2570.5522,1,False
4,UAV_026,38.8676147,101.0749969,2575.5344,5,False
4,UAV_027,38.8630219,101.086731,2576.74,5,False
4,UAV_028,38.9139366,101.1365967,2572.5117,0,False
4,UAV_029,38.8516617,101.0211945,2569.3606,1,False
4,UAV_030,38.8658829,101.0174484,2573.8928,2,False
4,UAV_031,38.8683853,101.0185242,2575.1912,2,False
4,UAV_032,38.8538895,101.1158981,2571.2246,0,False
4,UAV_033,38.8859138,101.0780029,2573.7686,0,False
4,UAV_034,38.9135208,101.0380859,2572.5088,1,False
4,UAV_035,38.8330688,101.0295639,2574.9468,4,False
4,UAV_036,38.8938103,100.9249039,2574.4128,2,False
4,UAV_037,38.8969383,100.9872131,2567.6467,1,False
4,UAV_038,38.9163895,101.0123367,2578.1694,2,False
4,UAV_039,38.9340668,100.9926224,2571.2246,1,False
4,UAV_040,38.8482208,101.0469055,2573.3318,5,False
4,UAV_041,38.8752823,101.0059814,2568.7488,1,False
4,UAV_042,38.8575745,101.0870209,2568.8015,3,False
4,UAV_043,38.8733368,101.1130066,2569.1416,0,False
4,UAV_044,38.7481117,101.0573578,2577.4473,5,False
4,UAV_045,38.9427872,101.0529709,2566.5032,1,False
4,UAV_046,38.7627411,100.9800644,2573.4458,4,False
4,UAV_047,38.8955498,100.9960709,2574.6187,2,False
4,UAV_048,38.9448051,101.0398026,2575.7915,2,False
4,UAV_049,38.7949104,101.0255585,2578.1492,4,False
4,UAV_050,38.89188,101.0354309,2570.0068,1,False
4,UAV_051,38.862011,101.0384293,2575.1843,2,False
4,UAV_052,38.8070641,101.053215,2574.3696,5,False
4,UAV_053,38.9041481,101.0587921,2575.0269,2,False
4,UAV_054,38.8267975,101.0627975,2573.8394,5,False
4,UAV_055,38.7876434,101.0883713,2567.6108,3,False
4,UAV_056,38.8464355,101.0096359,2568.8188,1,False
4,UAV_057,38.8097305,101.0974579,2570.3337,3,False
4,UAV_058,38.8268661,101.0295334,2573.7202,4,False
4,UAV_059,38.8216896,101.0785446,2571.2759,3,False
4,UAV_060,38.8002434,101.0504303,2569.5669,3,True
4,UAV_061,38.7934074,101.0614243,2568.4614,3,False
4,UAV_062,38.8924828,101.0373611,2576.9836,2,False
4,UAV_063,38.8755226,100.9571457,2570.688,1,False
4,UAV_064,38.8852921,101.1282654,2575.0901,0,False
4,UAV_065,38.9520416,101.0092392,2568.0339,1,False
4,UAV_066,38.9145241,101.1372299,2576.509,0,False
4,UAV_067,38.9166298,100.9950714,2576.1731,2,False
4,UAV_068,38.9175377,101.0412598,2568.8982,1,False
4,UAV_069,38.9166565,101.0501556,2568.8496,1,False
4,UAV_070,38.8024292,101.0157852,2575.3501,4,False
4,UAV_071,38.8326111,101.1260986,2573.0688,5,False
4,UAV_072,38.8319397,101.0280685,2571.0715,3,False
4,UAV_073,38.839859,101.0125046,2574.3113,4,False
4,UAV_074,38.8036728,101.0302658,2577.4224,4,False
4,UAV_075,38.8149529,100.9828339,2576.991,4,False
4,UAV_076,38.8962135,100.987175,2574.6042,2,False
4,UAV_077,38.8652077,101.0892334,2570.7539,0,False
4,UAV_078,38.909317,101.0114059,2567.1006,1,False
4,UAV_079,38.9157295,101.0434418,2575.5635,2,False
4,UAV_080,38.9510155,101.1128922,2575.2622,0,False
4,UAV_081,38.7926865,100.9813614,2576.5828,4,False
4,UAV_082,38.8145447,101.0741501,2571.7729,3,False
4,UAV_083,38.7372017,101.0379791,2574.8376,4,False
4,UAV_084,38.841011,101.0625687,2570.4038,3,False
4,UAV_085,38.9259796,101.03302,2577.5225,2,False
4,UAV_086,38.901371,101.0922699,2576.0454,0,False
4,UAV_087,38.8598404,101.1064301,2573.7441,5,False
4,UAV_088,38.8177719,100.9654388,2571.0283,4,False
4,UAV_089,38.8703537,101.0651932,2571.2324,0,False
4,UAV_090,38.8759499,101.0188141,2570.5845,1,False
4,UAV_091,38.832592,101.0264053,2573.5146,4,False
4,UAV_092,38.8249016,100.9961777,2575.8645,4,False
4,UAV_093,38.9080353,100.9613037,2570.0549,1,False
4,UAV_094,38.8157349,101.0403366,2571.1091,3,False
4,UAV_095,38.8548164,101.1044083,2578.4055,5,False
4,UAV_096,38.8677788,101.0707245,2566.5059,3,False
4,UAV_097,38.7479973,100.9664536,2578.5635,4,False
4,UAV_098,38.8244209,101.0475922,2572.6787,5,False
4,UAV_099,38.8874283,101.0277328,2572.2488,1,False
4,UAV_100,38.9206009,101.1249771,2574.9087,0,False
4,UAV_101,38.9064598,100.9892883,2576.0327,2,False
4,UAV_102,38.8175316,101.0721893,2566.9863,3,False
4,UAV_103,38.8469124,101.0079651,2574.4312,4,False
4,UAV_104,38.8011589,101.0159225,2572.5361,4,False
4,UAV_105,38.8845596,101.0171356,2571.5393,1,False
4,UAV_106,38.8912697,101.0124664,2574.4165,2,False
4,UAV_107,38.7821426,101.0731659,2572.0273,3,False
4,UAV_108,38.9398499,100.9934998,2570.5303,1,True
4,UAV_109,38.9222946,101.0368881,2572.7588,1,False
4,UAV_110,38.8271866,101.1064224,2571.5925,5,False
4,UAV_111,38.7870522,101.0113525,2573.2676,4,False
4,UAV_112,38.8010101,101.0240326,2577.4214,4,False
4,UAV_113,38.774128,100.9668503,2569.5095,4,False
4,UAV_114,38.9079666,101.021553,2570.6384,1,False
4,UAV_115,38.8785553,101.0393753,2575.2229,2,False
4,UAV_116,38.8430977,101.0535507,2573.0149,5,False
4,UAV_117,38.8876114,100.9667816,2573.4487,1,False
4,UAV_118,38.7767181,101.0156479,2574.791,4,False
4,UAV_119,38.8298683,101.0988159,2572.8113,5,False
4,UAV_120,38.8551865,101.0658188,2573.3655,5,False
4,UAV_121,38.7911263,101.1033707,2573.5303,5,False
4,UAV_122,38.7881165,101.037262,2570.3047,3,False
4,UAV_123,38.8846016,101.0581436,2570.51,0,False
4,UAV_124,38.8697014,101.1210556,2579.1445,5,False
4,UAV_125,38.829052,100.9813004,2573.0361,4,False
4,UAV_126,38.79739,101.0401688,2566.7175,3,False
4,UAV_127,38.9207039,101.0140152,2577.6646,2,False
4,UAV_128,38.8508682,100.9793625,2567.8838,1,False
4,UAV_129,38.8819656,101.0437164,2570.5496,1,False
4,UAV_130,38.8031731,101.0051651,2573.5403,4,False
4,UAV_131,38.9206505,100.9978409,2571.8237,1,False
4,UAV_132,38.8623123,101.0214844,2575.9856,2,False
4,UAV_133,38.8711166,101.0729065,2570.9114,0,False
4,UAV_134,38.7575035,101.0238953,2570.7986,3,False
4,UAV_135,38.8056297,101.0479126,2568.5535,3,False
4,UAV_136,38.8352356,101.0665894,2569.825,3,False
4,UAV_137,38.8307037,101.0030136,2571.8418,4,False
4,UAV_138,38.8192673,101.0708466,2571.0388,3,False
4,UAV_139,38.8406906,101.0485458,2574.6602,5,False
4,UAV_140,38.856884,101.1045837,2573.3594,5,False
4,UAV_141,38.8117714,101.0255737,2572.7571,4,False
4,UAV_142,38.8856621,101.0708542,2574.6506,0,False
4,UAV_143,38.8365059,100.964859,2573.8435,4,True
4,UAV_144,38.8493004,101.0805206,2573.2559,5,False
4,UAV_145,38.8741875,101.1255264,2571.9548,0,False
4,UAV_146,38.9004364,101.0188675,2580.6992,2,False
4,UAV_147,38.9266701,100.9934387,2575.7639,2,False
4,UAV_148,38.8029518,100.9877548,2574.9265,4,False
4,UAV_149,38.823204,101.0767212,2578.063,5,False
4,UAV_150,38.7875862,101.1093063,2572.5825,5,False
4,UAV_151,38.8254433,101.0905914,2571.9561,5,False
4,UAV_152,38.9443359,100.9468231,2571.9807,1,False
4,UAV_153,38.8359337,101.1086273,2578.7554,5,False
4,UAV_154,38.7881393,101.0663605,2576.2834,5,False
4,UAV_155,38.8488045,100.9911652,2574.3457,4,False
4,UAV_156,38.8861389,101.0665359,2573.4922,0,False
4,UAV_157,38.7951012,101.119957,2575.7793,5,False
4,UAV_158,38.8346596,101.0943909,2572.8093,5,False
4,UAV_159,38.8292542,101.0832367,2569.0891,3,False
4,UAV_160,38.8497276,101.0391541,2567.302,3,False
4,UAV_161,38.951622,101.1124649,2570.2083,0,False
4,UAV_162,38.8834496,101.0400009,2564.6128,1,False
4,UAV_163,38.77351,101.0810089,2570.5122,3,False
4,UAV_164,38.7784042,101.0068893,2571.8486,4,False
4,UAV_165,38.8932037,100.975174,2575.9165,2,False
4,UAV_166,38.9253693,101.086319,2576.3369,0,False
4,UAV_167,38.8943863,101.0181732,2576.5339,2,False
4,UAV_168,38.8020821,101.087944,2571.928,3,False
4,UAV_169,38.9104424,101.011734,2581.7209,2,False
4,UAV_170,38.7850151,101.0785217,2566.6855,3,False
4,UAV_171,38.8638039,101.047081,2573.4175,5,False
4,UAV_172,38.8319016,101.0589294,2571.4707,3,False
4,UAV_173,38.775547,100.97509,2570.0366,4,False
4,UAV_174,38.8379478,101.0024261,2574.3359,4,False
4,UAV_175,38.874073,101.0896301,2576.533,5,False
4,UAV_176,38.786869,101.1163483,2568.1104,3,False
4,UAV_177,38.7995949,101.0884933,2574.5999,5,False
4,UAV_178,38.8830681,101.0410309,2572.3306,1,False
4,UAV_179,38.8602676,101.0268478,2571.9541,1,False
4,UAV_180,38.8661613,100.9902344,2570.6733,1,False
4,UAV_181,38.9307022,101.0312424,2568.5522,1,False
4,UAV_182,38.8570557,101.056221,2574.5718,5,False
4,UAV_183,38.8507652,100.9860306,2568.6536,1,False
4,UAV_184,38.7540779,101.0441208,2574.5105,4,False
4,UAV_185,38.9148254,101.0498886,2567.9341,1,False
4,UAV_186,38.8586197,101.0414352,2574.5593,2,False
4,UAV_187,38.8551445,101.1075287,2573.751,5,False
4,UAV_188,38.913044,101.0074158,2572.6516,1,False
4,UAV_189,38.8031044,100.9948196,2574.083,4,False
4,UAV_190,38.9456291,100.9846268,2574.3328,2,False
4,UAV_191,38.8910103,100.9659042,2570.6157,1,False
4,UAV_192,38.7768097,100.9896774,2570.3064,4,False
4,UAV_193,38.8023529,101.0122604,2574.2937,4,False
4,UAV_194,38.9063454,101.0571365,2573.3572,0,False
4,UAV_195,38.9052467,101.088623,2572.3081,0,False
4,UAV_196,38.9264259,101.1381378,2573.1042,0,False
4,UAV_197,38.9321022,101.0277023,2573.4033,2,False
4,UAV_198,38.8060875,101.0314789,2571.8118,3,False
4,UAV_199,38.8805542,101.0369263,2572.6882,1,False
4,UAV_200,38.7804642,101.1065445,2574.4783,5,False
4,UAV_201,38.9314461,101.0441437,2576.103,2,False
4,UAV_202,38.8158989,100.9424286,2574.3162,4,False
4,UAV_203,38.8545647,101.0331955,2581.1897,2,False
4,UAV_204,38.8538437,101.0106201,2574.1265,4,False
4,UAV_205,38.7838936,101.1147003,2568.4146,3,False
4,UAV_206,38.9150581,101.0504303,2572.563,0,True
4,UAV_207,38.8421631,101.0395737,2577.125,2,False
4,UAV_208,38.846447,101.0863342,2568.9067,3,False
4,UAV_209,38.8387108,101.0735931,2573.2231,5,False
4,UAV_210,38.919323,101.0454254,2567.761,1,False
4,UAV_211,38.7307014,101.0112762,2572.2947,4,False
4,UAV_212,38.7744141,100.9773178,2572.4473,4,False
4,UAV_213,38.7824402,101.0575333,2579.1904,5,False
4,UAV_214,38.82687,101.0590363,2576.8335,5,False
4,UAV_215,38.8249664,101.0904922,2573.5818,5,False
4,UAV_216,38.821331,101.016716,2573.1941,4,False
4,UAV_217,38.957531,101.0761414,2573.8167,0,False
4,UAV_218,38.8436165,100.9708328,2572.9949,4,False
4,UAV_219,38.772583,101.0770874,2575.0227,5,False
4,UAV_220,38.8929138,101.0365677,2575.5547,2,False
4,UAV_221,38.8725243,101.0343094,2574.8389,2,False
4,UAV_222,38.8423386,101.0472031,2575.4778,5,False
4,UAV_223,38.8601608,101.093811,2569.4526,3,False
4,UAV_224,38.7788734,100.9929657,2566.9102,3,False
4,UAV_225,38.8584633,101.1231155,2576.165,5,False
4,UAV_226,38.8045044,100.9809799,2570.3679,4,False
4,UAV_227,38.8496666,101.1118851,2576.4451,5,False
4,UAV_228,38.7751274,101.051178,2575.6594,5,False
4,UAV_229,38.9327927,100.9946213,2574.043,2,False
4,UAV_230,38.8290329,101.0979843,2571.0762,3,False
4,UAV_231,38.8368645,101.0164566,2571.0183,1,False
4,UAV_232,38.76688,100.9837265,2570.304,4,False
4,UAV_233,38.7711029,100.9976273,2573.24,4,False
4,UAV_234,38.8726959,100.9877853,2573.0757,1,False
4,UAV_235,38.7641296,101.0095901,2569.2578,3,False
4,UAV_236,38.8347511,101.0109711,2572.2522,4,False
4,UAV_237,38.8284073,101.0953903,2573.1575,5,False
4,UAV_238,38.9082642,101.1052856,2569.5474,0,False
4,UAV_239,38.8156242,101.0794907,2568.8523,3,False
4,UAV_240,38.8604431,101.0270691,2571.9944,1,False
4,UAV_241,38.8579254,101.0053787,2571.4336,1,False
4,UAV_242,38.785881,101.0175781,2572.2087,4,False
4,UAV_243,38.8241386,100.9981308,2568.0447,3,False
4,UAV_244,38.7838249,101.1061325,2571.0486,3,False
4,UAV_245,38.9287834,100.9974442,2577.0996,2,False
4,UAV_246,38.9210358,101.0038834,2572.5618,1,False
4,UAV_247,38.914135,101.0630188,2575.0537,0,False
4,UAV_248,38.866703,101.100647,2572.3123,0,False
4,UAV_249,38.884079,100.9405594,2568.0784,1,False
4,UAV_250,38.9013138,100.9788055,2572.72,1,False
4,UAV_251,38.8412094,100.9942856,2571.283,1,False
4,UAV_252,38.7996597,101.1293488,2574.5891,5,False
4,UAV_253,38.8199425,101.1373062,2570.0332,3,False
4,UAV_254,38.8782616,101.0584946,2573.426,0,False
4,UAV_255,38.8792267,101.0445786,2568.8298,1,False
4,UAV_256,38.8990517,101.1186447,2573.3774,0,False
4,UAV_257,38.8607407,101.0731659,2577.0056,5,False
4,UAV_258,38.8965645,101.0876846,2574.2871,0,False
4,UAV_259,38.8034096,101.1282806,2573.1106,5,False
4,UAV_260,38.8254662,101.0625916,2575.9773,5,False
4,UAV_261,38.9031944,101.0922089,2570.3508,0,False
4,UAV_262,38.8869705,101.0856094,2574.6169,0,False
4,UAV_263,38.7943611,101.132515,2573.7554,5,False
4,UAV_264,38.9217834,101.0575027,2573.8704,0,False
4,UAV_265,38.8274307,101.0271225,2574.957,4,False
4,UAV_266,38.8861923,101.1039429,2572.3372,0,False
4,UAV_267,38.8808479,101.0996552,2575.0781,0,False
4,UAV_268,38.9258156,100.9673996,2577.5491,2,False
4,UAV_269,38.9389191,101.0124817,2569.6492,1,False
4,UAV_270,38.8095245,101.0229645,2571.9861,4,False
4,UAV_271,38.8654556,100.9982376,2572.8076,1,False
4,UAV_272,38.7753983,100.9584961,2566.5503,3,False
4,UAV_273,38.8395576,101.0334167,2570.9587,3,False
4,UAV_274,38.857933,101.0163422,2573.1067,4,False
4,UAV_275,38.9329414,100.9541473,2567.5037,1,False
4,UAV_276,38.7810402,101.0321121,2571.9165,4,False
4,UAV_277,38.797081,101.0010757,2573.4053,4,False
4,UAV_278,38.7903366,101.1069412,2573.8657,5,False
4,UAV_279,38.9257507,101.0905304,2578.7993,2,False
4,UAV_280,38.8639183,100.9665909,2572.0432,1,False
4,UAV_281,38.908638,101.0731125,2579.6118,2,False
4,UAV_282,38.847805,101.1108551,2574.5427,5,False
4,UAV_283,38.9153633,101.0893173,2571.1584,0,False
4,UAV_284,38.8833237,100.9851151,2573.3223,1,False
4,UAV_285,38.8573532,101.078743,2575.7517,5,False
4,UAV_286,38.8543282,100.9614868,2575.6882,4,False
4,UAV_287,38.8541946,101.1179733,2575.6272,5,False
4,UAV_288,38.9093895,101.0865784,2571.4551,0,False
4,UAV_289,38.8699455,101.0894852,2568.001,3,False
4,UAV_290,38.7521477,101.0047302,2574.7424,4,False
4,UAV_291,38.8711624,101.0373154,2576.1187,2,False
4,UAV_292,38.8678017,100.9947739,2574.2622,2,False
4,UAV_293,38.8436623,101.077179,2574.3252,5,False
4,UAV_294,38.8344727,101.129425,2573.8174,5,False
4,UAV_295,38.9208832,101.0676346,2572.2952,0,False
4,UAV_296,38.8388557,101.1075516,2574.5391,5,False
4,UAV_297,38.7758751,101.0257568,2572.1792,4,False
4,UAV_298,38.8711586,101.0694275,2575.7319,5,False
4,UAV_299,38.7917328,101.0508575,2574.3438,5,False
4,UAV_300,38.8233414,100.9634323,2576.2458,4,False
4,UAV_301,38.797287,101.0636368,2577.3306,5,False
4,UAV_302,38.8136368,101.1465073,2576.053,5,False
4,UAV_303,38.8935699,101.1184998,2574.1624,0,False
4,UAV_304,38.91922,101.0429459,2572.9087,0,False
4,UAV_305,38.8636513,100.972496,2570.6587,1,False
4,UAV_306,38.8280144,101.006691,2573.6648,4,False
4,UAV_307,38.830555,101.0047226,2576.2051,4,False
4,UAV_308,38.8928185,101.1143951,2574.5859,0,False
4,UAV_309,38.9291382,101.0573425,2574.2495,0,False
4,UAV_310,38.8674088,101.0054321,2578.3186,2,False
4,UAV_311,38.7776947,101.0541458,2568.4854,3,False
4,UAV_312,38.9139519,101.0553894,2570.8872,0,False
4,UAV_313,38.8660774,101.0091476,2574.0891,2,False
4,UAV_314,38.9260216,100.94841,2572.7012,1,False
4,UAV_315,38.8293114,100.9662704,2573.958,4,False
4,UAV_316,38.8940277,101.0320969,2570.6128,1,False
4,UAV_317,38.8971367,101.0273514,2565.8787,1,False
4,UAV_318,38.8174553,101.0708923,2573.9146,5,False
4,UAV_319,38.8548851,101.0276794,2576.7007,2,False
4,UAV_320,38.8201027,101.0816803,2577.8679,5,False
4,UAV_321,38.9621429,101.030304,2576.2344,2,False
4,UAV_322,38.812233,101.1238022,2573.2395,5,False
4,UAV_323,38.7379189,101.0795593,2571.0081,3,False
4,UAV_324,38.869091,101.0311661,2572.6716,1,False
4,UAV_325,38.8004951,101.1128082,2566.6621,3,False
4,UAV_326,38.8705063,101.1256561,2574.0664,0,False
4,UAV_327,38.8983994,100.9856339,2570.0938,1,False
4,UAV_328,38.8148308,101.006691,2570.9551,4,False
4,UAV_329,38.823616,101.0826492,2573.1079,5,False
4,UAV_330,38.9280548,101.0016632,2570.9932,1,False
4,UAV_331,38.9194946,101.1340485,2570.1904,0,False
4,UAV_332,38.8906593,101.0430908,2576.4897,2,True
4,UAV_333,38.941658,100.9945602,2574.4883,2,False
4,UAV_334,38.9357719,100.9578934,2569.7036,1,False
4,UAV_335,38.747818,101.0523911,2566.6794,3,False
4,UAV_336,38.8009071,100.9980927,2574.293,4,False
4,UAV_337,38.8827782,101.0318832,2570.0305,1,False
4,UAV_338,38.8123665,101.0401535,2575.2344,5,False
4,UAV_339,38.7905388,101.108757,2574.3511,5,False
4,UAV_340,38.8434753,101.0130615,2571.1963,1,False
4,UAV_341,38.84198,101.0124817,2575.9634,4,False
4,UAV_342,38.9066048,101.1184082,2570.668,0,False
4,UAV_343,38.8720741,101.0790253,2575.7649,5,False
4,UAV_344,38.9275208,101.125206,2573.0889,0,False
4,UAV_345,38.8276062,101.0189972,2572.084,4,False
4,UAV_346,38.8643646,101.0439148,2572.04,1,False
4,UAV_347,38.8392792,101.0492249,2572.1072,3,False
4,UAV_348,38.821106,101.0513535,2574.1375,5,False
4,UAV_349,38.8737068,101.001091,2573.75,2,False
4,UAV_350,38.8179321,101.1208649,2574.6748,5,False
4,UAV_351,38.9258537,101.131752,2572.7969,0,False
4,UAV_352,38.7913704,101.0722046,2573.697,5,False
4,UAV_353,38.8205833,100.9589233,2570.5178,4,False
4,UAV_354,38.8011246,100.9824524,2577.4111,4,False
4,UAV_355,38.8842163,101.0195618,2572.3428,1,False
4,UAV_356,38.8216743,101.0444031,2573.8562,5,False
4,UAV_357,38.7486496,101.0266724,2580.126,4,False
4,UAV_358,38.8443222,101.0484543,2569.6128,3,False
4,UAV_359,38.7907829,100.988266,2566.1746,3,False
4,UAV_360,38.8019676,101.1184464,2572.5344,5,False
4,UAV_361,38.8658485,101.0879364,2572.0066,0,False
4,UAV_362,38.8385773,101.094223,2576.6401,5,False
4,UAV_363,38.8551025,101.125679,2573.6111,5,False
4,UAV_364,38.8144035,101.0564346,2569.1768,3,False
4,UAV_365,38.8267288,101.0541153,2571.5591,3,False
4,UAV_366,38.7959518,101.1217575,2575.9963,5,False
4,UAV_367,38.9112053,100.9964828,2571.4844,1,False
4,UAV_368,38.8544312,101.053566,2572.407,5,False
4,UAV_369,38.9041519,101.1134109,2573.0037,0,False
4,UAV_370,38.853775,101.0251923,2578.8816,2,False
4,UAV_371,38.87743,101.0312958,2574.5527,2,False
4,UAV_372,38.8772964,101.0335693,2573.3794,2,False
4,UAV_373,38.8710403,101.1571121,2571.1301,0,False
4,UAV_374,38.8022575,101.0524521,2577.0559,5,False
4,UAV_375,38.8080254,101.0397034,2573.3892,4,False
4,UAV_376,38.7944603,101.0154572,2570.8291,3,False
4,UAV_377,38.8799896,101.0937424,2574.2024,0,False
4,UAV_378,38.8934326,101.0807419,2568.8142,0,False
4,UAV_379,38.8165283,100.9999542,2573.0649,4,False
4,UAV_380,38.8208122,100.9972534,2572.5334,4,False
4,UAV_381,38.8899803,101.0226746,2576.25,2,False
4,UAV_382,38.8441391,100.9949799,2576.7246,2,False
4,UAV_383,38.9198952,101.0168686,2573.6785,2,False
4,UAV_384,38.8891945,100.991684,2570.6414,1,False
4,UAV_385,38.8204956,101.0825424,2573.3586,5,False
4,UAV_386,38.8482132,101.0847168,2576.0093,5,False
4,UAV_387,38.8800087,101.0750427,2571.8464,0,False
4,UAV_388,38.8062172,101.0849152,2573.7639,5,False
4,UAV_389,38.7912483,101.0920868,2576.7292,5,False
4,UAV_390,38.816967,101.0038681,2570.6223,4,False
4,UAV_391,38.7737617,101.0723953,2575.4617,5,False
4,UAV_392,38.8038559,101.0603638,2571.6384,3,False
4,UAV_393,38.9061775,100.99086,2575.072,2,False
4,UAV_394,38.9430618,101.0631638,2574.6294,0,False
4,UAV_395,38.878315,100.9960175,2570.1018,1,False
4,UAV_396,38.9534988,101.029274,2577.3555,2,False
4,UAV_397,38.8338127,101.0219498,2573.144,4,False
4,UAV_398,38.9012375,101.0845795,2571.637,0,False
4,UAV_399,38.8670807,101.1013565,2574.7288,5,False
4,UAV_400,38.8554306,101.0257339,2571.239,1,False
4,UAV_401,38.9268646,101.0244751,2568.8813,1,False
4,UAV_402,38.8891907,101.0740662,2575.2781,0,False
4,UAV_403,38.8543091,101.0885162,2572.2141,0,False
4,UAV_404,38.9032669,101.0280304,2572.6101,1,False
4,UAV_405,38.9307747,101.0186691,2576.583,2,False
4,UAV_406,38.8692551,101.057518,2574.0662,5,False
4,UAV_407,38.7807236,100.9717178,2571.6021,4,False
4,UAV_408,38.8002434,101.0631638,2573.2126,5,False
4,UAV_409,38.8795013,101.0174255,2573.3433,1,False
4,UAV_410,38.7798347,101.047821,2574.7686,5,True
4,UAV_411,38.8890343,101.0492783,2574.4966,2,False
4,UAV_412,38.8234901,100.9561386,2573.7341,4,False
4,UAV_413,38.815712,101.1011353,2579.9885,5,False
4,UAV_414,38.8069572,101.0276031,2575.4231,4,False
4,UAV_415,38.8610725,100.9570236,2574.0276,4,False
4,UAV_416,38.8789139,101.0185852,2582.6956,2,False
4,UAV_417,38.9090767,101.1213074,2573.1606,0,False
4,UAV_418,38.8970757,100.9911499,2567.0659,1,False
4,UAV_419,38.8102112,100.9492493,2578.4309,4,False
4,UAV_420,38.8228722,101.006813,2581.1294,2,False
4,UAV_421,38.7828789,101.0489426,2574.9705,5,False
4,UAV_422,38.8546829,101.0060577,2568.7031,1,False
4,UAV_423,38.8550606,101.0916519,2569.6548,3,False
4,UAV_424,38.818943,100.9621506,2575.1079,4,False
4,UAV_425,38.8877144,101.0548248,2577.3931,2,False
4,UAV_426,38.8910294,101.0497589,2577.2598,2,False
4,UAV_427,38.8384857,101.0328598,2577.5127,2,False
4,UAV_428,38.8232269,100.9818192,2572.1179,4,False
4,UAV_429,38.8763123,100.971077,2575.7529,2,False
4,UAV_430,38.7829247,101.0618057,2571.9824,3,False
4,UAV_431,38.8324928,101.0168915,2568.6921,3,False
4,UAV_432,38.9226723,101.0573273,2572.4363,0,False
4,UAV_433,38.9382629,100.9944077,2573.1152,1,False
4,UAV_434,38.8338089,101.0059433,2572.3701,4,False
4,UAV_435,38.835495,100.998848,2572.3452,4,False
4,UAV_436,38.8244019,100.9728317,2576.9082,4,False
4,UAV_437,38.9016533,101.1121521,2572.9753,0,False
4,UAV_438,38.8944664,101.0091019,2571.7925,1,False
4,UAV_439,38.9655418,101.0179901,2566.8884,1,False
4,UAV_440,38.8961029,101.015564,2580.4622,2,False
4,UAV_441,38.79673,100.9506454,2578.0276,4,False
4,UAV_442,38.8841057,101.0225067,2571.4756,1,False
4,UAV_443,38.9567833,101.1508636,2575.0315,0,False
4,UAV_444,38.8414841,100.9908142,2575.5803,4,False
4,UAV_445,38.8418884,101.0234528,2571.9551,4,False
4,UAV_446,38.8811417,101.0972214,2569.7402,0,False
4,UAV_447,38.9344292,101.0947571,2576.5408,0,False
4,UAV_448,38.7884026,101.0449982,2575.884,5,False
4,UAV_449,38.8075562,101.0643692,2572.583,5,False
4,UAV_450,38.8244591,101.1271973,2576.8267,5,False
4,UAV_451,38.7534065,101.0038605,2571.3501,4,False
4,UAV_452,38.8759499,101.0868759,2576.2319,5,False
4,UAV_453,38.9019623,101.0356293,2569.0769,1,False
4,UAV_454,38.8536339,101.0915451,2574.9143,5,False
4,UAV_455,38.8628349,100.9860153,2574.2649,4,False
4,UAV_456,38.8049622,101.044075,2570.0679,3,False
4,UAV_457,38.8387566,101.0464935,2572.9277,5,False
4,UAV_458,38.8780937,101.0706863,2571.4294,0,False
4,UAV_459,38.8992195,101.0012131,2577.7991,2,False
4,UAV_460,38.7947006,101.0897598,2572.8228,5,False
4,UAV_461,38.8745956,100.9754486,2570.7524,1,False
4,UAV_462,38.8758316,101.1125565,2577.2454,5,False
4,UAV_463,38.788208,100.9830704,2574.4871,4,False
4,UAV_464,38.8705215,100.9492264,2572.2847,1,False
4,UAV_465,38.852932,100.9889832,2568.4944,1,False
4,UAV_466,38.8844414,101.1199265,2572.9951,0,False
4,UAV_467,38.8241081,100.9810333,2571.7808,4,False
4,UAV_468,38.7511826,100.973114,2570.6199,4,False
4,UAV_469,38.8446503,101.0574493,2573.927,5,False
4,UAV_470,38.8458939,101.063179,2576.2898,5,False
4,UAV_471,38.8000412,100.9873505,2577.5554,4,False
4,UAV_472,38.8900871,101.1113281,2573.6755,0,False
4,UAV_473,38.8011017,101.0507965,2570.5598,3,False
4,UAV_474,38.8056946,100.9431686,2570.6174,4,False
4,UAV_475,38.9126511,101.029541,2577.6599,2,False
4,UAV_476,38.9571953,101.0693817,2570.4797,0,False
4,UAV_477,38.8645592,101.0131378,2572.7283,1,False
4,UAV_478,38.9054108,100.9827347,2575.0559,2,False
4,UAV_479,38.8747368,101.1002274,2568.562,0,False
4,UAV_480,38.7772827,101.0362396,2569.1992,3,False
4,UAV_481,38.8212318,100.9747849,2573.1125,4,False
4,UAV_482,38.8111572,101.0761414,2577.8481,5,False
4,UAV_483,38.8998337,101.1088562,2569.6521,0,False
4,UAV_484,38.8335876,101.0542603,2572.8225,5,False
4,UAV_485,38.8105392,101.0388947,2574.1104,4,False
4,UAV_486,38.8927803,101.0323486,2574.166,2,False
4,UAV_487,38.9287415,101.0091476,2575.4329,2,False
4,UAV_488,38.8587036,101.0078278,2577.4524,2,False
4,UAV_489,38.8181229,101.0375214,2568.2183,3,False
4,UAV_490,38.8515968,100.9695511,2576.0027,4,False
4,UAV_491,38.9393234,101.0317001,2575.0635,2,False
4,UAV_492,38.8630104,101.0450439,2567.7588,3,False
4,UAV_493,38.8043633,101.0527267,2573.9197,5,False
4,UAV_494,38.807766,100.9947281,2575.0439,4,False
4,UAV_495,38.8783607,100.9827576,2570.7839,1,False
4,UAV_496,38.8362732,101.086937,2571.8401,5,False
4,UAV_497,38.8389549,101.0289993,2576.8879,2,False
4,UAV_498,38.8044205,101.0461502,2572.6169,3,False
4,UAV_499,38.9155579,100.9750214,2574.8391,2,False
4,UAV_500,38.8069458,101.0525665,2573.4434,5,False
5,UAV_001,38.8306885,101.0980835,2575.8098,2,False
5,UAV_002,38.8890648,101.0215988,2573.7612,5,False
5,UAV_003,38.8922234,101.091568,2572.8091,0,False
5,UAV_004,38.8152542,100.991127,2572.499,1,False
5,UAV_005,38.8157692,101.1001892,2572.6013,2,False
5,UAV_006,38.8280334,101.0873718,2574.7773,2,False
5,UAV_007,38.8804703,101.1078262,2562.6321,4,False
5,UAV_008,38.9008331,101.0746231,2568.9551,4,False
5,UAV_009,38.9179077,101.1046677,2564.1116,4,False
5,UAV_010,38.8502655,100.9911499,2570.8599,3,False
5,UAV_011,38.8834534,101.037056,2574.5024,5,False
5,UAV_012,38.8677559,100.9754486,2572.0576,3,False
5,UAV_013,38.8624306,101.0527496,2576.6628,5,False
5,UAV_014,38.8715439,101.002861,2574.564,5,False
5,UAV_015,38.879055,100.9887009,2573.8625,5,False
5,UAV_016,38.9571266,100.9830856,2573.1746,3,False
5,UAV_017,38.8768845,101.0428772,2576.3755,5,False
5,UAV_018,38.8299179,101.0105667,2573.7996,1,False
5,UAV_019,38.8462601,101.0434875,2574.4585,5,False
5,UAV_020,38.7906914,101.0308456,2572.7659,1,False
5,UAV_021,38.8553886,101.1072083,2572.8135,0,False
5,UAV_022,38.9203682,100.9590988,2573.8726,5,False
5,UAV_023,38.8736572,100.9638519,2569.7686,3,False
5,UAV_024,38.8891602,101.0138321,2572.6143,3,False
5,UAV_025,38.9044304,101.0082779,2569.614,3,False
5,UAV_026,38.8709488,101.0746689,2573.5894,0,False
5,UAV_027,38.8566475,101.0850143,2574.0037,0,False
5,UAV_028,38.9129028,101.1358261,2571.9082,0,False
5,UAV_029,38.8498878,101.0206451,2575.3735,5,False
5,UAV_030,38.8644867,101.0182419,2572.5913,3,False
5,UAV_031,38.8675423,101.0193634,2574.6375,5,False
5,UAV_032,38.8545494,101.1141891,2572.2874,0,False
5,UAV_033,38.8854942,101.078064,2573.958,0,False
5,UAV_034,38.9128571,101.0388336,2570.1501,3,False
5,UAV_035,38.8329048,101.0298004,2573.3987,1,False
5,UAV_036,38.90131,100.9252014,2573.0146,3,False
5,UAV_037,38.8982658,100.9896774,2576.9475,5,False
5,UAV_038,38.9155502,101.0131912,2569.9309,3,False
5,UAV_039,38.9352493,100.9926071,2572.4226,3,False
5,UAV_040,38.8375244,101.0450058,2571.3762,4,False
5,UAV_041,38.8751335,101.003212,2572.5574,3,False
5,UAV_042,38.8583717,101.0812149,2572.4004,0,False
5,UAV_043,38.8734703,101.1107178,2567.7683,4,False
5,UAV_044,38.7454681,101.0546036,2568.8877,1,False
5,UAV_045,38.9437294,101.0520782,2570.4429,3,False
5,UAV_046,38.7634621,100.9781494,2568.957,1,False
5,UAV_047,38.894558,100.9957886,2571.6387,3,False
5,UAV_048,38.9439392,101.0424957,2574.2825,5,False
5,UAV_049,38.7929726,101.0260925,2574.0959,1,False
5,UAV_050,38.8921089,101.0352402,2568.3853,3,False
5,UAV_051,38.8626022,101.0423889,2574.7314,5,False
5,UAV_052,38.8103104,101.0509949,2574.2761,2,False
5,UAV_053,38.9062805,101.0583954,2571.7856,0,False
5,UAV_054,38.826767,101.062706,2576.3127,2,False
5,UAV_055,38.7871666,101.0877991,2568.7043,4,False
5,UAV_056,38.8510895,101.0084457,2570.8875,3,False
5,UAV_057,38.8088074,101.0963364,2571.8523,4,False
5,UAV_058,38.8266678,101.0293198,2566.6641,4,False
5,UAV_059,38.8483353,101.0849762,2572.946,0,False
5,UAV_060,38.7982712,101.0485611,2574.1565,2,False
5,UAV_061,38.7965431,101.057106,2571.6951,1,False
5,UAV_062,38.8958778,101.0405273,2573.4084,5,False
5,UAV_063,38.8791313,100.9553909,2573.052,3,False
5,UAV_064,38.886673,101.1267166,2571.1484,0,False
5,UAV_065,38.9502029,101.0075302,2569.5569,3,False
5,UAV_066,38.9154739,101.136795,2571.7869,0,False
5,UAV_067,38.9230309,101.0003204,2572.2419,3,False
5,UAV_068,38.9149857,101.0415268,2578.3005,5,False
5,UAV_069,38.9184608,101.0487747,2572.4902,3,False
5,UAV_070,38.8019905,101.0162201,2571.3926,1,False
5,UAV_071,38.832077,101.1263885,2575.4829,2,True
5,UAV_072,38.8323402,101.0261002,2571.3699,1,False
5,UAV_073,38.8370819,101.0125732,2571.9302,1,False
5,UAV_074,38.7938232,101.0308533,2570.937,1,False
5,UAV_075,38.8148994,100.9826584,2579.0447,5,False
5,UAV_076,38.894043,100.9891434,2572.7791,3,False
5,UAV_077,38.8495407,101.107193,2573.217,0,False
5,UAV_078,38.9093361,101.0113754,2573.0708,3,False
5,UAV_079,38.9153862,101.0438156,2572.6826,3,False
5,UAV_080,38.9520073,101.1122589,2573.9514,0,False
5,UAV_081,38.7843742,100.981575,2574.2578,1,False
5,UAV_082,38.8136024,101.0734024,2571.2861,4,False
5,UAV_083,38.7368927,101.0363388,2570.6982,1,False
5,UAV_084,38.8425064,101.0622177,2572.7141,4,False
5,UAV_085,38.9231758,101.0329895,2581.9819,5,False
5,UAV_086,38.9045525,101.1023407,2576.3665,0,False
5,UAV_087,38.8586426,101.103981,2565.6135,4,False
5,UAV_088,38.8094406,100.9655457,2575.6504,1,False
5,UAV_089,38.8693085,101.0654449,2574.395,0,False
5,UAV_090,38.8759804,101.0189972,2572.6638,3,False
5,UAV_091,38.8324127,101.0260696,2572.957,1,False
5,UAV_092,38.8246956,100.9964142,2572.2131,1,False
5,UAV_093,38.8968315,100.9370728,2571.614,3,False
5,UAV_094,38.8161011,101.0380173,2569.4182,4,False
5,UAV_095,38.854641,101.104538,2572.2285,0,False
5,UAV_096,38.867382,101.0704498,2569.0396,4,False
5,UAV_097,38.7617226,100.9945602,2572.3455,1,False
5,UAV_098,38.8374176,101.0611725,2573.2727,2,False
5,UAV_099,38.8880882,101.0277481,2572.6602,3,False
5,UAV_100,38.9189949,101.1246033,2575.3467,0,False
5,UAV_101,38.903923,100.9893036,2576.1912,5,False
5,UAV_102,38.8168106,101.0721817,2567.3455,4,False
5,UAV_103,38.8737984,101.02285,2573.0159,5,False
5,UAV_104,38.8009911,101.0161514,2571.0283,1,False
5,UAV_105,38.8854523,101.0164413,2572.3271,3,False
5,UAV_106,38.8918648,101.0113068,2572.4666,3,False
5,UAV_107,38.7823792,101.073143,2574.3926,2,False
5,UAV_108,38.9406204,100.9929733,2576.7942,5,False
5,UAV_109,38.9218407,101.0456543,2574.9084,5,False
5,UAV_110,38.826767,101.1055679,2569.7878,4,False
5,UAV_111,38.7929077,101.0037994,2572.7148,1,False
5,UAV_112,38.7787018,100.9696274,2567.3398,1,False
5,UAV_113,38.786869,100.964592,2575.0608,1,False
5,UAV_114,38.9073296,101.0202942,2571.092,3,False
5,UAV_115,38.8785934,101.0395508,2576.7544,5,False
5,UAV_116,38.8389816,101.0569763,2575.4998,2,False
5,UAV_117,38.887825,100.9642715,2571.1785,3,False
5,UAV_118,38.77771,101.0177155,2571.6667,1,False
5,UAV_119,38.8282776,101.0969315,2569.2632,4,False
5,UAV_120,38.8550949,101.0660629,2574.5513,2,False
5,UAV_121,38.7907372,101.1035995,2574.4919,2,False
5,UAV_122,38.7879143,101.0370636,2573.7043,1,False
5,UAV_123,38.8846092,101.0554886,2572.7883,0,False
5,UAV_124,38.8701591,101.1210632,2570.9578,0,False
5,UAV_125,38.8305893,100.9813919,2573.6475,1,False
5,UAV_126,38.7972908,101.0390015,2570.854,1,False
5,UAV_127,38.9201698,101.0143356,2574.5347,5,False
5,UAV_128,38.8512497,100.978775,2564.135,3,False
5,UAV_129,38.8834648,101.0382233,2568.1155,3,False
5,UAV_130,38.8019981,101.0055237,2574.5183,1,False
5,UAV_131,38.9189568,100.9966354,2571.5581,3,False
5,UAV_132,38.8787537,101.0112381,2573.0898,5,False
5,UAV_133,38.8709869,101.0712357,2566.2471,4,False
5,UAV_134,38.7568283,101.0230789,2570.9224,1,False
5,UAV_135,38.8047485,101.0471954,2567.5347,4,False
5,UAV_136,38.8354263,101.0653381,2570.1082,4,False
5,UAV_137,38.8310051,101.0021591,2566.5076,4,False
5,UAV_138,38.8188667,101.0702209,2568.3979,4,False
5,UAV_139,38.8388557,101.0483398,2571.1272,4,False
5,UAV_140,38.8563576,101.1029968,2571.8289,0,False
5,UAV_141,38.8121796,101.0233307,2570.1147,1,False
5,UAV_142,38.8834114,101.0721054,2574.6819,0,False
5,UAV_143,38.8351097,100.9626007,2568.5303,1,False
5,UAV_144,38.8490486,101.0804825,2572.9624,0,False
5,UAV_145,38.8735695,101.1243286,2571.6001,0,False
5,UAV_146,38.8893509,101.0158997,2576.7688,5,False
5,UAV_147,38.9262657,100.9938126,2570.1555,3,False
5,UAV_148,38.8033447,100.9877701,2571.6558,1,False
5,UAV_149,38.8204803,101.076767,2578.4048,2,False
5,UAV_150,38.7873383,101.1091232,2569.0647,4,False
5,UAV_151,38.8388405,101.0859528,2574.4082,2,False
5,UAV_152,38.9443398,100.9518814,2576.3792,5,False
5,UAV_153,38.8286667,101.1142807,2575.5889,2,False
5,UAV_154,38.7880135,101.0714645,2573.3003,2,False
5,UAV_155,38.8529663,100.9930878,2575.0657,5,False
5,UAV_156,38.8850784,101.0692139,2573.6604,0,False
5,UAV_157,38.795269,101.1201096,2577.5315,2,False
5,UAV_158,38.8351402,101.0941238,2577.8,2,False
5,UAV_159,38.8298607,101.0829468,2567.7842,4,False
5,UAV_160,38.8465157,101.0369568,2570.5503,4,False
5,UAV_161,38.9515266,101.1097031,2569.4829,0,False
5,UAV_162,38.8838577,101.0377197,2571.6631,3,False
5,UAV_163,38.7703972,101.0802765,2570.4614,4,False
5,UAV_164,38.7777405,101.0057831,2571.2175,1,False
5,UAV_165,38.8898392,100.9787827,2578.2324,5,False
5,UAV_166,38.9225731,101.0862961,2581.3145,5,False
5,UAV_167,38.8964539,101.01828,2570.5366,3,False
5,UAV_168,38.8036232,101.0877838,2573.4448,2,False
5,UAV_169,38.9076424,101.0117035,2574.6353,5,False
5,UAV_170,38.7900085,101.0745544,2570.751,4,False
5,UAV_171,38.8638306,101.0471344,2574.4258,5,False
5,UAV_172,38.8309174,101.0584412,2570.9624,4,False
5,UAV_173,38.7753639,100.9748383,2568.7258,1,False
5,UAV_174,38.8381004,101.0026627,2575.7307,5,False
5,UAV_175,38.8732796,101.0903473,2570.7964,4,False
5,UAV_176,38.7867699,101.1160355,2570.7917,4,False
5,UAV_177,38.800209,101.0884705,2569.6191,4,False
5,UAV_178,38.8835907,101.0389481,2568.8059,3,False
5,UAV_179,38.8580284,101.0270691,2572.6165,3,False
5,UAV_180,38.8658943,100.9906235,2573.5398,5,False
5,UAV_181,38.9307938,101.0286102,2569.3877,3,False
5,UAV_182,38.8572235,101.0560226,2569.2446,4,False
5,UAV_183,38.8514748,100.9844208,2568.2854,3,False
5,UAV_184,38.7509766,101.0419312,2569.6716,1,False
5,UAV_185,38.9135551,101.048233,2571.3872,3,False
5,UAV_186,38.8598099,101.0409088,2575.2241,5,False
5,UAV_187,38.8546028,101.1064987,2570.5557,4,False
5,UAV_188,38.9132614,101.007309,2568.9702,3,False
5,UAV_189,38.8018341,100.9953156,2575.6802,1,False
5,UAV_190,38.9440231,100.9826202,2569.5928,3,False
5,UAV_191,38.8913918,100.9652786,2570.3018,3,False
5,UAV_192,38.7588654,100.9856949,2569.3613,1,False
5,UAV_193,38.8068237,101.0108795,2570.9392,1,False
5,UAV_194,38.9034767,101.057312,2575.832,5,False
5,UAV_195,38.9014931,101.1567459,2571.2581,0,False
5,UAV_196,38.8775368,101.0580368,2572.2256,0,False
5,UAV_197,38.9318314,101.0280075,2574.5173,5,False
5,UAV_198,38.8060989,101.0311508,2570.2283,1,False
5,UAV_199,38.8802223,101.0373306,2573.1487,5,False
5,UAV_200,38.7794647,101.1057968,2569.792,4,False
5,UAV_201,38.9355774,101.0408554,2570.5308,3,False
5,UAV_202,38.7825623,100.9774475,2575.6362,1,False
5,UAV_203,38.8534355,101.0335541,2575.5308,5,False
5,UAV_204,38.8575897,101.0125885,2576.4038,5,False
5,UAV_205,38.7835617,101.1146469,2574.8225,2,False
5,UAV_206,38.9139938,101.0501099,2573.9255,0,False
5,UAV_207,38.8430138,101.0394592,2568.842,4,False
5,UAV_208,38.8465881,101.0858078,2569.6479,4,False
5,UAV_209,38.8544846,101.0967712,2574.0918,0,False
5,UAV_210,38.9191437,101.0445404,2568.3779,3,False
5,UAV_211,38.7429085,101.0010147,2574.1406,1,False
5,UAV_212,38.7714348,100.9779663,2572.5649,1,False
5,UAV_213,38.7754898,101.0528336,2571.7642,1,False
5,UAV_214,38.8268051,101.0591202,2576.6187,2,False
5,UAV_215,38.8249092,101.0954971,2571.9336,4,False
5,UAV_216,38.8182755,101.0155869,2570.198,1,False
5,UAV_217,38.9581718,101.08004,2572.9143,0,False
5,UAV_218,38.8436546,100.9757996,2575.2073,5,False
5,UAV_219,38.7724876,101.0773773,2576.5759,2,False
5,UAV_220,38.8927841,101.0365524,2579.9307,5,False
5,UAV_221,38.8725853,101.0345306,2571.7083,3,False
5,UAV_222,38.8426857,101.049057,2576.7271,2,False
5,UAV_223,38.8583679,101.0933609,2572.1909,0,False
5,UAV_224,38.7774239,100.9884109,2570.52,1,False
5,UAV_225,38.8752022,101.1199951,2573.7117,0,False
5,UAV_226,38.8019829,100.9808044,2572.1204,1,False
5,UAV_227,38.8495102,101.1123276,2578.196,2,False
5,UAV_228,38.7750664,101.0574265,2574.136,2,False
5,UAV_229,38.9389648,100.9944,2572.769,3,False
5,UAV_230,38.8207016,101.0980301,2573.9443,2,False
5,UAV_231,38.8434181,101.0170746,2567.1794,4,False
5,UAV_232,38.7663383,100.9822388,2566.0378,1,False
5,UAV_233,38.770504,100.9971466,2571.0042,1,False
5,UAV_234,38.8752365,100.9879761,2573.5601,5,False
5,UAV_235,38.7669449,101.0074081,2567.1987,1,False
5,UAV_236,38.8339691,101.0066986,2573.645,1,False
5,UAV_237,38.8317413,101.0833588,2567.3762,4,False
5,UAV_238,38.9085121,101.1028137,2569.0127,4,False
5,UAV_239,38.8166924,101.0781021,2570.3865,4,False
5,UAV_240,38.8589554,101.026619,2570.3384,3,False
5,UAV_241,38.8584213,101.0032501,2570.3145,3,False
5,UAV_242,38.7854729,101.0171204,2574.7898,1,False
5,UAV_243,38.8241959,100.9979858,2568.6609,1,False
5,UAV_244,38.7838631,101.1048813,2569.4607,4,True
5,UAV_245,38.9239197,101.000145,2574.1182,5,False
5,UAV_246,38.9178848,101.0038605,2572.8525,3,False
5,UAV_247,38.9153442,101.0630341,2573.1658,0,False
5,UAV_248,38.8715515,101.1038284,2575.6768,0,False
5,UAV_249,38.8889885,100.9365768,2565.8347,3,False
5,UAV_250,38.8912163,100.9676132,2576.1248,5,False
5,UAV_251,38.8416481,100.9939346,2576.5833,5,False
5,UAV_252,38.7982101,101.1300659,2575.7864,2,False
5,UAV_253,38.8170815,101.1352386,2569.2085,4,False
5,UAV_254,38.8775787,101.0579681,2569.6526,4,False
5,UAV_255,38.876915,101.0435181,2571.2698,3,False
5,UAV_256,38.8989983,101.1182175,2567.9912,4,False
5,UAV_257,38.860218,101.0735092,2576.7085,2,False
5,UAV_258,38.9300537,101.0664291,2574.0015,0,False
5,UAV_259,38.803318,101.1221466,2571.6777,4,False
5,UAV_260,38.8251305,101.0628815,2578.116,2,False
5,UAV_261,38.861187,101.0660477,2569.6418,4,False
5,UAV_262,38.8798714,101.086174,2575.7939,0,False
5,UAV_263,38.7941399,101.1331787,2573.0137,2,False
5,UAV_264,38.9225998,101.0558853,2574.0352,0,False
5,UAV_265,38.825489,101.030426,2572.4553,1,False
5,UAV_266,38.885582,101.10392,2574.957,0,False
5,UAV_267,38.880909,101.1000061,2577.4438,0,False
5,UAV_268,38.9257507,100.9677124,2571.8618,3,False
5,UAV_269,38.9386177,101.0096817,2567.4463,3,False
5,UAV_270,38.8095245,101.0219955,2569.1179,1,False
5,UAV_271,38.8652229,100.9984131,2571.208,3,False
5,UAV_272,38.767807,100.9610443,2571.105,1,False
5,UAV_273,38.8399925,101.0329895,2570.3813,4,False
5,UAV_274,38.8574181,101.0169067,2573.6902,5,False
5,UAV_275,38.9317436,100.9517136,2573.2258,3,False
5,UAV_276,38.7844505,101.0317612,2572.6082,1,False
5,UAV_277,38.7964973,100.999939,2571.5881,1,False
5,UAV_278,38.7905159,101.1063919,2571.2439,4,False
5,UAV_279,38.9231606,101.0905228,2574.6685,0,False
5,UAV_280,38.8625221,100.9643097,2567.0225,3,False
5,UAV_281,38.8986702,101.0753098,2577.1221,0,False
5,UAV_282,38.8497124,101.1136322,2574.04,0,False
5,UAV_283,38.9146042,101.0897369,2577.0232,0,False
5,UAV_284,38.8853073,100.9839401,2570.8076,3,False
5,UAV_285,38.856636,101.0793533,2574.6499,0,False
5,UAV_286,38.8532982,100.9633331,2575.9438,5,False
5,UAV_287,38.8533134,101.1178513,2576.6001,2,False
5,UAV_288,38.9091797,101.0868759,2574.9666,0,False
5,UAV_289,38.8752251,101.0853729,2568.4375,4,False
5,UAV_290,38.7677536,101.0136032,2573.033,1,False
5,UAV_291,38.8405037,101.0282593,2568.7793,4,False
5,UAV_292,38.8670921,100.995491,2572.3523,3,False
5,UAV_293,38.841938,101.0801468,2572.8154,2,False
5,UAV_294,38.8349648,101.1300049,2577.3809,2,False
5,UAV_295,38.8897858,101.0413361,2568.8792,3,False
5,UAV_296,38.8390541,101.1073761,2569.2537,4,False
5,UAV_297,38.775177,101.0222855,2568.9438,1,False
5,UAV_298,38.8647957,101.0551529,2572.6875,0,False
5,UAV_299,38.7913017,101.0512543,2573.3167,2,False
5,UAV_300,38.8232307,100.9631348,2569.8635,1,False
5,UAV_301,38.8240814,101.0815964,2575.7148,2,False
5,UAV_302,38.8121567,101.1473846,2572.6235,2,False
5,UAV_303,38.8945236,101.1179428,2568.2583,4,False
5,UAV_304,38.9179611,101.0423431,2571.0139,3,False
5,UAV_305,38.8637657,100.9724884,2574.9846,5,False
5,UAV_306,38.8285255,101.0055161,2573.0684,1,False
5,UAV_307,38.8178253,101.0044479,2572.7971,1,False
5,UAV_308,38.8911934,101.1147995,2573.9844,0,False
5,UAV_309,38.9273758,101.0568771,2569.8652,3,False
5,UAV_310,38.8608551,101.0087509,2570.1167,3,False
5,UAV_311,38.7754288,101.0533524,2574.8335,2,False
5,UAV_312,38.9128914,101.0549698,2569.9854,3,False
5,UAV_313,38.8675537,101.0077972,2570.022,3,False
5,UAV_314,38.9257469,100.9571533,2576.7471,5,False
5,UAV_315,38.8887711,100.9571762,2578.1472,5,False
5,UAV_316,38.8945389,101.030632,2568.459,3,False
5,UAV_317,38.8985176,101.0247726,2568.2903,3,False
5,UAV_318,38.8169327,101.0714111,2576.6658,2,False
5,UAV_319,38.84692,101.0281677,2571.9526,1,False
5,UAV_320,38.7991867,101.0865097,2572.2046,2,False
5,UAV_321,38.9472313,101.0052185,2568.991,3,False
5,UAV_322,38.8114204,101.1225967,2569.6431,4,False
5,UAV_323,38.8148041,101.0675201,2572.1165,4,False
5,UAV_324,38.8699951,101.0305405,2573.3286,5,False
5,UAV_325,38.8003769,101.1127472,2571.7764,4,False
5,UAV_326,38.8703499,101.1259537,2574.9351,0,False
5,UAV_327,38.8968925,100.9853058,2566.3638,3,False
5,UAV_328,38.826046,101.038826,2572.1731,1,False
5,UAV_329,38.764122,101.1398697,2574.7893,2,False
5,UAV_330,38.9275742,101.0020218,2574.1814,5,False
5,UAV_331,38.9204559,101.1333847,2573.793,0,True
5,UAV_332,38.8916817,101.0430679,2574.4353,5,False
5,UAV_333,38.9425621,100.9944992,2575.459,5,False
5,UAV_334,38.9283257,100.9684982,2571.9521,3,False
5,UAV_335,38.74757,101.0501251,2568.9229,1,False
5,UAV_336,38.7970276,100.9980927,2569.0596,1,False
5,UAV_337,38.8829269,101.0317001,2567.2644,3,False
5,UAV_338,38.8098145,101.0401535,2569.0891,4,False
5,UAV_339,38.7882271,101.1111145,2576.8833,2,False
5,UAV_340,38.8438034,101.0116806,2573.1396,1,False
5,UAV_341,38.8388443,101.0124741,2573.9785,5,False
5,UAV_342,38.9342766,101.1120758,2572.5635,0,False
5,UAV_343,38.8572273,101.0826569,2576.1018,2,False
5,UAV_344,38.927578,101.1255798,2578.4443,0,False
5,UAV_345,38.827652,101.0188675,2568.7793,1,False
5,UAV_346,38.8732147,101.0390396,2567.4517,4,False
5,UAV_347,38.8397675,101.0470886,2571.7957,4,False
5,UAV_348,38.8228264,101.0512619,2570.063,4,False
5,UAV_349,38.8853226,100.9703751,2571.9216,3,False
5,UAV_350,38.8090935,101.1187897,2577.4324,2,False
5,UAV_351,38.9247627,101.1323395,2572.9988,0,False
5,UAV_352,38.8240547,101.0,2575.8645,5,False
5,UAV_353,38.8198929,100.9561691,2569.458,1,False
5,UAV_354,38.8007202,100.9827423,2573.3054,1,False
5,UAV_355,38.8826637,101.020546,2572.5503,3,False
5,UAV_356,38.8214912,101.0439606,2570.8186,4,False
5,UAV_357,38.7309532,101.0156403,2572.4873,1,False
5,UAV_358,38.8474121,101.0480957,2572.1199,4,False
5,UAV_359,38.8182335,101.0297394,2572.6519,1,False
5,UAV_360,38.8041954,101.1226349,2569.7476,4,False
5,UAV_361,38.8594894,101.078598,2569.811,4,False
5,UAV_362,38.8381386,101.0945053,2577.614,2,False
5,UAV_363,38.8531151,101.1259689,2577.1128,2,False
5,UAV_364,38.8138809,101.0445557,2574.4924,2,False
5,UAV_365,38.8200989,101.0574188,2571.3291,4,False
5,UAV_366,38.7893562,101.1237946,2573.5686,2,False
5,UAV_367,38.910717,100.9936371,2572.3169,3,False
5,UAV_368,38.8545723,101.0560913,2581.4785,5,False
5,UAV_369,38.8891792,101.1087112,2574.6562,0,False
5,UAV_370,38.8535957,101.0261993,2573.666,5,False
5,UAV_371,38.8775139,101.0310745,2573.7053,5,False
5,UAV_372,38.8775826,101.033783,2573.2136,5,False
5,UAV_373,38.868,101.1549301,2569.4683,4,False
5,UAV_374,38.8034401,101.0525818,2571.9067,1,False
5,UAV_375,38.8080978,101.0397568,2574.1147,2,False
5,UAV_376,38.7945328,101.01548,2571.4043,1,False
5,UAV_377,38.874115,101.0962906,2574.6179,0,False
5,UAV_378,38.891674,101.0802231,2568.6423,4,False
5,UAV_379,38.8139114,100.9999847,2577.4922,5,False
5,UAV_380,38.8225288,100.9973526,2570.8772,1,False
5,UAV_381,38.8806419,101.0260162,2575.1782,5,False
5,UAV_382,38.8266487,101.0098267,2572.7859,1,False
5,UAV_383,38.9198341,101.0171432,2576.0627,5,False
5,UAV_384,38.8891563,100.9914322,2570.7383,3,False
5,UAV_385,38.8190956,101.0802612,2574.7769,2,False
5,UAV_386,38.8479538,101.0848846,2569.7168,4,False
5,UAV_387,38.8803711,101.0737152,2567.2529,4,False
5,UAV_388,38.8062553,101.085022,2575.4912,2,False
5,UAV_389,38.7898903,101.095108,2576.4265,2,False
5,UAV_390,38.8180313,101.0030289,2571.1802,1,False
5,UAV_391,38.7736893,101.0726852,2573.8032,2,False
5,UAV_392,38.8031425,101.0606384,2572.2334,2,False
5,UAV_393,38.9057846,100.9908371,2571.6768,3,False
5,UAV_394,38.9438515,101.0632477,2571.5796,0,False
5,UAV_395,38.8783989,100.994133,2568.749,3,False
5,UAV_396,38.9542923,101.0280075,2574.8848,5,False
5,UAV_397,38.8335915,101.021698,2572.3623,1,False
5,UAV_398,38.8999443,101.0842667,2573.2275,0,False
5,UAV_399,38.8652878,101.099144,2572.99,0,False
5,UAV_400,38.8550644,101.0254593,2575.854,5,False
5,UAV_401,38.9249535,101.0237274,2574.3384,5,False
5,UAV_402,38.8824425,101.0769958,2574.6929,0,False
5,UAV_403,38.854557,101.086525,2571.7788,4,False
5,UAV_404,38.9007149,101.0280304,2575.6279,5,True
5,UAV_405,38.9371338,101.0197678,2568.4446,3,False
5,UAV_406,38.8668022,101.0575638,2578.6689,5,False
5,UAV_407,38.7794876,100.9748764,2573.5073,1,False
5,UAV_408,38.8002434,101.0633087,2573.832,2,False
5,UAV_409,38.8794098,101.017334,2571.2209,3,False
5,UAV_410,38.779438,101.0481949,2574.1663,2,False
5,UAV_411,38.890831,101.0495224,2572.8586,0,False
5,UAV_412,38.8219147,100.9556274,2573.1926,1,False
5,UAV_413,38.8150063,101.1010895,2576.2786,2,False
5,UAV_414,38.8223076,101.0490189,2577.1687,2,False
5,UAV_415,38.8721733,100.9585724,2571.4033,3,False
5,UAV_416,38.8761024,101.0185471,2578.665,5,False
5,UAV_417,38.9091072,101.1209183,2575.2375,0,False
5,UAV_418,38.9002762,100.990303,2573.7776,5,False
5,UAV_419,38.810257,100.9547806,2573.1865,1,False
5,UAV_420,38.8204422,101.006813,2571.5718,1,False
5,UAV_421,38.7813606,101.0478592,2572.8906,1,False
5,UAV_422,38.8545723,101.0048218,2566.481,3,False
5,UAV_423,38.8554535,101.0901184,2572.9424,0,False
5,UAV_424,38.8180122,100.9650574,2571.7644,1,True
5,UAV_425,38.8877106,101.0552902,2570.6318,3,True
5,UAV_426,38.9063835,101.0526123,2575.3157,5,False
5,UAV_427,38.8386383,101.0331116,2578.322,5,False
5,UAV_428,38.8240585,100.9803696,2571.2163,1,False
5,UAV_429,38.8805466,100.9750824,2573.4456,5,False
5,UAV_430,38.7811241,101.0622177,2575.5168,2,False
5,UAV_431,38.8307457,101.0156937,2569.5259,1,False
5,UAV_432,38.9366379,101.0691223,2574.0286,0,False
5,UAV_433,38.9357567,100.9967957,2571.1357,3,False
5,UAV_434,38.8346405,101.004715,2571.2993,1,False
5,UAV_435,38.8345375,100.9979019,2572.3579,1,False
5,UAV_436,38.8211212,100.9737854,2574.3521,1,False
5,UAV_437,38.9007835,101.1130066,2578.1343,0,False
5,UAV_438,38.8926735,101.0095901,2574.5491,5,False
5,UAV_439,38.9647675,101.0152588,2570.2715,3,False
5,UAV_440,38.8966904,101.018364,2577.0918,5,False
5,UAV_441,38.7931366,100.9506302,2575.5876,1,False
5,UAV_442,38.8816795,101.0220337,2568.4299,3,False
5,UAV_443,38.8994751,101.138504,2574.373,0,False
5,UAV_444,38.838974,100.9908218,2574.1113,5,False
5,UAV_445,38.8387871,101.022522,2570.3108,1,False
5,UAV_446,38.8809471,101.0962524,2573.3967,0,False
5,UAV_447,38.9393692,101.0965118,2578.313,0,False
5,UAV_448,38.7875175,101.0447845,2574.6897,2,False
5,UAV_449,38.807621,101.0645752,2576.2971,2,False
5,UAV_450,38.8149414,101.1278763,2577.1172,2,False
5,UAV_451,38.7536201,101.0018692,2568.1501,1,False
5,UAV_452,38.8756638,101.0870667,2576.4014,0,False
5,UAV_453,38.9034424,101.0340958,2572.6528,3,False
5,UAV_454,38.8452911,101.0916443,2571.6575,4,False
5,UAV_455,38.8603554,100.9860611,2577.7805,5,False
5,UAV_456,38.8053665,101.0454254,2573.6455,2,False
5,UAV_457,38.8392105,101.0461121,2568.2727,4,False
5,UAV_458,38.8754196,101.0699081,2570.2676,4,False
5,UAV_459,38.8986168,101.0014648,2571.8201,3,False
5,UAV_460,38.7921333,101.0900269,2575.6011,2,False
5,UAV_461,38.8727341,100.9742126,2571.2239,3,False
5,UAV_462,38.869648,101.1156464,2574.9502,0,False
5,UAV_463,38.7868881,100.9836578,2576.5278,1,False
5,UAV_464,38.8569298,101.0291595,2570.0051,3,False
5,UAV_465,38.8509598,100.9878006,2573.0366,1,False
5,UAV_466,38.8833504,101.1147919,2574.0132,0,False
5,UAV_467,38.8680763,101.0212784,2575.9529,5,False
5,UAV_468,38.7622795,101.0341339,2571.2432,1,False
5,UAV_469,38.8448601,101.057106,2572.2859,4,False
5,UAV_470,38.8459663,101.0629959,2574.2585,2,False
5,UAV_471,38.8012276,100.9873962,2575.3044,1,False
5,UAV_472,38.8787689,101.1165237,2573.3135,0,False
5,UAV_473,38.8078423,101.0476379,2570.1621,4,False
5,UAV_474,38.8081818,100.9427795,2571.707,1,False
5,UAV_475,38.9133148,101.0294189,2568.7861,3,False
5,UAV_476,38.9568939,101.0665817,2569.5664,3,False
5,UAV_477,38.8648415,101.016777,2571.2117,3,False
5,UAV_478,38.9053154,100.9824677,2573.1838,3,False
5,UAV_479,38.8755569,101.0991135,2570.7302,4,False
5,UAV_480,38.7815132,101.0351334,2572.5396,1,False
5,UAV_481,38.8206902,100.9752274,2578.927,5,False
5,UAV_482,38.8089218,101.0765839,2571.3669,4,False
5,UAV_483,38.899437,101.1086197,2570.8892,0,False
5,UAV_484,38.8302307,101.054245,2573.5015,2,False
5,UAV_485,38.8094902,101.0382156,2573.5933,1,False
5,UAV_486,38.8943138,101.0324097,2569.5205,3,False
5,UAV_487,38.9276161,101.0096283,2570.8577,3,False
5,UAV_488,38.8494644,101.014595,2570.458,3,False
5,UAV_489,38.8184013,101.0363541,2572.6882,1,False
5,UAV_490,38.8516235,100.9757385,2572.1824,1,False
5,UAV_491,38.9382935,101.0326004,2574.1108,5,False
5,UAV_492,38.8619537,101.0452652,2573.9448,5,False
5,UAV_493,38.829483,101.0037155,2575.4314,5,False
5,UAV_494,38.8068924,100.9952545,2576.7349,5,False
5,UAV_495,38.8818359,100.9780884,2570.999,3,False
5,UAV_496,38.8335075,101.0845032,2569.5986,4,False
5,UAV_497,38.8364334,101.0292358,2577.7659,5,False
5,UAV_498,38.8027916,101.0444794,2574.5925,2,False
5,UAV_499,38.913105,100.9751663,2573.73,5,False
5,UAV_500,38.8039589,101.0546036,2579.6946,2,False
6,UAV_001,38.830658,101.0974884,2568.3271,5,False
6,UAV_002,38.889534,101.0195389,2566.8853,4,False
6,UAV_003,38.8929749,101.0901794,2570.1084,0,False
6,UAV_004,38.817234,100.9910049,2572.3057,1,False
6,UAV_005,38.8158989,101.1000824,2571.1265,5,False
6,UAV_006,38.8272057,101.089798,2579.2124,2,False
6,UAV_007,38.8804321,101.1068649,2571.2209,0,False
6,UAV_008,38.8993683,101.0742416,2572.8228,0,False
6,UAV_009,38.917717,101.1045074,2569.7783,0,False
6,UAV_010,38.8483315,100.9879379,2572.8557,1,False
6,UAV_011,38.8852959,101.0371552,2569.6702,4,False
6,UAV_012,38.8448181,100.9834824,2576.5342,3,False
6,UAV_013,38.8618279,101.0531464,2577.646,3,False
6,UAV_014,38.8666992,101.0110016,2570.6174,4,False
6,UAV_015,38.8790588,100.9874496,2570.8469,4,False
6,UAV_016,38.9579124,100.9824524,2573.0684,4,False
6,UAV_017,38.8791161,101.040657,2572.4004,4,False
6,UAV_018,38.8299103,101.0088348,2567.0352,5,False
6,UAV_019,38.8794861,101.0572968,2580.9929,3,False
6,UAV_020,38.789959,101.0265656,2572.0781,1,False
6,UAV_021,38.8691101,101.0919342,2567.6101,5,False
6,UAV_022,38.9240494,100.9624023,2573.0427,4,False
6,UAV_023,38.8736992,100.9632416,2566.9485,4,False
6,UAV_024,38.8915062,101.0139618,2574.115,3,False
6,UAV_025,38.9031944,101.0080566,2570.9827,4,False
6,UAV_026,38.8741112,101.0743256,2572.7473,0,False
6,UAV_027,38.8514557,101.0818863,2572.6294,0,False
6,UAV_028,38.911911,101.1350098,2570.7844,0,False
6,UAV_029,38.8479958,101.0210571,2574.4141,3,False
6,UAV_030,38.8630447,101.018959,2571.7732,4,False
6,UAV_031,38.8666878,101.0201797,2573.6011,3,False
6,UAV_032,38.8550949,101.1122665,2572.3789,0,False
6,UAV_033,38.8861961,101.0779419,2571.5637,0,False
6,UAV_034,38.9120102,101.0395584,2571.543,4,False
6,UAV_035,38.8327255,101.0299683,2571.3018,5,False
6,UAV_036,38.9084969,100.927124,2576.7034,3,False
6,UAV_037,38.9000626,100.9918365,2577.5349,3,False
6,UAV_038,38.9146843,101.0140228,2575.3706,3,False
6,UAV_039,38.9365501,100.9926071,2572.5942,4,False
6,UAV_040,38.8282967,101.0396042,2575.0852,2,False
6,UAV_041,38.8748131,101.0005264,2570.6919,4,False
6,UAV_042,38.8600349,101.0755844,2571.8745,0,True
6,UAV_043,38.8738098,101.1084442,2568.634,0,False
6,UAV_044,38.743084,101.0516129,2569.9248,5,False
6,UAV_045,38.9445267,101.0510025,2575.4504,3,False
6,UAV_046,38.764492,100.9763412,2573.9419,1,False
6,UAV_047,38.8935394,100.9954605,2571.7134,4,False
6,UAV_048,38.9409943,101.0450821,2573.4163,3,False
6,UAV_049,38.791153,101.0269852,2573.4756,1,False
6,UAV_050,38.8923302,101.0350494,2570.251,4,False
6,UAV_051,38.863884,101.0461121,2572.9175,3,False
6,UAV_052,38.8127861,101.0480423,2570.5071,5,False
6,UAV_053,38.9085045,101.0581284,2572.9663,0,False
6,UAV_054,38.8266983,101.0627213,2576.9055,2,False
6,UAV_055,38.7866669,101.087204,2570.8206,5,False
6,UAV_056,38.856144,101.0075378,2573.2471,3,False
6,UAV_057,38.8079109,101.0952148,2573.1094,2,False
6,UAV_058,38.8264313,101.0291138,2570.4661,5,False
6,UAV_059,38.8722382,101.0489502,2573.7783,3,False
6,UAV_060,38.7963562,101.0466156,2571.4602,5,False
6,UAV_061,38.8001213,101.0533676,2568.0784,5,False
6,UAV_062,38.8985214,101.0444565,2576.4146,3,False
6,UAV_063,38.8832245,100.9539261,2574.3508,3,False
6,UAV_064,38.8873825,101.1250839,2570.6021,0,False
6,UAV_065,38.948101,101.006424,2567.7068,4,False
6,UAV_066,38.9164009,101.1362915,2569.4915,0,False
6,UAV_067,38.9158173,101.0066528,2576.7883,3,False
6,UAV_068,38.9124336,101.041626,2574.3516,3,False
6,UAV_069,38.920639,101.0477295,2571.8054,4,False
6,UAV_070,38.801506,101.0167465,2576.7275,1,False
6,UAV_071,38.8316612,101.1266098,2574.0991,2,False
6,UAV_072,38.8330193,101.0240936,2570.3784,5,False
6,UAV_073,38.834568,101.0125885,2577.2253,3,False
6,UAV_074,38.7847252,101.0280609,2575.6746,1,False
6,UAV_075,38.8148842,100.9823532,2574.2454,1,False
6,UAV_076,38.8922424,100.9913483,2574.9443,3,False
6,UAV_077,38.8097191,101.0462646,2575.5364,2,False
6,UAV_078,38.9093323,101.0113068,2569.3042,4,False
6,UAV_079,38.9148331,101.0442734,2571.0354,4,False
6,UAV_080,38.9528885,101.111496,2571.3914,0,False
6,UAV_081,38.7759666,100.9816742,2573.1846,1,False
6,UAV_082,38.8125839,101.0727158,2570.8958,5,False
6,UAV_083,38.7366486,101.0346909,2570.998,1,False
6,UAV_084,38.8441277,101.0624008,2572.25,5,False
6,UAV_085,38.920372,101.0329514,2577.5664,3,False
6,UAV_086,38.9010963,101.1116333,2570.4512,0,False
6,UAV_087,38.8571968,101.1019516,2568.5586,0,False
6,UAV_088,38.8010597,100.9655991,2575.6851,1,False
6,UAV_089,38.8683167,101.0656052,2572.3674,0,False
6,UAV_090,38.8759956,101.0192566,2576.1543,3,False
6,UAV_091,38.8322983,101.0258331,2569.7986,5,False
6,UAV_092,38.8245544,100.9964981,2575.5552,1,False
6,UAV_093,38.8888283,100.9261932,2570.8665,4,False
6,UAV_094,38.8163261,101.0356216,2570.4216,5,False
6,UAV_095,38.8545227,101.1047058,2577.4753,2,False
6,UAV_096,38.8669815,101.0701523,2561.0132,5,False
6,UAV_097,38.7786713,101.0019913,2576.1514,1,False
6,UAV_098,38.8513298,101.08992,2576.0308,2,True
6,UAV_099,38.8891335,101.0277405,2574.1353,3,False
6,UAV_100,38.9174385,101.1241379,2572.3186,0,False
6,UAV_101,38.9013824,100.9893036,2571.9192,4,False
6,UAV_102,38.8160248,101.0717392,2572.7913,2,False
6,UAV_103,38.8907051,101.0104446,2572.946,4,False
6,UAV_104,38.8008232,101.0163727,2578.9119,1,False
6,UAV_105,38.8864594,101.0156479,2571.2976,4,False
6,UAV_106,38.8925056,101.01017,2572.1987,4,False
6,UAV_107,38.7826767,101.0731277,2576.7971,2,False
6,UAV_108,38.941761,100.99263,2572.7253,4,False
6,UAV_109,38.91922,101.0457535,2574.7976,3,False
6,UAV_110,38.8263283,101.1047363,2567.9148,5,False
6,UAV_111,38.8028297,100.9982605,2571.584,1,False
6,UAV_112,38.7569008,100.9608231,2573.8008,1,True
6,UAV_113,38.8008804,100.964592,2572.5549,1,False
6,UAV_114,38.9065895,101.0190659,2568.4512,4,False
6,UAV_115,38.8784485,101.0394745,2568.8784,4,False
6,UAV_116,38.8340416,101.0593262,2573.627,2,False
6,UAV_117,38.8878708,100.9616852,2567.6438,4,False
6,UAV_118,38.7790985,101.0196228,2577.8545,1,False
6,UAV_119,38.8267136,101.0949554,2570.3298,5,False
6,UAV_120,38.8550186,101.0664062,2573.238,0,False
6,UAV_121,38.7903519,101.1041489,2577.4038,2,False
6,UAV_122,38.7876587,101.0370255,2574.6453,1,False
6,UAV_123,38.8844299,101.0527878,2568.26,4,False
6,UAV_124,38.8704185,101.121109,2576.25,2,False
6,UAV_125,38.8327522,100.9814453,2572.0466,1,False
6,UAV_126,38.7972221,101.037796,2565.9097,5,False
6,UAV_127,38.9196281,101.0146332,2577.6638,3,False
6,UAV_128,38.8516312,100.9781799,2569.9658,4,False
6,UAV_129,38.8855743,101.03302,2569.5962,4,False
6,UAV_130,38.8008919,101.0060654,2574.4246,1,False
6,UAV_131,38.9172592,100.9953537,2567.6982,4,False
6,UAV_132,38.9140816,100.9686737,2572.6455,4,False
6,UAV_133,38.8709297,101.0695724,2572.8862,0,False
6,UAV_134,38.7561646,101.0222321,2570.9924,1,False
6,UAV_135,38.8037605,101.0465622,2567.8201,5,False
6,UAV_136,38.8355293,101.0641022,2569.7437,5,False
6,UAV_137,38.8313332,101.0013046,2568.2361,5,False
6,UAV_138,38.8184814,101.0695648,2566.3079,5,False
6,UAV_139,38.8371201,101.0480728,2570.7593,5,False
6,UAV_140,38.8558884,101.1013794,2573.5669,0,False
6,UAV_141,38.8124313,101.0209351,2569.7024,5,False
6,UAV_142,38.8809204,101.0735855,2576.4387,3,False
6,UAV_143,38.8334579,100.9608078,2572.0005,1,False
6,UAV_144,38.8487968,101.0804596,2570.0508,5,False
6,UAV_145,38.8729591,101.1230698,2569.2754,0,False
6,UAV_146,38.8819237,100.9879074,2570.8799,4,False
6,UAV_147,38.925827,100.9938889,2575.3826,3,False
6,UAV_148,38.8033981,100.9879837,2575.1785,1,False
6,UAV_149,38.8179626,101.0767441,2569.5327,5,False
6,UAV_150,38.7870407,101.1089783,2572.0999,2,False
6,UAV_151,38.8594398,101.0847397,2572.0657,0,False
6,UAV_152,38.9372025,100.951889,2578.1155,3,False
6,UAV_153,38.818634,101.1155853,2575.1855,2,False
6,UAV_154,38.7980499,101.0716553,2572.113,5,False
6,UAV_155,38.8574562,100.9940109,2571.4116,4,False
6,UAV_156,38.8819389,101.0716858,2573.2629,0,False
6,UAV_157,38.7952538,101.1202698,2578.2444,2,False
6,UAV_158,38.8360558,101.094223,2572.9392,2,False
6,UAV_159,38.8304634,101.0826569,2571.8918,5,False
6,UAV_160,38.8435898,101.0344086,2566.6575,5,False
6,UAV_161,38.9512482,101.1069946,2571.9326,0,False
6,UAV_162,38.8841553,101.035408,2574.0715,3,False
6,UAV_163,38.7674141,101.0792923,2570.177,5,False
6,UAV_164,38.7771378,101.0046539,2566.9653,5,False
6,UAV_165,38.8852615,100.9819031,2572.9333,4,False
6,UAV_166,38.919796,101.0862961,2575.377,0,False
6,UAV_167,38.8972321,101.0181198,2573.3853,3,False
6,UAV_168,38.8054962,101.0878525,2571.3132,5,False
6,UAV_169,38.9048424,101.0116653,2572.5332,4,False
6,UAV_170,38.7954788,101.0715027,2568.2395,5,False
6,UAV_171,38.8638954,101.047287,2572.8303,3,False
6,UAV_172,38.8299751,101.0579529,2566.8877,5,False
6,UAV_173,38.7751579,100.9746933,2571.7808,1,False
6,UAV_174,38.8382454,101.0028534,2574.9729,1,False
6,UAV_175,38.8726158,101.0909729,2575.3486,0,False
6,UAV_176,38.7867203,101.1157303,2570.4216,5,False
6,UAV_177,38.8006134,101.0884705,2571.1445,5,False
6,UAV_178,38.8840218,101.03685,2569.0227,4,False
6,UAV_179,38.8557816,101.0271301,2573.5686,3,False
6,UAV_180,38.8655853,100.9910965,2573.7139,3,False
6,UAV_181,38.930706,101.0259399,2572.3035,4,False
6,UAV_182,38.8573875,101.0558395,2567.1323,5,False
6,UAV_183,38.8520699,100.9826736,2570.938,4,False
6,UAV_184,38.7480888,101.0394669,2569.6929,5,False
6,UAV_185,38.9123001,101.0465393,2569.2224,4,False
6,UAV_186,38.8607597,101.0404434,2573.7363,3,False
6,UAV_187,38.854351,101.1052399,2571.7344,0,False
6,UAV_188,38.9139442,101.0072327,2573.4375,3,False
6,UAV_189,38.8005333,100.9957428,2575.5579,1,False
6,UAV_190,38.9421577,100.9811249,2570.5198,4,False
6,UAV_191,38.8917885,100.9648209,2571.1157,4,False
6,UAV_192,38.7520943,100.9789047,2575.4363,1,False
6,UAV_193,38.8103218,101.008255,2573.7434,1,False
6,UAV_194,38.901001,101.0573578,2578.5068,3,False
6,UAV_195,38.9618683,101.1024094,2571.9248,0,False
6,UAV_196,38.9487076,101.1383743,2570.5247,0,False
6,UAV_197,38.931366,101.0284195,2577.3389,3,False
6,UAV_198,38.8060036,101.0311356,2568.5569,5,False
6,UAV_199,38.8798485,101.03759,2574.5823,3,False
6,UAV_200,38.7783699,101.1051636,2573.627,2,False
6,UAV_201,38.9383469,101.036644,2569.7896,4,False
6,UAV_202,38.7654305,101.0119476,2577.7937,1,False
6,UAV_203,38.8522758,101.0338593,2577.2842,3,False
6,UAV_204,38.8607368,101.015152,2575.1323,3,False
6,UAV_205,38.7831383,101.1141052,2575.8074,2,False
6,UAV_206,38.9129105,101.0497665,2571.3572,4,False
6,UAV_207,38.8430023,101.0395126,2577.0481,3,False
6,UAV_208,38.8467293,101.0852814,2569.5654,5,False
6,UAV_209,38.8720703,101.1486511,2577.2598,2,False
6,UAV_210,38.919117,101.0437012,2570.5981,4,False
6,UAV_211,38.7678566,100.9577408,2569.7717,1,False
6,UAV_212,38.7686348,100.9791412,2572.8123,1,False
6,UAV_213,38.7719841,101.0469284,2575.6375,2,False
6,UAV_214,38.8268204,101.059166,2581.3293,2,False
6,UAV_215,38.8294449,101.0954742,2574.3101,2,False
6,UAV_216,38.8154221,101.0141678,2568.5947,5,False
6,UAV_217,38.9255943,101.1154251,2574.1523,0,False
6,UAV_218,38.8364983,100.9758682,2575.5771,1,False
6,UAV_219,38.7723846,101.0775909,2575.7341,2,False
6,UAV_220,38.8926773,101.0362854,2574.4495,3,False
6,UAV_221,38.8726463,101.0347977,2570.5261,4,False
6,UAV_222,38.8433342,101.0508575,2575.926,2,False
6,UAV_223,38.8565483,101.0928497,2569.3655,0,False
6,UAV_224,38.7764931,100.9837189,2567.4934,5,False
6,UAV_225,38.8728333,101.0601578,2578.2734,3,False
6,UAV_226,38.7993546,100.9814453,2573.5999,1,False
6,UAV_227,38.8493385,101.1125946,2572.9668,0,False
6,UAV_228,38.7796707,101.0573425,2574.9333,2,False
6,UAV_229,38.9450989,100.9942856,2572.4348,4,False
6,UAV_230,38.812336,101.0980988,2578.5535,2,False
6,UAV_231,38.8495903,101.0191422,2574.554,3,False
6,UAV_232,38.7662926,100.9807358,2571.0728,1,False
6,UAV_233,38.7699661,100.9966583,2570.8765,1,False
6,UAV_234,38.8751259,100.995369,2573.3479,3,False
6,UAV_235,38.7700996,101.0056,2570.9302,1,False
6,UAV_236,38.8337479,101.0024033,2570.7861,1,False
6,UAV_237,38.8394814,101.0738983,2568.6577,5,False
6,UAV_238,38.9085922,101.1002731,2567.1829,0,False
6,UAV_239,38.8178368,101.076767,2567.2593,5,False
6,UAV_240,38.8573494,101.0270233,2573.8411,3,False
6,UAV_241,38.858799,101.0010452,2567.8821,4,False
6,UAV_242,38.7850418,101.0172272,2575.5393,1,False
6,UAV_243,38.8242226,100.997818,2575.5601,1,False
6,UAV_244,38.7839622,101.1036377,2572.4717,2,False
6,UAV_245,38.918396,101.0012512,2568.9849,4,False
6,UAV_246,38.9147377,101.0038376,2576.1389,3,False
6,UAV_247,38.916729,101.0630493,2572.0388,0,False
6,UAV_248,38.8667107,101.1081009,2579.8608,2,False
6,UAV_249,38.8943825,100.9335251,2573.1611,4,False
6,UAV_250,38.8854294,100.9761658,2570.6597,4,False
6,UAV_251,38.843029,100.9938812,2571.698,1,False
6,UAV_252,38.7967339,101.1307144,2574.3357,2,False
6,UAV_253,38.814415,101.1329575,2569.2354,5,True
6,UAV_254,38.8768158,101.0577774,2570.3577,0,False
6,UAV_255,38.874733,101.0422516,2571.0701,4,False
6,UAV_256,38.8989525,101.1180267,2567.8972,0,False
6,UAV_257,38.8597183,101.0738525,2577.0757,2,False
6,UAV_258,38.9069519,101.1283646,2570.6851,0,False
6,UAV_259,38.8010712,101.1164856,2568.4993,5,False
6,UAV_260,38.824791,101.0630722,2573.9358,2,False
6,UAV_261,38.8393822,101.0443497,2570.7012,5,False
6,UAV_262,38.8731155,101.0846024,2574.9116,0,False
6,UAV_263,38.7940788,101.1337814,2575.4844,2,False
6,UAV_264,38.9227257,101.0543442,2570.2402,4,False
6,UAV_265,38.8241425,101.0339355,2574.7732,1,False
6,UAV_266,38.8848724,101.1040039,2575.0815,0,False
6,UAV_267,38.881012,101.1003265,2574.7551,0,False
6,UAV_268,38.9256668,100.967598,2580.7854,3,False
6,UAV_269,38.9381104,101.0069885,2575.6409,3,False
6,UAV_270,38.8094292,101.0210571,2571.8511,1,False
6,UAV_271,38.8651085,100.9984741,2577.803,3,False
6,UAV_272,38.7616844,100.9663773,2573.4941,1,False
6,UAV_273,38.8404198,101.0325851,2575.1553,3,False
6,UAV_274,38.8569183,101.0174942,2574.8855,3,False
6,UAV_275,38.930294,100.9496384,2565.7517,4,False
6,UAV_276,38.7878685,101.0320053,2573.4878,1,False
6,UAV_277,38.7958069,100.9988403,2569.8882,1,False
6,UAV_278,38.7906914,101.1058655,2571.2429,5,False
6,UAV_279,38.9206123,101.0904999,2573.0222,0,False
6,UAV_280,38.8608704,100.962532,2570.6345,4,False
6,UAV_281,38.8878365,101.07621,2577.6516,3,False
6,UAV_282,38.8508263,101.1169128,2572.7849,0,False
6,UAV_283,38.9139214,101.0901184,2573.6226,0,False
6,UAV_284,38.8872795,100.9830933,2570.1506,4,False
6,UAV_285,38.8559036,101.0799408,2572.9849,0,False
6,UAV_286,38.8521919,100.9671097,2572.042,1,False
6,UAV_287,38.852581,101.1176529,2570.4812,0,False
6,UAV_288,38.9089851,101.0871124,2574.5947,0,False
6,UAV_289,38.8809776,101.0822372,2568.1731,0,False
6,UAV_290,38.783989,101.0197372,2574.5378,1,False
6,UAV_291,38.8124924,101.0929413,2573.1179,2,False
6,UAV_292,38.866291,100.9962463,2575.3164,3,False
6,UAV_293,38.8407211,101.0832748,2576.8804,2,False
6,UAV_294,38.8356094,101.1304703,2576.6641,2,False
6,UAV_295,38.8761101,101.0213623,2566.074,4,False
6,UAV_296,38.8392563,101.1072235,2569.0691,5,False
6,UAV_297,38.7747002,101.0189896,2571.0396,1,False
6,UAV_298,38.8560944,101.0458603,2566.6877,5,False
6,UAV_299,38.7908936,101.0516434,2573.5444,2,False
6,UAV_300,38.8231277,100.962738,2575.4314,1,False
6,UAV_301,38.8432961,101.1019211,2575.614,2,False
6,UAV_302,38.8106308,101.1482086,2575.2349,2,False
6,UAV_303,38.8954468,101.1173096,2570.4019,0,False
6,UAV_304,38.9166336,101.0419693,2568.9177,4,False
6,UAV_305,38.863884,100.9723587,2576.2832,3,False
6,UAV_306,38.8289528,101.0042877,2575.4014,1,False
6,UAV_307,38.7974663,100.9996033,2570.8049,1,False
6,UAV_308,38.8895493,101.1151047,2574.8945,0,False
6,UAV_309,38.9255371,101.0566406,2569.9827,4,False
6,UAV_310,38.8532944,101.0110931,2573.8955,3,False
6,UAV_311,38.7733078,101.0523605,2575.0828,2,False
6,UAV_312,38.9119072,101.0544586,2571.6865,0,False
6,UAV_313,38.8692322,101.0066757,2567.9338,4,False
6,UAV_314,38.9232101,100.9572983,2574.7527,3,False
6,UAV_315,38.8273315,101.0069351,2569.4802,5,False
6,UAV_316,38.8952789,101.0291977,2569.9158,4,False
6,UAV_317,38.9002113,101.0224152,2573.946,3,False
6,UAV_318,38.8164024,101.0719147,2575.8657,2,False
6,UAV_319,38.8393631,101.0268402,2571.6482,5,False
6,UAV_320,38.7794151,101.0874481,2575.384,2,False
6,UAV_321,38.9274673,100.991745,2570.9832,4,False
6,UAV_322,38.8106651,101.1213074,2570.5632,5,False
6,UAV_323,38.7450752,101.012146,2574.353,1,False
6,UAV_324,38.8709221,101.029953,2570.5525,4,False
6,UAV_325,38.8001747,101.1125641,2572.6208,2,False
6,UAV_326,38.8701401,101.1263351,2573.1106,0,False
6,UAV_327,38.8953247,100.9851761,2573.2417,4,False
6,UAV_328,38.829464,100.9873047,2569.3401,5,False
6,UAV_329,38.757637,101.0926437,2577.4758,2,False
6,UAV_330,38.9270821,101.0023499,2578.7773,3,False
6,UAV_331,38.9213142,101.1325912,2567.9155,0,False
6,UAV_332,38.8927269,101.0431366,2570.6865,4,False
6,UAV_333,38.9431648,100.9942017,2575.0339,3,False
6,UAV_334,38.903698,100.9948044,2574.3271,3,False
6,UAV_335,38.7477493,101.0478363,2568.9846,5,False
6,UAV_336,38.7931404,100.9981003,2575.9893,1,False
6,UAV_337,38.8829842,101.0318756,2574.104,3,False
6,UAV_338,38.8073044,101.0401535,2580.4954,2,False
6,UAV_339,38.7864494,101.1138458,2575.9128,2,False
6,UAV_340,38.8441772,101.0102768,2566.9072,5,False
6,UAV_341,38.835701,101.0124588,2576.7708,3,False
6,UAV_342,38.9062004,101.0529709,2575.7349,3,True
6,UAV_343,38.8377876,101.0834274,2574.918,2,False
6,UAV_344,38.9276657,101.1257553,2569.4487,0,False
6,UAV_345,38.8277054,101.0187531,2568.0813,5,False
6,UAV_346,38.8868408,101.037796,2570.6953,4,False
6,UAV_347,38.8401413,101.044899,2571.7581,5,False
6,UAV_348,38.824337,101.051033,2569.9768,5,False
6,UAV_349,38.9290314,100.9291382,2571.0364,4,False
6,UAV_350,38.8018684,101.1150589,2574.6064,2,False
6,UAV_351,38.9236565,101.1328888,2572.3167,0,False
6,UAV_352,38.825531,101.0574799,2576.7581,2,False
6,UAV_353,38.8189659,100.9536209,2569.5188,1,False
6,UAV_354,38.8002319,100.9829102,2575.4465,1,False
6,UAV_355,38.8813934,101.0218048,2571.0078,4,False
6,UAV_356,38.8213081,101.043541,2566.1714,5,False
6,UAV_357,38.742466,100.9647141,2573.2024,1,False
6,UAV_358,38.8504791,101.048027,2573.374,3,False
6,UAV_359,38.8405914,100.9854736,2575.8792,1,False
6,UAV_360,38.8072014,101.126358,2576.5781,2,False
6,UAV_361,38.8570061,101.0679016,2570.176,5,False
6,UAV_362,38.837677,101.0948105,2574.3582,2,False
6,UAV_363,38.8511086,101.1261826,2571.1584,0,False
6,UAV_364,38.8180008,101.0336685,2572.1384,5,False
6,UAV_365,38.8123283,101.0597687,2579.2424,2,False
6,UAV_366,38.7822113,101.1245422,2577.0649,2,False
6,UAV_367,38.9100227,100.9910202,2571.6152,4,False
6,UAV_368,38.8551483,101.058548,2577.53,2,False
6,UAV_369,38.8892174,101.1007462,2568.6055,0,False
6,UAV_370,38.8532677,101.0270844,2575.6663,3,False
6,UAV_371,38.8777809,101.0312805,2578.4631,3,False
6,UAV_372,38.8778725,101.0340271,2573.7856,3,False
6,UAV_373,38.8651543,101.1525574,2566.4231,0,False
6,UAV_374,38.8040314,101.0524979,2574.127,2,False
6,UAV_375,38.8080711,101.0398102,2572.7747,1,False
6,UAV_376,38.7946472,101.0155792,2573.4285,1,False
6,UAV_377,38.8676376,101.0971985,2574.6851,0,False
6,UAV_378,38.8898163,101.0806198,2572.8518,0,False
6,UAV_379,38.8113785,100.9999695,2580.6523,1,False
6,UAV_380,38.8237572,100.997261,2578.3547,1,False
6,UAV_381,38.8709717,101.0262299,2579.803,3,False
6,UAV_382,38.8196564,101.0130463,2576.7739,1,False
6,UAV_383,38.9196587,101.017189,2576.3762,3,False
6,UAV_384,38.8891182,100.9911728,2569.4883,4,False
6,UAV_385,38.8174477,101.0784836,2571.2903,5,False
6,UAV_386,38.8477211,101.0848694,2567.0923,5,False
6,UAV_387,38.8807869,101.0723114,2572.855,0,False
6,UAV_388,38.8060532,101.0851746,2573.2471,2,False
6,UAV_389,38.7890663,101.0982819,2579.179,2,False
6,UAV_390,38.8191338,101.0022354,2565.885,5,False
6,UAV_391,38.7735367,101.0730057,2573.7988,2,False
6,UAV_392,38.8024712,101.0608978,2576.9478,2,False
6,UAV_393,38.9053917,100.9908218,2565.7727,4,False
6,UAV_394,38.9435043,101.0630646,2577.1897,3,False
6,UAV_395,38.8785591,100.9922562,2571.7537,4,False
6,UAV_396,38.9550438,101.0266571,2568.2517,4,False
6,UAV_397,38.8333549,101.0215607,2573.3855,1,False
6,UAV_398,38.8986778,101.0838852,2572.4775,0,False
6,UAV_399,38.8636742,101.0969086,2570.2412,0,False
6,UAV_400,38.85466,101.0252609,2566.7595,5,False
6,UAV_401,38.9229469,101.0228882,2570.2263,4,False
6,UAV_402,38.8750153,101.0780334,2567.5593,5,False
6,UAV_403,38.8553162,101.0845566,2567.4602,5,False
6,UAV_404,38.8981895,101.0280075,2576.3896,3,False
6,UAV_405,38.9428177,101.021492,2576.4143,3,False
6,UAV_406,38.8644485,101.0575485,2577.3013,3,False
6,UAV_407,38.7932167,100.9863129,2580.981,1,False
6,UAV_408,38.8002472,101.0632706,2574.8569,2,False
6,UAV_409,38.8793793,101.0174332,2571.3984,4,False
6,UAV_410,38.7790413,101.0485687,2575.2065,2,False
6,UAV_411,38.8927155,101.0495453,2572.2993,0,False
6,UAV_412,38.8202515,100.9552841,2572.2856,1,False
6,UAV_413,38.8143997,101.1007996,2571.4839,5,False
6,UAV_414,38.8387909,101.0658264,2577.0161,2,False
6,UAV_415,38.8800507,100.9618759,2573.3098,4,False
6,UAV_416,38.8732948,101.0185165,2574.9082,3,False
6,UAV_417,38.9091263,101.1209106,2574.468,0,False
6,UAV_418,38.9037971,100.9898987,2571.438,4,False
6,UAV_419,38.8148117,100.9547501,2574.5168,1,False
6,UAV_420,38.8180199,101.0068054,2581.3091,3,False
6,UAV_421,38.7797127,101.0469284,2566.0938,5,False
6,UAV_422,38.8545151,101.0035934,2570.0125,4,False
6,UAV_423,38.8561172,101.088623,2567.7031,5,False
6,UAV_424,38.8149223,100.967804,2575.6204,1,False
6,UAV_425,38.8876915,101.0557938,2573.2454,0,False
6,UAV_426,38.9172707,101.0586777,2577.0176,3,False
6,UAV_427,38.8388863,101.0333252,2580.8184,3,False
6,UAV_428,38.8249435,100.9789047,2571.1968,1,False
6,UAV_429,38.8832283,100.9794998,2576.7717,3,False
6,UAV_430,38.7793121,101.0625305,2577.8132,2,False
6,UAV_431,38.8288651,101.0146332,2570.3042,5,False
6,UAV_432,38.9216385,101.0817413,2571.2297,0,False
6,UAV_433,38.9345551,101.0003357,2578.4431,3,False
6,UAV_434,38.83535,101.0033112,2573.2102,1,False
6,UAV_435,38.833828,100.9965897,2570.8635,1,False
6,UAV_436,38.8176308,100.9755249,2572.3762,1,False
6,UAV_437,38.8998909,101.1138382,2575.3962,0,False
6,UAV_438,38.8908539,101.0099716,2575.3567,3,False
6,UAV_439,38.963768,101.0127869,2570.4487,4,True
6,UAV_440,38.8977928,101.0210876,2573.332,3,False
6,UAV_441,38.7895126,100.9506226,2574.5537,1,False
6,UAV_442,38.879261,101.0214233,2570.0022,4,False
6,UAV_443,38.9290962,101.08284,2569.6265,0,False
6,UAV_444,38.8364563,100.990799,2572.3909,1,False
6,UAV_445,38.8358231,101.0213699,2570.2434,5,False
6,UAV_446,38.8806458,101.0953064,2569.645,0,False
6,UAV_447,38.9430733,101.0985565,2576.3442,0,False
6,UAV_448,38.786644,101.0444641,2571.9895,5,False
6,UAV_449,38.8076324,101.0646057,2579.0654,2,False
6,UAV_450,38.8058739,101.126091,2577.3477,2,False
6,UAV_451,38.7541847,100.999939,2573.3206,1,False
6,UAV_452,38.8752975,101.08741,2581.3669,2,False
6,UAV_453,38.9052086,101.0327835,2565.9133,4,False
6,UAV_454,38.8369064,101.091713,2575.6897,2,False
6,UAV_455,38.8579292,100.9860458,2576.1433,3,False
6,UAV_456,38.8060455,101.0467072,2578.2949,2,False
6,UAV_457,38.8396683,101.0457306,2569.9019,5,False
6,UAV_458,38.8728714,101.0689087,2570.9722,0,False
6,UAV_459,38.8978806,101.0017395,2576.4209,3,False
6,UAV_460,38.7895699,101.0901489,2573.0725,2,False
6,UAV_461,38.8712082,100.9729004,2563.1116,4,False
6,UAV_462,38.862484,101.1178284,2573.8923,0,False
6,UAV_463,38.7853279,100.9843292,2576.7695,1,False
6,UAV_464,38.8007011,100.9485855,2574.0034,1,False
6,UAV_465,38.8493118,100.9865189,2569.2742,4,False
6,UAV_466,38.8830032,101.1095657,2570.877,0,False
6,UAV_467,38.8635483,101.061676,2574.3359,3,False
6,UAV_468,38.8147926,101.0200806,2576.6814,1,False
6,UAV_469,38.8453445,101.0570602,2570.7043,5,False
6,UAV_470,38.8459206,101.063179,2575.3792,2,False
6,UAV_471,38.8023109,100.9871521,2574.251,1,False
6,UAV_472,38.863636,101.1176682,2574.4241,0,False
6,UAV_473,38.8149643,101.0457001,2570.4468,5,False
6,UAV_474,38.8104973,100.9426346,2571.7322,1,False
6,UAV_475,38.9140053,101.0292435,2572.4116,4,False
6,UAV_476,38.9563866,101.0638657,2569.5879,0,False
6,UAV_477,38.8640175,101.0207138,2576.1328,3,False
6,UAV_478,38.905262,100.9824142,2568.7422,4,False
6,UAV_479,38.8763504,101.0979156,2573.6033,0,False
6,UAV_480,38.7863121,101.0341568,2569.7939,5,False
6,UAV_481,38.8202209,100.9757767,2570.031,1,False
6,UAV_482,38.8067131,101.0774536,2576.8979,2,False
6,UAV_483,38.8994255,101.1084213,2575.3926,0,False
6,UAV_484,38.82687,101.054245,2575.728,2,False
6,UAV_485,38.8085365,101.037384,2573.6118,1,False
6,UAV_486,38.8953362,101.0323486,2573.4998,3,False
6,UAV_487,38.9264679,101.0100632,2572.9399,4,False
6,UAV_488,38.8369942,101.0161896,2578.7263,3,False
6,UAV_489,38.8187332,101.0351715,2567.4019,5,False
6,UAV_490,38.8444557,100.9758377,2576.1775,1,False
6,UAV_491,38.9372292,101.0334473,2577.729,3,False
6,UAV_492,38.860939,101.0454254,2571.5488,5,False
6,UAV_493,38.8572617,101.0084839,2575.2942,3,False
6,UAV_494,38.8059998,100.9957352,2571.0164,1,False
6,UAV_495,38.8858681,100.9740524,2572.8096,4,False
6,UAV_496,38.8310165,101.0818024,2570.6934,5,False
6,UAV_497,38.8339195,101.0293198,2573.5261,1,False
6,UAV_498,38.8016243,101.0427017,2568.6914,5,False
6,UAV_499,38.9107742,100.975235,2575.7087,3,False
6,UAV_500,38.8014984,101.057045,2577.8833,2,False
7,UAV_001,38.8306274,101.0969238,2568.2461,4,False
7,UAV_002,38.8898735,101.0173721,2569.2029,1,False
7,UAV_003,38.8936043,101.088623,2570.8428,5,False
7,UAV_004,38.8186874,100.9907608,2573.7852,0,False
7,UAV_005,38.8161392,101.1000137,2569.1333,4,False
7,UAV_006,38.8245811,101.0920792,2572.5444,4,False
7,UAV_007,38.8805504,101.1059418,2571.2051,5,False
7,UAV_008,38.8977699,101.0739288,2573.3032,5,False
7,UAV_009,38.9175301,101.104332,2572.7485,5,False
7,UAV_010,38.8468895,100.9845352,2572.415,0,False
7,UAV_011,38.8858757,101.0370483,2575.3967,3,False
7,UAV_012,38.8131523,100.9983978,2576.5767,2,False
7,UAV_013,38.8611031,101.0535355,2577.1509,2,False
7,UAV_014,38.8600464,101.0173874,2579.1748,2,False
7,UAV_015,38.8790894,100.9861832,2565.0879,1,False
7,UAV_016,38.9588127,100.9820023,2572.3518,3,False
7,UAV_017,38.8805695,101.038208,2573.0767,3,False
7,UAV_018,38.8303032,101.0071335,2570.1833,0,False
7,UAV_019,38.8890991,101.0603485,2575.3699,5,False
7,UAV_020,38.7896767,101.0222855,2567.6599,0,False
7,UAV_021,38.8848038,101.0794067,2570.2495,5,False
7,UAV_022,38.926384,100.9660721,2577.8958,3,False
7,UAV_023,38.8736801,100.9626465,2569.2361,1,False
7,UAV_024,38.8930969,101.0139999,2574.8201,3,False
7,UAV_025,38.9019203,101.0080338,2572.9883,3,False
7,UAV_026,38.8771133,101.0744171,2573.1729,5,False
7,UAV_027,38.8480835,101.07798,2573.4949,5,False
7,UAV_028,38.9109306,101.13414,2569.9883,5,False
7,UAV_029,38.8462906,101.0219116,2569.9587,1,False
7,UAV_030,38.8615723,101.0196075,2568.2227,1,True
7,UAV_031,38.8657951,101.0209656,2574.0405,3,False
7,UAV_032,38.8555565,101.1102982,2569.385,4,False
7,UAV_033,38.8858452,101.0780716,2577.5491,5,False
7,UAV_034,38.9113083,101.0401993,2578.4761,3,False
7,UAV_035,38.8322983,101.0301514,2571.3572,0,False
7,UAV_036,38.9150772,100.9304657,2574.5928,3,False
7,UAV_037,38.902256,100.9936066,2575.6436,3,False
7,UAV_038,38.9138031,101.0148163,2570.9951,3,False
7,UAV_039,38.9377785,100.9925919,2574.6589,3,False
7,UAV_040,38.8214722,101.031662,2574.1636,2,False
7,UAV_041,38.8742943,100.9979172,2566.9343,1,False
7,UAV_042,38.8621788,101.0702209,2567.4377,1,False
7,UAV_043,38.874382,101.1062317,2574.0146,5,False
7,UAV_044,38.7411041,101.048378,2568.8362,4,False
7,UAV_045,38.9452515,101.0497665,2571.1726,3,False
7,UAV_046,38.7658119,100.9746323,2574.124,0,False
7,UAV_047,38.8924294,100.9951401,2576.2969,3,False
7,UAV_048,38.9369736,101.0473785,2575.1787,3,False
7,UAV_049,38.7891808,101.0279465,2575.6829,2,False
7,UAV_050,38.8925629,101.034874,2565.6433,1,False
7,UAV_051,38.8657608,101.0494843,2574.3708,5,False
7,UAV_052,38.8142242,101.0445786,2572.0913,4,False
7,UAV_053,38.9105034,101.058815,2574.0427,5,False
7,UAV_054,38.8266373,101.0629578,2574.3752,4,False
7,UAV_055,38.7863617,101.0864105,2569.7305,4,False
7,UAV_056,38.86129,101.0071182,2574.2156,3,False
7,UAV_057,38.8070717,101.0940018,2571.6733,4,False
7,UAV_058,38.8261604,101.0289307,2569.2307,0,False
7,UAV_059,38.8827438,101.0114441,2569.48,1,False
7,UAV_060,38.7945061,101.0446167,2568.0054,4,False
7,UAV_061,38.8040924,101.0503006,2576.01,2,False
7,UAV_062,38.89991,101.0491333,2576.1648,3,False
7,UAV_063,38.887764,100.9527359,2570.3916,3,False
7,UAV_064,38.8873177,101.1235199,2574.6851,5,False
7,UAV_065,38.9457436,101.0059204,2571.5356,3,False
7,UAV_066,38.917305,101.1356964,2573.9854,5,False
7,UAV_067,38.8985214,101.0092697,2575.249,3,False
7,UAV_068,38.9100304,101.0414276,2574.4897,3,False
7,UAV_069,38.9229813,101.0471039,2573.2856,3,False
7,UAV_070,38.8010292,101.0172577,2580.1606,2,False
7,UAV_071,38.8310013,101.1269684,2576.6226,5,False
7,UAV_072,38.8341789,101.0221558,2570.8892,0,False
7,UAV_073,38.8321533,101.0125504,2576.5569,2,False
7,UAV_074,38.7772102,101.0224609,2572.8721,0,False
7,UAV_075,38.8148727,100.982132,2573.0708,0,False
7,UAV_076,38.89077,100.99366,2572.4761,3,False
7,UAV_077,38.7855034,101.1225967,2575.353,4,False
7,UAV_078,38.9093475,101.011261,2562.7034,1,False
7,UAV_079,38.9143906,101.044693,2568.3821,1,False
7,UAV_080,38.9537926,101.1106491,2571.645,5,False
7,UAV_081,38.7675056,100.981781,2574.5833,0,False
7,UAV_082,38.8114891,101.0721207,2572.0029,4,False
7,UAV_083,38.736454,101.03302,2572.7312,0,False
7,UAV_084,38.845993,101.0623322,2572.5273,4,False
7,UAV_085,38.917572,101.0329361,2577.6555,3,False
7,UAV_086,38.891201,101.1184845,2577.8018,5,False
7,UAV_087,38.8555031,101.1003494,2567.8171,1,False
7,UAV_088,38.792614,100.9657288,2575.0583,0,False
7,UAV_089,38.8673325,101.0657043,2573.5864,5,True
7,UAV_090,38.8759804,101.0195847,2577.4465,2,False
7,UAV_091,38.8323059,101.0257492,2568.6519,1,False
7,UAV_092,38.8244476,100.9966812,2578.8115,2,False
7,UAV_093,38.8851814,100.9337082,2575.8416,3,False
7,UAV_094,38.8164101,101.0332031,2569.3828,0,False
7,UAV_095,38.8544197,101.1048355,2573.9531,5,False
7,UAV_096,38.866581,101.0698929,2572.1436,5,False
7,UAV_097,38.7949142,100.9840927,2569.8252,0,False
7,UAV_098,38.8662071,101.1171494,2575.4058,5,False
7,UAV_099,38.8903275,101.0277252,2573.9209,3,False
7,UAV_100,38.9159546,101.1235657,2570.0796,5,False
7,UAV_101,38.8988533,100.9892883,2572.0288,3,False
7,UAV_102,38.8151131,101.0721207,2575.3149,2,False
7,UAV_103,38.8906555,100.9790649,2573.896,3,False
7,UAV_104,38.8007278,101.0166473,2577.8022,2,False
7,UAV_105,38.8873482,101.0147552,2577.0625,3,False
7,UAV_106,38.8931961,101.0090561,2566.6643,1,False
7,UAV_107,38.7833557,101.0731583,2570.9766,4,False
7,UAV_108,38.9426651,100.9922028,2569.6807,3,False
7,UAV_109,38.9168892,101.0457764,2578.4729,3,False
7,UAV_110,38.8262634,101.1036606,2572.7959,4,False
7,UAV_111,38.8153992,100.9956284,2574.1963,0,False
7,UAV_112,38.7427025,101.0136185,2568.7024,0,False
7,UAV_113,38.8135376,100.9666824,2573.8018,0,False
7,UAV_114,38.9057198,101.0179214,2571.2439,3,False
7,UAV_115,38.8783951,101.0392532,2572.6226,3,False
7,UAV_116,38.8285294,101.0604172,2572.6423,4,False
7,UAV_117,38.8877525,100.9591446,2570.3633,3,False
7,UAV_118,38.7808533,101.0212479,2576.9514,2,True
7,UAV_119,38.8251801,101.0929184,2572.4583,4,False
7,UAV_120,38.8549118,101.0666885,2573.4219,5,False
7,UAV_121,38.7899628,101.1044312,2577.0703,4,False
7,UAV_122,38.787365,101.0373154,2570.1582,0,False
7,UAV_123,38.8840828,101.050209,2569.2737,1,False
7,UAV_124,38.8706551,101.1212082,2578.1082,5,False
7,UAV_125,38.8336601,100.9814758,2574.5769,0,False
7,UAV_126,38.7971764,101.0365753,2571.0337,0,False
7,UAV_127,38.9190674,101.0149078,2575.7324,3,False
7,UAV_128,38.8520126,100.9775925,2571.2886,0,False
7,UAV_129,38.8882751,101.0281982,2571.4446,3,False
7,UAV_130,38.7995872,101.0066071,2575.7224,2,False
7,UAV_131,38.9155731,100.9940414,2571.2512,3,False
7,UAV_132,38.9405785,100.943428,2573.5916,3,False
7,UAV_133,38.8709488,101.0678711,2573.4678,5,False
7,UAV_134,38.7555199,101.0213623,2569.7598,0,False
7,UAV_135,38.802681,101.046051,2570.7432,4,False
7,UAV_136,38.8355446,101.0628815,2570.6199,4,False
7,UAV_137,38.8316917,101.0004425,2567.5229,1,False
7,UAV_138,38.8181038,101.0689087,2570.5718,4,False
7,UAV_139,38.8353081,101.0478058,2570.801,4,False
7,UAV_140,38.8554611,101.0997162,2570.6426,5,False
7,UAV_141,38.8125496,101.0185699,2572.7617,0,False
7,UAV_142,38.8787575,101.0754471,2575.1074,5,False
7,UAV_143,38.831562,100.9595184,2567.5129,0,False
7,UAV_144,38.8485451,101.0804291,2570.2009,4,False
7,UAV_145,38.872364,101.1217804,2569.3108,5,False
7,UAV_146,38.8788605,100.9549179,2575.0295,3,False
7,UAV_147,38.9253502,100.9941559,2577.9167,3,False
7,UAV_148,38.8033257,100.9882965,2576.9138,2,False
7,UAV_149,38.8155403,101.0767136,2578.8948,2,False
7,UAV_150,38.786705,101.1088715,2567.666,4,False
7,UAV_151,38.8774986,101.0877151,2574.7966,5,False
7,UAV_152,38.9300537,100.9520187,2576.0918,3,False
7,UAV_153,38.8100624,101.1121368,2573.894,4,False
7,UAV_154,38.8081474,101.0715714,2576.667,2,False
7,UAV_155,38.8616982,100.9937057,2580.1353,2,False
7,UAV_156,38.8766251,101.0738144,2580.3379,2,False
7,UAV_157,38.7953835,101.1201782,2572.4902,4,False
7,UAV_158,38.8373833,101.0939941,2570.5793,4,False
7,UAV_159,38.8310585,101.0823669,2567.7263,4,False
7,UAV_160,38.8409538,101.031662,2570.4028,1,False
7,UAV_161,38.9507904,101.1044312,2569.1489,5,False
7,UAV_162,38.8843002,101.03302,2572.6335,3,False
7,UAV_163,38.7645416,101.0781021,2574.407,4,False
7,UAV_164,38.7765846,101.0034943,2566.7244,0,False
7,UAV_165,38.8799095,100.9841385,2575.1196,3,False
7,UAV_166,38.916996,101.0862732,2572.9656,5,False
7,UAV_167,38.8985786,101.0182495,2574.0325,3,True
7,UAV_168,38.8075562,101.0878754,2571.8872,4,False
7,UAV_169,38.90205,101.0116501,2577.4463,3,False
7,UAV_170,38.8012619,101.0694504,2568.5286,4,False
7,UAV_171,38.8639793,101.0474243,2571.8167,1,False
7,UAV_172,38.8290596,101.0575027,2568.3391,1,False
7,UAV_173,38.7750587,100.9745865,2568.5562,0,False
7,UAV_174,38.8384476,101.0030746,2572.8052,0,False
7,UAV_175,38.8717804,101.0916748,2580.123,2,False
7,UAV_176,38.7865906,101.1155243,2566.9409,4,False
7,UAV_177,38.8008461,101.0885468,2573.1443,4,False
7,UAV_178,38.8843155,101.0346527,2570.9165,1,False
7,UAV_179,38.8536682,101.0269012,2574.7317,2,False
7,UAV_180,38.8651505,100.991478,2575.1313,3,False
7,UAV_181,38.9304581,101.0233688,2570.9263,3,False
7,UAV_182,38.857563,101.0556564,2569.9893,1,False
7,UAV_183,38.8525925,100.9808426,2571.1221,0,False
7,UAV_184,38.7454834,101.0367661,2571.4622,0,False
7,UAV_185,38.9111061,101.044754,2566.4836,1,False
7,UAV_186,38.861557,101.0398483,2570.9045,1,False
7,UAV_187,38.8542404,101.1039352,2574.8376,5,False
7,UAV_188,38.914238,101.0072327,2573.405,3,False
7,UAV_189,38.799221,100.9961014,2572.334,0,False
7,UAV_190,38.9400406,100.9802246,2567.3254,1,False
7,UAV_191,38.8926582,100.9656525,2572.9124,3,False
7,UAV_192,38.7589226,100.9720612,2569.3633,0,False
7,UAV_193,38.8127632,101.0049057,2573.647,0,False
7,UAV_194,38.8986397,101.0573196,2571.5044,5,False
7,UAV_195,38.9469833,101.0945969,2577.1309,5,False
7,UAV_196,38.9147644,101.0571442,2574.0027,5,False
7,UAV_197,38.9310532,101.0287247,2569.9727,1,False
7,UAV_198,38.8060875,101.0310364,2570.5554,0,False
7,UAV_199,38.8794937,101.0379715,2576.3101,2,False
7,UAV_200,38.777195,101.104599,2569.981,4,False
7,UAV_201,38.9395142,101.0318909,2573.0579,3,False
7,UAV_202,38.7747002,101.0121765,2574.0437,0,False
7,UAV_203,38.8511047,101.0341187,2573.7832,2,False
7,UAV_204,38.8631516,101.0180817,2578.2539,2,False
7,UAV_205,38.7825356,101.1143494,2575.8142,4,False
7,UAV_206,38.9119492,101.0493317,2568.574,1,False
7,UAV_207,38.8436203,101.039711,2572.6272,0,False
7,UAV_208,38.8468704,101.0847626,2568.4143,1,False
7,UAV_209,38.8881149,101.1277466,2571.8503,5,False
7,UAV_210,38.9193153,101.0427017,2568.6858,1,False
7,UAV_211,38.7940712,100.932457,2569.9817,0,False
7,UAV_212,38.765686,100.9805145,2578.6089,2,False
7,UAV_213,38.7722893,101.0405579,2574.0793,4,False
7,UAV_214,38.8268585,101.0592422,2571.0085,4,False
7,UAV_215,38.8341942,101.0953445,2570.4282,4,False
7,UAV_216,38.8126183,101.0125885,2572.3921,0,False
7,UAV_217,38.8904457,101.148468,2575.4558,5,False
7,UAV_218,38.8293686,100.9759979,2570.0564,0,False
7,UAV_219,38.7723083,101.0778656,2574.7034,4,False
7,UAV_220,38.8927383,101.0360184,2572.8384,3,False
7,UAV_221,38.8727226,101.0350494,2572.8645,3,False
7,UAV_222,38.8442688,101.0525055,2576.5657,2,False
7,UAV_223,38.8547249,101.0922699,2568.8291,1,False
7,UAV_224,38.7762032,100.9790039,2571.4897,0,True
7,UAV_225,38.8522339,101.0760269,2573.4414,5,False
7,UAV_226,38.7967529,100.9830704,2574.4688,0,False
7,UAV_227,38.8492012,101.1129684,2569.4685,4,False
7,UAV_228,38.7844467,101.0571976,2572.7236,4,False
7,UAV_229,38.9512939,100.9942322,2573.7788,3,False
7,UAV_230,38.8039742,101.0982056,2572.2773,4,False
7,UAV_231,38.8551292,101.0223923,2574.0249,2,False
7,UAV_232,38.7667198,100.9792252,2567.687,0,False
7,UAV_233,38.7694473,100.9961166,2570.4727,0,False
7,UAV_234,38.8723907,100.9955215,2574.5598,3,False
7,UAV_235,38.7735443,101.0041885,2572.8496,0,False
7,UAV_236,38.8338585,100.9981613,2569.4944,0,False
7,UAV_237,38.8501358,101.0683823,2574.1248,5,False
7,UAV_238,38.9085159,101.0977554,2570.2444,5,False
7,UAV_239,38.819046,101.0755005,2570.0042,4,False
7,UAV_240,38.8558884,101.0277863,2574.8062,2,False
7,UAV_241,38.8590393,100.9987869,2572.4546,3,False
7,UAV_242,38.784668,101.0177078,2575.7585,2,False
7,UAV_243,38.8242722,100.9976273,2572.1006,0,False
7,UAV_244,38.7841148,101.1023941,2570.7583,4,False
7,UAV_245,38.9127312,101.0001144,2570.3984,3,False
7,UAV_246,38.9115982,101.0038452,2576.0254,3,False
7,UAV_247,38.9176559,101.0630798,2573.4133,5,False
7,UAV_248,38.8536224,101.1111984,2573.6934,5,False
7,UAV_249,38.9001198,100.9314499,2570.8777,3,False
7,UAV_250,38.8841553,101.0011215,2575.8367,3,False
7,UAV_251,38.8441238,100.9932632,2574.9353,2,False
7,UAV_252,38.7952385,101.1312866,2571.8528,4,False
7,UAV_253,38.8120041,101.1304398,2570.5969,4,False
7,UAV_254,38.8762436,101.0572891,2572.7878,5,False
7,UAV_255,38.8726273,101.0408325,2569.2202,1,False
7,UAV_256,38.8989906,101.1178665,2573.9978,5,False
7,UAV_257,38.8590851,101.074234,2578.5764,2,False
7,UAV_258,38.8604507,101.1225433,2574.3813,5,False
7,UAV_259,38.7969131,101.1119766,2572.175,4,False
7,UAV_260,38.824646,101.0630341,2570.7583,4,False
7,UAV_261,38.8619881,101.0363159,2575.0276,2,False
7,UAV_262,38.8672867,101.0811691,2574.8083,5,False
7,UAV_263,38.793972,101.1344528,2577.229,4,False
7,UAV_264,38.9222298,101.0530853,2575.1074,3,False
7,UAV_265,38.8233681,101.0376053,2576.7954,2,False
7,UAV_266,38.88414,101.1040344,2573.7739,5,False
7,UAV_267,38.8812332,101.1004715,2572.9817,5,False
7,UAV_268,38.9256363,100.9678345,2570.605,3,False
7,UAV_269,38.9374084,101.0044403,2568.6104,1,False
7,UAV_270,38.8092537,101.0201492,2570.3674,0,False
7,UAV_271,38.8653679,100.9983826,2574.5969,3,False
7,UAV_272,38.7577171,100.9736099,2578.6611,2,False
7,UAV_273,38.8408508,101.0321884,2569.2742,1,False
7,UAV_274,38.8562431,101.0180206,2569.0481,1,False
7,UAV_275,38.9286118,100.9480133,2573.791,3,False
7,UAV_276,38.7910461,101.0326691,2573.9304,0,False
7,UAV_277,38.7950249,100.9977722,2569.6409,0,False
7,UAV_278,38.790863,101.1053391,2568.9775,4,False
7,UAV_279,38.9180756,101.0904846,2571.7847,5,False
7,UAV_280,38.8589783,100.9612503,2571.918,0,False
7,UAV_281,38.8776169,101.0754395,2575.5498,5,False
7,UAV_282,38.8507843,101.1205368,2574.9531,5,False
7,UAV_283,38.913166,101.0905151,2574.7412,5,False
7,UAV_284,38.8893661,100.9825745,2572.4758,3,False
7,UAV_285,38.8552399,101.0804443,2570.657,4,False
7,UAV_286,38.8487091,100.9706497,2573.4119,0,False
7,UAV_287,38.8519096,101.1173553,2574.2205,5,False
7,UAV_288,38.9087982,101.0874252,2575.1047,5,False
7,UAV_289,38.8870659,101.0801392,2569.2236,1,False
7,UAV_290,38.7985992,101.022438,2575.7864,2,False
7,UAV_291,38.8053551,101.0405502,2570.5227,0,False
7,UAV_292,38.8655739,100.9968948,2578.1094,2,False
7,UAV_293,38.8399887,101.0865479,2574.5203,5,False
7,UAV_294,38.836235,101.131012,2573.8635,5,False
7,UAV_295,38.8889771,101.0164337,2569.3411,1,False
7,UAV_296,38.8394547,101.1070633,2562.9885,1,False
7,UAV_297,38.7744522,101.0158768,2571.7556,0,False
7,UAV_298,38.8457298,101.0432281,2566.0061,1,False
7,UAV_299,38.7904472,101.0520935,2570.8601,4,False
7,UAV_300,38.8231201,100.9624023,2576.5054,2,False
7,UAV_301,38.8456383,101.1195755,2573.4563,5,False
7,UAV_302,38.8090858,101.1489563,2575.4788,4,False
7,UAV_303,38.896328,101.1165466,2573.1189,5,False
7,UAV_304,38.9152679,101.0418091,2571.3394,3,False
7,UAV_305,38.8637276,100.9723511,2568.1914,1,False
7,UAV_306,38.829689,101.0031433,2574.1064,0,False
7,UAV_307,38.7756653,100.9912415,2568.3911,0,False
7,UAV_308,38.887886,101.1153107,2573.8921,5,False
7,UAV_309,38.923645,101.0566025,2564.4646,1,False
7,UAV_310,38.8450127,101.012207,2574.5503,2,False
7,UAV_311,38.7712936,101.0512238,2568.3259,4,False
7,UAV_312,38.9110069,101.0538254,2569.9536,1,False
7,UAV_313,38.8711395,101.0058899,2568.5103,1,False
7,UAV_314,38.920887,100.9573212,2573.7283,3,False
7,UAV_315,38.8288155,101.032608,2568.8708,1,False
7,UAV_316,38.8961143,101.0278091,2567.5952,1,False
7,UAV_317,38.9022026,101.0203171,2572.0654,3,False
7,UAV_318,38.8158875,101.0723877,2573.479,4,False
7,UAV_319,38.8328323,101.024147,2572.4126,0,False
7,UAV_320,38.7669029,101.0844955,2572.0547,4,False
7,UAV_321,38.9080429,100.9959717,2576.4734,3,False
7,UAV_322,38.810318,101.1196747,2568.6953,4,False
7,UAV_323,38.8046417,101.021225,2569.3533,0,False
7,UAV_324,38.8718796,101.0294189,2572.9155,3,False
7,UAV_325,38.7999954,101.1123199,2572.1436,4,False
7,UAV_326,38.8699074,101.1266403,2576.5586,5,False
7,UAV_327,38.8937073,100.9846497,2575.4282,3,False
7,UAV_328,38.8242722,100.9623184,2570.3323,0,False
7,UAV_329,38.8209572,101.0652084,2579.051,2,False
7,UAV_330,38.9265823,101.0026627,2571.8826,3,False
7,UAV_331,38.9221649,101.1316986,2568.084,5,False
7,UAV_332,38.89328,101.0431595,2574.1543,3,False
7,UAV_333,38.9441833,100.9939041,2571.9539,3,False
7,UAV_334,38.8748322,101.0229111,2575.665,3,False
7,UAV_335,38.7483559,101.0455856,2571.4468,4,False
7,UAV_336,38.789238,100.9981003,2576.2817,2,False
7,UAV_337,38.8841133,101.0320435,2571.4478,1,False
7,UAV_338,38.8047905,101.0401459,2580.2178,2,False
7,UAV_339,38.785305,101.1167831,2576.2329,4,False
7,UAV_340,38.8445969,101.0088882,2570.9834,0,False
7,UAV_341,38.8325462,101.0124512,2576.6787,2,False
7,UAV_342,38.8607941,101.0724945,2573.6758,5,False
7,UAV_343,38.8198128,101.0813599,2572.542,4,False
7,UAV_344,38.9278145,101.1259308,2576.95,5,False
7,UAV_345,38.8277168,101.0185776,2569.47,0,False
7,UAV_346,38.8987617,101.0409088,2574.0769,3,False
7,UAV_347,38.8403893,101.0426331,2566.3018,1,False
7,UAV_348,38.8255501,101.0508652,2571.6772,4,False
7,UAV_349,38.9519615,100.9274521,2574.3381,3,False
7,UAV_350,38.797184,101.1102829,2567.3206,4,False
7,UAV_351,38.9225235,101.1333771,2576.1614,5,False
7,UAV_352,38.7958336,101.0544815,2572.2476,4,False
7,UAV_353,38.8178253,100.951416,2569.1777,0,False
7,UAV_354,38.7998657,100.9829865,2571.8513,0,False
7,UAV_355,38.8804207,101.0231781,2577.8223,2,False
7,UAV_356,38.8211174,101.0431213,2572.2344,4,False
7,UAV_357,38.7744522,101.0365677,2570.574,0,False
7,UAV_358,38.8534164,101.0480499,2572.4275,5,False
7,UAV_359,38.8469925,100.9490051,2566.6235,1,False
7,UAV_360,38.8109665,101.129364,2570.3921,4,False
7,UAV_361,38.8586884,101.0573196,2570.0681,1,False
7,UAV_362,38.8372383,101.0948792,2573.3738,4,False
7,UAV_363,38.8490753,101.1263199,2572.6846,5,False
7,UAV_364,38.8259201,101.0254288,2570.4114,0,False
7,UAV_365,38.8038597,101.0609207,2570.9363,4,False
7,UAV_366,38.7752609,101.1237259,2576.9744,4,False
7,UAV_367,38.909111,100.9886169,2572.4253,3,False
7,UAV_368,38.8561134,101.0608368,2575.0667,2,False
7,UAV_369,38.9041023,101.0958252,2568.7805,1,False
7,UAV_370,38.8532486,101.0276031,2575.2117,2,False
7,UAV_371,38.8775444,101.0313492,2574.4644,3,False
7,UAV_372,38.8779068,101.0342865,2577.1736,2,False
7,UAV_373,38.8625641,101.1499176,2573.573,5,False
7,UAV_374,38.8049202,101.0524292,2574.9417,2,False
7,UAV_375,38.8080482,101.0398712,2577.8259,2,False
7,UAV_376,38.7945213,101.0155487,2571.1626,0,False
7,UAV_377,38.8612747,101.0962143,2572.9614,5,False
7,UAV_378,38.8880959,101.0814133,2573.4365,5,False
7,UAV_379,38.808857,100.999939,2573.5002,0,False
7,UAV_380,38.8255157,100.9973755,2576.2954,2,False
7,UAV_381,38.8620491,101.0231934,2580.5261,2,False
7,UAV_382,38.8254547,101.0034637,2580.9849,2,False
7,UAV_383,38.9195633,101.0172043,2577.6084,3,False
7,UAV_384,38.8890839,100.990921,2568.4417,1,False
7,UAV_385,38.8155479,101.0771942,2574.2305,4,False
7,UAV_386,38.8475609,101.0848312,2572.6589,5,False
7,UAV_387,38.881424,101.0709381,2568.1411,1,False
7,UAV_388,38.8061409,101.0853653,2576.509,2,False
7,UAV_389,38.7887344,101.1015854,2573.925,4,False
7,UAV_390,38.8202705,101.0014725,2569.1033,0,False
7,UAV_391,38.7735023,101.0732651,2572.7583,4,False
7,UAV_392,38.8022194,101.0609436,2571.8894,4,False
7,UAV_393,38.904995,100.9908142,2564.5181,1,False
7,UAV_394,38.9447403,101.0632935,2568.9587,1,False
7,UAV_395,38.8787956,100.9903793,2567.3318,1,False
7,UAV_396,38.9556847,101.0251541,2564.8423,1,False
7,UAV_397,38.8330956,101.0215225,2572.616,0,False
7,UAV_398,38.8974724,101.0834198,2572.7383,5,False
7,UAV_399,38.8622704,101.0946503,2570.8313,5,False
7,UAV_400,38.8542252,101.0251541,2569.343,1,False
7,UAV_401,38.9208984,101.0220413,2567.272,1,False
7,UAV_402,38.8677292,101.076889,2572.5518,5,False
7,UAV_403,38.8565559,101.0826721,2573.4292,5,False
7,UAV_404,38.8956795,101.0279999,2573.9172,3,False
7,UAV_405,38.9475403,101.0235443,2575.2668,3,False
7,UAV_406,38.8621254,101.0575562,2572.8674,5,False
7,UAV_407,38.816597,101.0033646,2581.3464,2,False
7,UAV_408,38.8005905,101.0632782,2570.0833,4,False
7,UAV_409,38.8793221,101.0175476,2576.801,2,False
7,UAV_410,38.7786064,101.04879,2573.7397,4,False
7,UAV_411,38.8939819,101.049408,2573.2209,5,False
7,UAV_412,38.818531,100.9551163,2571.6453,0,False
7,UAV_413,38.8137627,101.1005554,2575.2456,4,False
7,UAV_414,38.8532143,101.0733566,2577.3499,2,False
7,UAV_415,38.8820343,100.9639359,2574.6589,3,False
7,UAV_416,38.8704872,101.018486,2570.9871,1,False
7,UAV_417,38.909317,101.1207962,2575.8723,5,False
7,UAV_418,38.907177,100.9903183,2575.7227,3,False
7,UAV_419,38.8194313,100.954689,2571.4585,0,False
7,UAV_420,38.8156013,101.0067902,2574.188,0,False
7,UAV_421,38.7779541,101.0461655,2568.0703,4,False
7,UAV_422,38.8545151,101.0023575,2574.6267,2,False
7,UAV_423,38.8569412,101.0871506,2567.3589,1,False
7,UAV_424,38.8096581,100.970253,2571.3628,0,False
7,UAV_425,38.8876915,101.0561523,2575.7229,5,False
7,UAV_426,38.922348,101.0660172,2573.5388,5,False
7,UAV_427,38.8392715,101.033432,2572.303,0,False
7,UAV_428,38.8258743,100.9774323,2574.4753,0,False
7,UAV_429,38.8838005,100.9851379,2576.3813,3,False
7,UAV_430,38.7774696,101.0627441,2574.7246,4,False
7,UAV_431,38.82687,101.0137177,2566.4421,1,False
7,UAV_432,38.8916512,101.0817261,2574.147,5,False
7,UAV_433,38.934494,101.0044861,2575.8835,3,False
7,UAV_434,38.8360138,101.0018463,2573.5122,0,False
7,UAV_435,38.833252,100.9951706,2567.2444,1,False
7,UAV_436,38.8138657,100.9779892,2573.1909,0,False
7,UAV_437,38.8989754,101.1146317,2573.2717,5,False
7,UAV_438,38.8890228,101.0102463,2575.3652,3,False
7,UAV_439,38.9625397,101.0106354,2574.2554,3,False
7,UAV_440,38.8993607,101.0236053,2578.6753,2,False
7,UAV_441,38.7859001,100.9506302,2574.7109,0,False
7,UAV_442,38.8769875,101.020607,2568.0718,1,False
7,UAV_443,38.9327927,101.0931168,2575.186,5,False
7,UAV_444,38.8339539,100.9907913,2575.3074,2,False
7,UAV_445,38.8330688,101.0199356,2569.2678,1,False
7,UAV_446,38.8802757,101.094368,2570.449,5,False
7,UAV_447,38.9453812,101.1008911,2576.0337,5,False
7,UAV_448,38.785656,101.04422,2571.7485,4,True
7,UAV_449,38.8076553,101.0647736,2573.2151,4,False
7,UAV_450,38.7980232,101.122406,2570.1838,4,False
7,UAV_451,38.7549744,100.9980316,2568.9705,0,False
7,UAV_452,38.8749237,101.0876923,2571.4492,5,False
7,UAV_453,38.9071693,101.0317764,2568.2993,1,False
7,UAV_454,38.8284798,101.0918655,2578.0378,2,False
7,UAV_455,38.8555298,100.9860306,2574.3396,3,False
7,UAV_456,38.8069992,101.0478668,2575.6643,2,False
7,UAV_457,38.8401108,101.0453339,2569.6255,1,False
7,UAV_458,38.870472,101.0676727,2570.658,1,False
7,UAV_459,38.8972855,101.0018921,2574.0928,3,False
7,UAV_460,38.7871513,101.0899353,2574.8379,4,False
7,UAV_461,38.8700104,100.9715652,2571.9077,3,False
7,UAV_462,38.8546715,101.1188812,2574.7798,5,False
7,UAV_463,38.7838707,100.9851456,2571.4075,0,False
7,UAV_464,38.8433533,101.0288544,2573.4563,2,False
7,UAV_465,38.8479881,100.9851913,2573.9409,0,False
7,UAV_466,38.8832703,101.1043625,2573.5557,5,False
7,UAV_467,38.8179817,101.0209808,2572.9426,0,False
7,UAV_468,38.8187981,100.9790344,2572.7939,0,False
7,UAV_469,38.8455429,101.057106,2575.3848,2,False
7,UAV_470,38.8459053,101.0629501,2574.6721,2,False
7,UAV_471,38.8031235,100.9865952,2574.3916,0,False
7,UAV_472,38.8500061,101.114563,2572.5693,5,False
7,UAV_473,38.8222008,101.0450668,2567.3826,1,False
7,UAV_474,38.8126335,100.9424362,2570.6296,0,False
7,UAV_475,38.9147377,101.0290451,2570.6985,1,False
7,UAV_476,38.9556847,101.0613632,2574.9475,3,False
7,UAV_477,38.8623924,101.0246353,2575.2498,2,False
7,UAV_478,38.9052391,100.9821548,2573.2827,3,False
7,UAV_479,38.8770523,101.0965576,2567.5771,1,False
7,UAV_480,38.7914848,101.0333099,2568.5193,0,False
7,UAV_481,38.8198357,100.9761887,2578.7703,2,False
7,UAV_482,38.8040771,101.0784454,2576.073,2,False
7,UAV_483,38.898716,101.1085892,2578.5229,5,False
7,UAV_484,38.8234901,101.0542374,2576.2803,2,False
7,UAV_485,38.8075943,101.0365372,2570.3796,0,False
7,UAV_486,38.896656,101.0323868,2573.1379,3,False
7,UAV_487,38.9253159,101.0104218,2575.106,3,False
7,UAV_488,38.8262291,101.0119629,2572.2261,0,False
7,UAV_489,38.8191109,101.0340271,2570.3054,0,False
7,UAV_490,38.8373299,100.9758301,2580.5093,2,False
7,UAV_491,38.9361458,101.0342636,2574.8523,3,False
7,UAV_492,38.8598595,101.0455856,2573.1121,5,False
7,UAV_493,38.872467,101.0498886,2576.717,2,False
7,UAV_494,38.8050842,100.9961777,2574.7949,0,False
7,UAV_495,38.8903503,100.9707413,2571.9478,3,False
7,UAV_496,38.8288841,101.0788651,2572.2178,4,False
7,UAV_497,38.8315506,101.0290833,2574.5342,2,False
7,UAV_498,38.8008041,101.0409088,2572.4937,0,False
7,UAV_499,38.9084702,100.9752274,2575.0166,3,False
7,UAV_500,38.7995224,101.059761,2579.0591,2,False
8,UAV_001,38.8305969,101.0963516,2568.8464,5,False
8,UAV_002,38.8901062,101.0152054,2571.5259,4,False
8,UAV_003,38.8941803,101.0870285,2571.9316,5,False
8,UAV_004,38.8180885,101.0011826,2575.1016,2,False
8,UAV_005,38.8165627,101.099823,2570.0295,5,False
8,UAV_006,38.8197784,101.0941696,2578.8967,0,False
8,UAV_007,38.8808327,101.1049805,2566.2131,5,False
8,UAV_008,38.8961678,101.0735474,2572.3367,5,False
8,UAV_009,38.9173431,101.1041641,2568.7585,5,False
8,UAV_010,38.8457108,100.9809799,2570.5269,4,False
8,UAV_011,38.8870621,101.0369034,2575.0308,1,False
8,UAV_012,38.7926826,101.0167007,2575.127,2,False
8,UAV_013,38.8604813,101.0538559,2572.1404,5,False
8,UAV_014,38.8521309,101.0216064,2576.9026,1,False
8,UAV_015,38.8791428,100.9849014,2568.6685,4,False
8,UAV_016,38.9596519,100.9815598,2572.5491,4,False
8,UAV_017,38.8811378,101.0357132,2574.5886,1,False
8,UAV_018,38.8310966,101.0054626,2572.8445,2,False
8,UAV_019,38.8678932,101.0517273,2570.2551,5,False
8,UAV_020,38.789814,101.0180511,2572.1284,2,False
8,UAV_021,38.9000664,101.0715714,2572.6045,5,False
8,UAV_022,38.9285889,100.967865,2572.3467,4,False
8,UAV_023,38.8736191,100.9620819,2571.4824,4,False
8,UAV_024,38.8926582,101.0308304,2574.7637,1,False
8,UAV_025,38.9006195,101.0076294,2573.845,4,False
8,UAV_026,38.8800354,101.0748367,2573.0452,5,False
8,UAV_027,38.8471069,101.0735779,2569.0347,5,False
8,UAV_028,38.9099159,101.1332245,2573.4387,5,False
8,UAV_029,38.8443871,101.0229263,2572.3794,2,False
8,UAV_030,38.8600769,101.0201874,2573.7324,2,False
8,UAV_031,38.8648796,101.0217056,2572.8049,4,False
8,UAV_032,38.8559074,101.1082687,2571.7617,5,False
8,UAV_033,38.8857117,101.0783157,2571.7463,5,False
8,UAV_034,38.9104652,101.0408936,2574.8818,1,False
8,UAV_035,38.8321114,101.0303726,2575.9236,2,False
8,UAV_036,38.9208374,100.9350433,2570.8337,4,False
8,UAV_037,38.904747,100.9949493,2575.7659,1,False
8,UAV_038,38.9129601,101.0155487,2573.1335,4,False
8,UAV_039,38.9391174,100.9924774,2572.0435,4,False
8,UAV_040,38.8177643,101.0221481,2568.1558,3,False
8,UAV_041,38.8735924,100.9955063,2565.1653,3,False
8,UAV_042,38.8649559,101.0652313,2567.7913,5,False
8,UAV_043,38.8751488,101.1040649,2572.7937,5,False
8,UAV_044,38.7395058,101.04496,2569.0603,3,False
8,UAV_045,38.9459572,101.0485153,2570.9641,4,False
8,UAV_046,38.7674026,100.9730759,2569.792,3,False
8,UAV_047,38.8913269,100.9948502,2573.4656,4,False
8,UAV_048,38.9321404,101.0491791,2574.2952,1,False
8,UAV_049,38.7871056,101.0290985,2575.1963,2,False
8,UAV_050,38.8927917,101.0347214,2571.46,4,False
8,UAV_051,38.8681946,101.0523758,2577.1775,1,False
8,UAV_052,38.8143921,101.0409851,2570.9561,3,False
8,UAV_053,38.9124947,101.0600967,2574.3694,1,False
8,UAV_054,38.8266716,101.0628967,2569.873,3,False
8,UAV_055,38.786129,101.0856018,2573.8108,0,False
8,UAV_056,38.8664436,101.0072632,2578.2195,1,False
8,UAV_057,38.806282,101.0927582,2573.4385,0,False
8,UAV_058,38.8258247,101.028801,2568.833,3,False
8,UAV_059,38.8758125,101.0159683,2575.5339,1,False
8,UAV_060,38.7927094,101.0426254,2568.3875,3,False
8,UAV_061,38.8083687,101.047905,2574.4172,0,False
8,UAV_062,38.8997841,101.05439,2574.1565,1,False
8,UAV_063,38.8926125,100.951973,2572.895,4,False
8,UAV_064,38.8865433,101.1222,2569.5891,5,False
8,UAV_065,38.9430428,101.0056229,2572.0151,4,False
8,UAV_066,38.9180908,101.1349487,2569.4133,5,False
8,UAV_067,38.8811722,101.006897,2568.7644,4,False
8,UAV_068,38.9076614,101.0410004,2569.6377,4,False
8,UAV_069,38.9255753,101.0466232,2570.1899,4,False
8,UAV_070,38.8005104,101.0176544,2574.8411,2,False
8,UAV_071,38.830471,101.1272507,2574.4985,0,True
8,UAV_072,38.8355713,101.0203323,2572.0481,2,False
8,UAV_073,38.8297577,101.0125198,2576.2397,2,False
8,UAV_074,38.772007,101.0150452,2572.5522,2,False
8,UAV_075,38.8148689,100.9820023,2572.2249,2,False
8,UAV_076,38.8896103,100.9961014,2575.4333,1,False
8,UAV_077,38.8018303,101.0649643,2573.439,0,False
8,UAV_078,38.9093895,101.0112686,2572.7632,4,False
8,UAV_079,38.9140587,101.0450439,2576.918,1,False
8,UAV_080,38.9544983,101.1095963,2573.3687,5,False
8,UAV_081,38.7590828,100.9817505,2577.5959,2,False
8,UAV_082,38.8103256,101.0715714,2573.4541,0,False
8,UAV_083,38.7363129,101.0313187,2573.9341,2,False
8,UAV_084,38.8457985,101.0709839,2577.0776,1,False
8,UAV_085,38.9147758,101.0329208,2582.2952,1,False
8,UAV_086,38.8777466,101.12117,2570.7922,5,False
8,UAV_087,38.8535881,101.0992661,2571.4414,5,False
8,UAV_088,38.7842064,100.9656906,2574.8367,2,False
8,UAV_089,38.8663368,101.0657501,2571.9592,5,False
8,UAV_090,38.875988,101.0198975,2573.447,4,False
8,UAV_091,38.8322601,101.0256042,2569.3142,3,False
8,UAV_092,38.8244171,100.9968109,2579.2798,2,False
8,UAV_093,38.8857498,100.9567108,2575.5903,4,False
8,UAV_094,38.8163376,101.0307541,2569.4124,3,False
8,UAV_095,38.8543625,101.1050034,2576.7046,0,False
8,UAV_096,38.8661804,101.0695877,2571.7654,5,False
8,UAV_097,38.8081589,100.9521179,2574.5735,2,True
8,UAV_098,38.879673,101.1284866,2575.7029,5,False
8,UAV_099,38.8913269,101.0277557,2574.5525,1,False
8,UAV_100,38.9145813,101.1228485,2570.178,5,False
8,UAV_101,38.8963356,100.9892883,2574.9724,4,False
8,UAV_102,38.8143349,101.0727081,2572.2708,0,False
8,UAV_103,38.8738632,100.9502182,2568.0361,4,False
8,UAV_104,38.8005867,101.0169907,2576.2881,2,False
8,UAV_105,38.8880501,101.0136337,2573.1311,4,False
8,UAV_106,38.8939285,101.0079727,2569.0723,4,False
8,UAV_107,38.7832985,101.073204,2574.0764,0,False
8,UAV_108,38.9436836,100.9917831,2575.5388,4,False
8,UAV_109,38.9147148,101.0457611,2578.1743,1,False
8,UAV_110,38.8261871,101.1025848,2567.2119,5,False
8,UAV_111,38.8283424,100.9964828,2575.5137,2,False
8,UAV_112,38.7414017,101.0329056,2571.4333,3,False
8,UAV_113,38.8222961,100.97052,2572.2329,2,False
8,UAV_114,38.9047394,101.0168152,2571.2544,4,False
8,UAV_115,38.8783798,101.0391159,2569.9211,4,False
8,UAV_116,38.8230362,101.0598831,2578.9817,0,False
8,UAV_117,38.8874779,100.9566422,2568.9431,4,False
8,UAV_118,38.7829132,101.0225601,2573.9717,2,False
8,UAV_119,38.8236732,101.0908203,2569.6838,5,False
8,UAV_120,38.8548088,101.0669632,2577.2522,1,False
8,UAV_121,38.7894363,101.10466,2575.5691,0,False
8,UAV_122,38.7869301,101.0372391,2575.9836,2,False
8,UAV_123,38.8835487,101.0477448,2574.2378,1,False
8,UAV_124,38.8710823,101.1213303,2574.5142,5,False
8,UAV_125,38.8357697,100.9813385,2573.7385,2,False
8,UAV_126,38.7971573,101.0353165,2570.1331,3,False
8,UAV_127,38.918499,101.0151596,2568.3521,4,False
8,UAV_128,38.8523903,100.977005,2572.2268,2,False
8,UAV_129,38.8915405,101.0238342,2570.0686,4,False
8,UAV_130,38.7981262,101.0072632,2575.1829,2,False
8,UAV_131,38.9139023,100.9926605,2571.3176,4,False
8,UAV_132,38.936554,100.9660034,2576.5935,4,False
8,UAV_133,38.8710403,101.066185,2569.7886,5,False
8,UAV_134,38.7548866,101.020462,2567.2053,3,False
8,UAV_135,38.8015137,101.0456238,2566.9805,3,False
8,UAV_136,38.8354797,101.0616684,2568.2664,3,False
8,UAV_137,38.8320808,100.9995728,2572.929,2,False
8,UAV_138,38.8177452,101.0682144,2568.9011,3,True
8,UAV_139,38.8336334,101.047348,2575.3188,0,False
8,UAV_140,38.8550835,101.0980453,2567.8813,5,False
8,UAV_141,38.8125191,101.0161285,2573.1204,2,False
8,UAV_142,38.8769951,101.0775299,2575.7126,1,False
8,UAV_143,38.8294334,100.9587784,2566.9875,3,False
8,UAV_144,38.8482971,101.0804062,2568.8206,5,False
8,UAV_145,38.8717728,101.1204605,2570.3027,5,False
8,UAV_146,38.8805122,100.9403915,2573.72,4,False
8,UAV_147,38.9247665,100.9945297,2575.8191,1,False
8,UAV_148,38.8038788,100.9884186,2575.8767,2,False
8,UAV_149,38.8131332,101.0766907,2576.3027,0,False
8,UAV_150,38.7863197,101.1088104,2572.9077,0,False
8,UAV_151,38.883976,101.0921631,2570.9302,5,False
8,UAV_152,38.9228745,100.952095,2580.0188,1,False
8,UAV_153,38.8050041,101.1048508,2572.6206,0,False
8,UAV_154,38.8181458,101.0714569,2579.478,0,False
8,UAV_155,38.8659935,100.992485,2577.6287,1,False
8,UAV_156,38.8693047,101.0755692,2579.5513,1,False
8,UAV_157,38.7962074,101.1203766,2572.4917,0,False
8,UAV_158,38.8384247,101.0934525,2572.8108,0,False
8,UAV_159,38.8316612,101.0820694,2565.1836,3,False
8,UAV_160,38.8384972,101.0286865,2574.0417,2,False
8,UAV_161,38.9501457,101.1019897,2575.6953,1,False
8,UAV_162,38.884304,101.0306549,2572.4773,4,False
8,UAV_163,38.7618446,101.0766525,2570.2134,3,False
8,UAV_164,38.7760887,101.0023193,2568.5405,3,False
8,UAV_165,38.8739204,100.9853134,2574.8176,4,False
8,UAV_166,38.9141922,101.0862503,2577.356,1,False
8,UAV_167,38.9002686,101.0182343,2572.8623,4,False
8,UAV_168,38.8072968,101.0953369,2578.0544,0,False
8,UAV_169,38.8992615,101.0116501,2574.1616,4,False
8,UAV_170,38.8072319,101.0683899,2572.5046,0,False
8,UAV_171,38.8640709,101.0474701,2576.2705,1,False
8,UAV_172,38.8278961,101.0569458,2569.4041,3,False
8,UAV_173,38.7749443,100.9745178,2572.5933,2,False
8,UAV_174,38.838562,101.0031281,2579.0405,2,False
8,UAV_175,38.8709984,101.0922852,2574.644,5,False
8,UAV_176,38.7864532,101.1154327,2571.2791,0,False
8,UAV_177,38.8010559,101.0886307,2574.2542,0,False
8,UAV_178,38.8844833,101.0323868,2567.8467,4,False
8,UAV_179,38.8515778,101.0264587,2571.8594,4,False
8,UAV_180,38.8648071,100.99189,2575.033,2,False
8,UAV_181,38.9300346,101.020874,2567.1804,4,False
8,UAV_182,38.8577461,101.0554581,2568.103,3,False
8,UAV_183,38.852993,100.9788818,2570.582,4,False
8,UAV_184,38.7432098,101.033844,2567.2307,3,False
8,UAV_185,38.9099503,101.0429153,2569.4424,4,False
8,UAV_186,38.8624496,101.0391693,2570.3374,4,False
8,UAV_187,38.8543396,101.102562,2565.071,5,False
8,UAV_188,38.9143982,101.0073166,2574.3118,4,False
8,UAV_189,38.7978935,100.9963989,2573.584,2,False
8,UAV_190,38.937706,100.9799042,2571.9351,4,False
8,UAV_191,38.8930931,100.9658051,2572.5862,4,False
8,UAV_192,38.7768364,100.9677429,2573.1914,2,False
8,UAV_193,38.8139343,101.0010834,2572.3652,2,False
8,UAV_194,38.8963356,101.0572891,2574.7622,1,False
8,UAV_195,38.8909836,101.1575317,2569.2373,5,False
8,UAV_196,38.8834381,101.1381989,2571.4224,5,False
8,UAV_197,38.9305649,101.0290985,2571.2097,4,False
8,UAV_198,38.8061829,101.030983,2570.2983,3,False
8,UAV_199,38.8790741,101.0382614,2574.4309,1,False
8,UAV_200,38.7759438,101.1041641,2570.4626,0,False
8,UAV_201,38.9390564,101.0270615,2571.3032,4,False
8,UAV_202,38.8044662,100.9772415,2580.6311,2,False
8,UAV_203,38.8499222,101.0343323,2573.1621,2,False
8,UAV_204,38.8646317,101.0212936,2573.3579,4,False
8,UAV_205,38.7820663,101.1148224,2576.8103,0,False
8,UAV_206,38.9110603,101.0487747,2574.9829,1,False
8,UAV_207,38.8438454,101.0396805,2576.9353,1,False
8,UAV_208,38.8470078,101.0842285,2571.2488,5,False
8,UAV_209,38.8994942,101.0742874,2574.7412,1,False
8,UAV_210,38.9195557,101.0417175,2572.9414,4,False
8,UAV_211,38.8090858,100.9558563,2578.9875,2,False
8,UAV_212,38.7626648,100.9822006,2575.5952,2,False
8,UAV_213,38.7762833,101.0346146,2571.0085,3,False
8,UAV_214,38.8270149,101.059288,2576.5066,0,False
8,UAV_215,38.8392563,101.0952454,2571.8008,5,False
8,UAV_216,38.8099632,101.0107803,2569.8149,3,False
8,UAV_217,38.8851357,101.1492233,2569.8826,5,False
8,UAV_218,38.8221893,100.9760513,2576.2488,2,False
8,UAV_219,38.7721901,101.0780411,2578.5132,0,False
8,UAV_220,38.892704,101.0358658,2573.3721,4,False
8,UAV_221,38.8727722,101.0354156,2569.8672,4,False
8,UAV_222,38.8454475,101.053978,2572.0242,5,False
8,UAV_223,38.852993,101.0915756,2566.8,5,False
8,UAV_224,38.7763062,100.9742813,2566.1272,3,False
8,UAV_225,38.8238716,101.1320419,2572.2104,0,False
8,UAV_226,38.794693,100.9854813,2575.7817,2,False
8,UAV_227,38.8490334,101.1133118,2576.6504,0,False
8,UAV_228,38.7894783,101.0571289,2575.2441,0,False
8,UAV_229,38.9513016,100.9991989,2573.1658,4,False
8,UAV_230,38.7955856,101.098175,2580.4827,0,False
8,UAV_231,38.8598938,101.0267944,2579.1572,1,False
8,UAV_232,38.7676353,100.9777679,2567.1052,3,False
8,UAV_233,38.7689095,100.9955444,2568.0649,3,False
8,UAV_234,38.869976,100.9955673,2581.4553,1,False
8,UAV_235,38.7772293,101.0031433,2568.033,3,False
8,UAV_236,38.8343964,100.9940186,2568.7166,3,False
8,UAV_237,38.8617744,101.0674286,2572.8325,5,False
8,UAV_238,38.9082832,101.095253,2572.4231,5,False
8,UAV_239,38.8203239,101.074295,2572.8181,0,False
8,UAV_240,38.8543205,101.0285797,2574.9607,1,False
8,UAV_241,38.8591423,100.9964752,2572.3262,4,False
8,UAV_242,38.784256,101.0179901,2575.2969,2,False
8,UAV_243,38.824379,100.9974823,2567.853,3,False
8,UAV_244,38.7843323,101.1011658,2569.24,3,False
8,UAV_245,38.9074783,100.9970474,2570.229,4,False
8,UAV_246,38.9084358,101.00383,2579.7925,1,False
8,UAV_247,38.9188347,101.0629959,2573.4797,1,False
8,UAV_248,38.8357544,101.1123123,2577.0923,0,False
8,UAV_249,38.9060669,100.9302216,2569.6243,4,False
8,UAV_250,38.8881874,101.028862,2573.6357,4,False
8,UAV_251,38.8448486,100.9928436,2569.3413,3,False
8,UAV_252,38.793705,101.1317902,2575.0557,0,False
8,UAV_253,38.8098907,101.1277313,2571.4602,0,False
8,UAV_254,38.8757095,101.0566788,2572.9434,5,False
8,UAV_255,38.8706551,101.0392075,2568.0764,3,False
8,UAV_256,38.899601,101.1177979,2570.5449,5,False
8,UAV_257,38.8586502,101.0744705,2577.8879,1,False
8,UAV_258,38.8566971,101.0623932,2573.459,5,False
8,UAV_259,38.7913513,101.1091385,2569.2319,3,False
8,UAV_260,38.824604,101.0627441,2576.8462,0,False
8,UAV_261,38.9039116,101.0451813,2577.8354,1,False
8,UAV_262,38.8630142,101.0764847,2575.9973,1,False
8,UAV_263,38.7937813,101.1351242,2569.8323,0,False
8,UAV_264,38.9212761,101.0522461,2572.4624,4,False
8,UAV_265,38.8231735,101.0413437,2572.5896,2,False
8,UAV_266,38.8834305,101.1038589,2573.0894,5,False
8,UAV_267,38.8813629,101.1005249,2576.957,1,False
8,UAV_268,38.9256477,100.9678345,2575.3411,4,False
8,UAV_269,38.9365044,101.0021515,2570.8247,4,False
8,UAV_270,38.8089981,101.0192795,2565.7375,3,False
8,UAV_271,38.8654137,100.9984436,2575.5002,2,False
8,UAV_272,38.7561684,100.9817734,2573.2717,2,False
8,UAV_273,38.8412857,101.0317841,2572.3127,2,False
8,UAV_274,38.855751,101.0185089,2575.8496,1,False
8,UAV_275,38.9267044,100.9469299,2567.9543,4,False
8,UAV_276,38.7938652,101.0343323,2570.6804,3,False
8,UAV_277,38.7941475,100.9967575,2572.5056,2,False
8,UAV_278,38.7910423,101.104805,2568.9016,3,False
8,UAV_279,38.915554,101.0904694,2578.5164,1,False
8,UAV_280,38.8568535,100.9605103,2570.0369,4,False
8,UAV_281,38.8683357,101.0732422,2567.3889,5,False
8,UAV_282,38.849678,101.1244659,2576.0435,0,False
8,UAV_283,38.9123955,101.0908356,2571.1826,5,False
8,UAV_284,38.8917084,100.9821243,2568.8779,4,False
8,UAV_285,38.8543739,101.0810165,2573.8364,0,False
8,UAV_286,38.842598,100.9738007,2575.2578,2,False
8,UAV_287,38.8510818,101.1171188,2576.4209,0,False
8,UAV_288,38.9086037,101.0877228,2575.22,1,False
8,UAV_289,38.8933792,101.0790024,2573.3088,5,False
8,UAV_290,38.8094597,101.0215149,2571.0059,3,False
8,UAV_291,38.8235283,101.0263138,2574.5444,2,False
8,UAV_292,38.8646927,100.997612,2573.988,2,False
8,UAV_293,38.8397713,101.0898666,2576.2754,0,False
8,UAV_294,38.8368301,101.1315384,2569.3083,5,False
8,UAV_295,38.9197807,101.0285187,2576.229,1,False
8,UAV_296,38.8396568,101.1069183,2567.8132,5,False
8,UAV_297,38.7744293,101.0129929,2571.2378,3,False
8,UAV_298,38.8345451,101.0476379,2574.9136,0,False
8,UAV_299,38.7899628,101.0523987,2573.0581,0,False
8,UAV_300,38.8229828,100.961937,2572.4333,2,False
8,UAV_301,38.8302612,101.1298599,2575.6084,0,False
8,UAV_302,38.8075027,101.1496429,2571.4602,0,False
8,UAV_303,38.8971062,101.1156464,2578.083,1,False
8,UAV_304,38.9138985,101.0412903,2575.6836,1,False
8,UAV_305,38.8635597,100.972374,2574.324,2,False
8,UAV_306,38.8305473,101.0020828,2573.448,2,False
8,UAV_307,38.7590065,100.9799118,2571.4241,2,False
8,UAV_308,38.886219,101.1154327,2572.894,5,False
8,UAV_309,38.9217606,101.056221,2571.4233,4,False
8,UAV_310,38.8367882,101.0117035,2570.6772,3,False
8,UAV_311,38.7693787,101.0498962,2569.0129,3,False
8,UAV_312,38.9101906,101.0530777,2571.5183,4,False
8,UAV_313,38.8732147,101.0054169,2569.3157,4,False
8,UAV_314,38.9186516,100.9572983,2575.1719,4,False
8,UAV_315,38.8879967,100.9933014,2573.1438,4,False
8,UAV_316,38.8972206,101.0265579,2567.9998,4,False
8,UAV_317,38.90448,101.0185699,2573.9595,4,False
8,UAV_318,38.8153458,101.0728378,2573.0483,0,False
8,UAV_319,38.8280487,101.0205154,2572.8418,2,False
8,UAV_320,38.7644463,101.0776749,2570.6296,3,False
8,UAV_321,38.8927917,101.016571,2576.4751,1,True
8,UAV_322,38.810112,101.1180878,2570.3867,5,False
8,UAV_323,38.7593689,101.0773087,2570.4863,3,False
8,UAV_324,38.8728523,101.0289078,2572.147,4,False
8,UAV_325,38.7997818,101.1124496,2576.7419,0,False
8,UAV_326,38.8696976,101.1269989,2574.0447,5,False
8,UAV_327,38.891964,100.9850159,2574.4258,4,False
8,UAV_328,38.8111115,101.0181122,2574.1948,2,False
8,UAV_329,38.7874107,101.1298218,2572.6223,0,False
8,UAV_330,38.9261513,101.0028992,2572.8408,4,False
8,UAV_331,38.9228706,101.1306152,2573.0046,5,False
8,UAV_332,38.8942566,101.0430832,2574.4607,1,False
8,UAV_333,38.9450417,100.993515,2573.5913,4,False
8,UAV_334,38.8572693,101.0379562,2576.1467,1,False
8,UAV_335,38.7493973,101.0433807,2573.0879,0,False
8,UAV_336,38.7853317,100.9981079,2574.1299,2,False
8,UAV_337,38.8847084,101.0323944,2573.2588,4,False
8,UAV_338,38.802269,101.0401306,2575.6997,2,False
8,UAV_339,38.7846794,101.1198044,2573.8821,0,False
8,UAV_340,38.8450623,101.0074768,2570.0881,3,False
8,UAV_341,38.8293724,101.0124207,2573.4138,2,False
8,UAV_342,38.8614197,101.1268997,2571.7495,5,False
8,UAV_343,38.8092346,101.0767059,2570.772,3,False
8,UAV_344,38.9279022,101.1262054,2577.4497,1,False
8,UAV_345,38.8277016,101.0184174,2567.9348,3,False
8,UAV_346,38.9033775,101.045929,2580.8708,1,False
8,UAV_347,38.8404884,101.040329,2567.6074,3,False
8,UAV_348,38.8267097,101.0508957,2571.679,3,False
8,UAV_349,38.9256668,100.9675064,2574.3682,4,False
8,UAV_350,38.7957878,101.1048889,2572.5286,0,False
8,UAV_351,38.9213676,101.1338043,2571.936,5,False
8,UAV_352,38.7603531,101.0001526,2572.9666,2,False
8,UAV_353,38.8164787,100.9495163,2569.6252,3,False
8,UAV_354,38.7993355,100.9832764,2576.6951,2,False
8,UAV_355,38.8796692,101.0246124,2575.9531,1,False
8,UAV_356,38.8209381,101.0426788,2567.6221,3,False
8,UAV_357,38.8040581,101.0015259,2570.7559,3,False
8,UAV_358,38.8560905,101.0487366,2571.0513,5,True
8,UAV_359,38.8339996,100.9989395,2574.4434,2,False
8,UAV_360,38.8152466,101.1316147,2574.3677,0,False
8,UAV_361,38.8640938,101.0482712,2565.8074,3,False
8,UAV_362,38.8367271,101.095108,2569.0833,5,False
8,UAV_363,38.8470421,101.1263809,2573.9705,0,False
8,UAV_364,38.8361206,101.0209198,2570.1077,3,False
8,UAV_365,38.7954788,101.0604019,2572.4099,0,False
8,UAV_366,38.7689934,101.1216583,2572.6711,0,False
8,UAV_367,38.9079971,100.9864883,2570.0139,4,False
8,UAV_368,38.8574524,101.0629044,2574.8857,1,False
8,UAV_369,38.9227943,101.0973969,2575.4585,1,False
8,UAV_370,38.8533249,101.0273438,2579.5164,1,False
8,UAV_371,38.8772125,101.0313492,2575.9082,1,False
8,UAV_372,38.8782425,101.0344467,2576.5056,1,False
8,UAV_373,38.860321,101.1470718,2572.6487,5,False
8,UAV_374,38.8058319,101.0524139,2573.6038,0,False
8,UAV_375,38.8080254,101.0399323,2579.4685,2,False
8,UAV_376,38.7946587,101.0155792,2577.8831,2,False
8,UAV_377,38.8555565,101.0935516,2573.8457,5,False
8,UAV_378,38.8861694,101.0822525,2573.7283,5,False
8,UAV_379,38.8063278,100.9999008,2575.3364,2,False
8,UAV_380,38.8273315,100.9972916,2575.0063,2,False
8,UAV_381,38.8547134,101.0175934,2573.689,2,False
8,UAV_382,38.8421974,100.9844284,2576.5178,2,False
8,UAV_383,38.919529,101.0169449,2572.8672,4,False
8,UAV_384,38.8890419,100.9906769,2573.4692,4,False
8,UAV_385,38.8134232,101.0764618,2566.6272,3,False
8,UAV_386,38.8472099,101.0849991,2570.5679,5,False
8,UAV_387,38.8821144,101.0695953,2571.7478,5,False
8,UAV_388,38.8059845,101.0851974,2573.353,0,False
8,UAV_389,38.7889023,101.1049576,2576.7976,0,False
8,UAV_390,38.8214493,101.0007401,2573.5295,2,False
8,UAV_391,38.7735023,101.0735626,2576.7178,0,False
8,UAV_392,38.802227,101.0609207,2575.4661,0,False
8,UAV_393,38.9045982,100.9908066,2570.6282,4,False
8,UAV_394,38.9445724,101.0630722,2577.595,1,False
8,UAV_395,38.8791008,100.9885406,2568.1851,4,False
8,UAV_396,38.9562607,101.0235672,2572.1902,4,False
8,UAV_397,38.8330765,101.021553,2573.5317,2,False
8,UAV_398,38.8963547,101.0828323,2577.7136,1,False
8,UAV_399,38.8610916,101.0923996,2569.8696,5,False
8,UAV_400,38.8537674,101.0251465,2568.6428,3,False
8,UAV_401,38.9188271,101.0211563,2571.7871,4,True
8,UAV_402,38.8611565,101.0738602,2571.3179,5,False
8,UAV_403,38.8582687,101.0808487,2569.7363,5,False
8,UAV_404,38.8931656,101.0279846,2577.7336,1,False
8,UAV_405,38.9511261,101.0259552,2574.3049,4,False
8,UAV_406,38.8598251,101.0575562,2573.5354,1,False
8,UAV_407,38.8405533,101.0221863,2571.3364,3,False
8,UAV_408,38.8000984,101.0634232,2573.0737,0,False
8,UAV_409,38.8793869,101.0172958,2576.5566,1,False
8,UAV_410,38.778183,101.0491486,2565.6309,3,False
8,UAV_411,38.8963127,101.0496597,2570.2812,4,False
8,UAV_412,38.8167648,100.9551315,2571.7065,2,False
8,UAV_413,38.8130951,101.1003036,2577.1943,0,False
8,UAV_414,38.8633575,101.0693665,2570.7258,5,False
8,UAV_415,38.8791428,100.968277,2575.6099,2,False
8,UAV_416,38.8676796,101.0184708,2579.0784,1,False
8,UAV_417,38.9095078,101.1206589,2571.8799,5,False
8,UAV_418,38.9104347,100.9916229,2571.6025,4,False
8,UAV_419,38.8239899,100.9545898,2576.9297,2,False
8,UAV_420,38.8132019,101.0067978,2574.2271,2,False
8,UAV_421,38.7760925,101.045578,2567.4661,3,False
8,UAV_422,38.8545685,101.0011139,2571.8916,4,False
8,UAV_423,38.8578949,101.0857544,2571.314,5,False
8,UAV_424,38.8033791,100.9722137,2573.8723,2,False
8,UAV_425,38.8876877,101.0566254,2573.3806,1,False
8,UAV_426,38.9183846,101.0739365,2573.0371,5,False
8,UAV_427,38.8394585,101.0336761,2573.1987,2,False
8,UAV_428,38.8268471,100.9759293,2577.3481,2,False
8,UAV_429,38.8820648,100.9899445,2575.4419,1,False
8,UAV_430,38.7756271,101.062851,2573.0371,0,False
8,UAV_431,38.8247719,101.0129852,2567.8079,3,False
8,UAV_432,38.8765717,101.0693054,2575.1335,1,False
8,UAV_433,38.9358597,101.0087051,2578.0884,1,False
8,UAV_434,38.8365936,101.0002594,2569.9426,3,False
8,UAV_435,38.8328247,100.993721,2573.2424,2,False
8,UAV_436,38.8093681,100.9812088,2573.3059,2,False
8,UAV_437,38.8980293,101.1154022,2574.5247,5,False
8,UAV_438,38.8871689,101.0104294,2574.9407,1,False
8,UAV_439,38.9611015,101.0088577,2571.9885,4,False
8,UAV_440,38.9013748,101.0258102,2571.5857,4,False
8,UAV_441,38.7823143,100.9506378,2576.2344,2,False
8,UAV_442,38.8748016,101.0196075,2572.2458,4,False
8,UAV_443,38.8959351,101.1487274,2568.4656,5,False
8,UAV_444,38.83144,100.9907837,2573.4194,2,False
8,UAV_445,38.8303604,101.0183563,2569.1101,3,False
8,UAV_446,38.8798218,101.0934448,2567.8562,5,False
8,UAV_447,38.9456978,101.1058121,2571.6895,5,False
8,UAV_448,38.7846794,101.0439606,2570.7036,3,False
8,UAV_449,38.8075829,101.0647812,2577.4495,0,False
8,UAV_450,38.7922592,101.1173935,2573.8843,0,False
8,UAV_451,38.7560577,100.9962234,2570.4114,3,False
8,UAV_452,38.8743935,101.0880661,2575.9697,1,False
8,UAV_453,38.9093056,101.0310974,2571.5925,4,False
8,UAV_454,38.8200684,101.0918274,2575.4287,0,False
8,UAV_455,38.8531227,100.9860153,2578.7346,2,False
8,UAV_456,38.8081856,101.0488815,2574.4465,0,False
8,UAV_457,38.8405647,101.0449524,2568.2903,3,False
8,UAV_458,38.8681221,101.0662613,2574.1042,1,False
8,UAV_459,38.8965645,101.0020905,2572.6721,4,False
8,UAV_460,38.7847862,101.0895309,2568.5691,3,False
8,UAV_461,38.869175,100.9701538,2575.0322,2,False
8,UAV_462,38.8469505,101.1183853,2576.0771,0,False
8,UAV_463,38.7827225,100.9860992,2580.8804,2,False
8,UAV_464,38.8780518,100.949028,2574.1233,4,False
8,UAV_465,38.846962,100.9837646,2564.1265,3,False
8,UAV_466,38.8840408,101.0992279,2571.2925,5,False
8,UAV_467,38.793705,100.9805908,2572.0593,2,False
8,UAV_468,38.7669907,101.0520706,2570.6904,3,False
8,UAV_469,38.8455315,101.0572739,2566.9954,3,False
8,UAV_470,38.8458595,101.0627441,2575.9143,1,False
8,UAV_471,38.8040657,100.9861755,2574.0417,2,False
8,UAV_472,38.8419266,101.1078491,2569.4731,5,False
8,UAV_473,38.829258,101.0457077,2570.8179,3,False
8,UAV_474,38.8144073,100.9427185,2572.8157,2,False
8,UAV_475,38.9153938,101.028923,2570.6777,4,False
8,UAV_476,38.9547882,101.0590439,2570.344,4,False
8,UAV_477,38.8599586,101.0281754,2571.8005,4,False
8,UAV_478,38.9051781,100.9825668,2570.0273,4,False
8,UAV_479,38.8777008,101.0951538,2571.916,5,False
8,UAV_480,38.7968597,101.0329971,2569.7349,3,False
8,UAV_481,38.8196106,100.9765625,2575.3088,2,False
8,UAV_482,38.8015518,101.0796967,2575.4136,0,False
8,UAV_483,38.899147,101.1085968,2575.9104,1,False
8,UAV_484,38.8201141,101.054245,2574.9456,0,False
8,UAV_485,38.8068428,101.0355377,2569.7595,3,False
8,UAV_486,38.897934,101.0323257,2576.0513,1,False
8,UAV_487,38.924118,101.0107498,2570.8181,4,False
8,UAV_488,38.8198166,101.0032425,2571.4067,3,False
8,UAV_489,38.8195381,101.0328827,2568.1799,3,False
8,UAV_490,38.8301849,100.9758301,2575.8228,2,False
8,UAV_491,38.9350319,101.0350266,2574.9683,1,False
8,UAV_492,38.8587914,101.0456924,2576.8518,1,False
8,UAV_493,38.8694916,100.9785156,2570.7913,4,False
8,UAV_494,38.8041458,100.996582,2579.0112,2,False
8,UAV_495,38.8952026,100.9682159,2570.165,4,False
8,UAV_496,38.8270798,101.0757141,2569.3225,3,False
8,UAV_497,38.8292313,101.0286484,2573.3035,2,False
8,UAV_498,38.800354,101.0390549,2572.3037,3,False
8,UAV_499,38.9061737,100.975235,2572.405,4,False
8,UAV_500,38.7980042,101.0626221,2575.3928,0,False
9,UAV_001,38.8305664,101.0957718,2565.0327,1,False
9,UAV_002,38.8902016,101.01297,2574.4529,0,False
9,UAV_003,38.8946571,101.0853043,2566.7061,1,False
9,UAV_004,38.8159828,101.0012665,2577.073,5,False
9,UAV_005,38.8169022,101.099762,2570.6003,1,False
9,UAV_006,38.8140297,101.0959091,2574.2136,2,False
9,UAV_007,38.8812065,101.1040115,2567.9575,1,False
9,UAV_008,38.8946381,101.0730591,2571.5476,3,False
9,UAV_009,38.9171524,101.1039886,2570.4641,3,False
9,UAV_010,38.8449707,100.9773254,2568.1792,4,False
9,UAV_011,38.8883743,101.0370789,2573.3892,0,False
9,UAV_012,38.7942581,101.0345459,2574.5417,5,False
9,UAV_013,38.8598824,101.0541229,2571.3523,1,False
9,UAV_014,38.8435478,101.023468,2573.3147,5,False
9,UAV_015,38.8792229,100.9835739,2568.1941,4,False
9,UAV_016,38.9605522,100.9810333,2571.3752,4,False
9,UAV_017,38.8808632,101.0333939,2569.3042,4,False
9,UAV_018,38.8322678,101.0038223,2568.6292,1,False
9,UAV_019,38.8325462,101.0338974,2570.2642,1,False
9,UAV_020,38.7903595,101.0138702,2571.1401,5,False
9,UAV_021,38.9127197,101.069603,2573.283,3,False
9,UAV_022,38.9276237,100.9717178,2573.106,4,False
9,UAV_023,38.8735046,100.961525,2569.7012,4,False
9,UAV_024,38.8906364,101.0308762,2571.1477,4,False
9,UAV_025,38.8992462,101.0080948,2574.4651,0,False
9,UAV_026,38.8828087,101.0753708,2574.4746,3,False
9,UAV_027,38.848732,101.069191,2575.0598,2,False
9,UAV_028,38.9088936,101.1322403,2569.4771,3,False
9,UAV_029,38.8423309,101.0241547,2574.8545,5,False
9,UAV_030,38.8585472,101.0207062,2577.9856,0,False
9,UAV_031,38.8639412,101.0224304,2574.9631,0,False
9,UAV_032,38.8561401,101.1061783,2568.1809,1,False
9,UAV_033,38.8855057,101.0787277,2579.9375,0,False
9,UAV_034,38.9096146,101.0415573,2574.7139,0,False
9,UAV_035,38.8320312,101.0307159,2578.6768,0,False
9,UAV_036,38.9256134,100.9408417,2574.9978,0,False
9,UAV_037,38.9074478,100.9957657,2573.6084,0,False
9,UAV_038,38.9119682,101.016304,2574.8057,0,False
9,UAV_039,38.9403763,100.99263,2574.8906,0,False
9,UAV_040,38.8175621,101.0121765,2569.4626,1,False
9,UAV_041,38.8727074,100.9933014,2571.22,4,False
9,UAV_042,38.8683434,101.0606918,2571.4404,3,False
9,UAV_043,38.8761826,101.1020355,2573.4409,3,False
9,UAV_044,38.738266,101.0414047,2572.4768,5,False
9,UAV_045,38.9465675,101.0471344,2573.1323,3,False
9,UAV_046,38.7692642,100.9717102,2570.3999,5,False
9,UAV_047,38.8903427,100.9944916,2570.0964,4,False
9,UAV_048,38.9267426,101.0502472,2577.0049,0,False
9,UAV_049,38.7853432,101.0304947,2573.717,5,False
9,UAV_050,38.893013,101.0345383,2569.3733,4,False
9,UAV_051,38.8710709,101.054657,2579.3582,0,False
9,UAV_052,38.813324,101.0375748,2573.5193,5,False
9,UAV_053,38.9143257,101.0618362,2580.4731,0,False
9,UAV_054,38.8267326,101.0627823,2569.3059,1,False
9,UAV_055,38.786026,101.0846558,2574.9106,2,False
9,UAV_056,38.8714867,101.0077362,2574.3223,0,False
9,UAV_057,38.805542,101.0914688,2569.7104,1,False
9,UAV_058,38.8254471,101.0286942,2569.9932,1,False
9,UAV_059,38.8528824,101.0572281,2570.2612,1,False
9,UAV_060,38.7910156,101.0405579,2571.9062,5,False
9,UAV_061,38.812851,101.0462494,2575.7581,2,False
9,UAV_062,38.8987617,101.0597839,2575.4609,0,False
9,UAV_063,38.8976631,100.9515839,2573.3684,4,False
9,UAV_064,38.8852158,101.1212769,2571.0217,3,False
9,UAV_065,38.9401932,101.00634,2570.9822,4,False
9,UAV_066,38.9188232,101.134079,2570.6582,3,False
9,UAV_067,38.8740501,101.0006027,2572.9272,4,False
9,UAV_068,38.9052124,101.0405884,2568.8933,4,False
9,UAV_069,38.9280014,101.0467758,2571.146,4,False
9,UAV_070,38.7999916,101.0180588,2574.7927,5,False
9,UAV_071,38.8300247,101.1274796,2574.3391,2,False
9,UAV_072,38.8372345,101.0186615,2571.9263,5,False
9,UAV_073,38.8273544,101.0124969,2574.4792,5,False
9,UAV_074,38.769619,101.0066299,2572.7,5,False
9,UAV_075,38.8148346,100.9825592,2577.906,5,False
9,UAV_076,38.8887672,100.9986038,2574.573,0,False
9,UAV_077,38.8423004,101.0791702,2575.0063,2,False
9,UAV_078,38.908493,101.0113373,2574.8933,0,False
9,UAV_079,38.9136581,101.045517,2575.1179,0,False
9,UAV_080,38.9552155,101.1085129,2572.3301,3,False
9,UAV_081,38.758976,100.9880447,2576.9526,5,False
9,UAV_082,38.8091087,101.071106,2567.8687,1,False
9,UAV_083,38.7362289,101.0296021,2570.6604,5,False
9,UAV_084,38.8437119,101.0710373,2575.5583,2,False
9,UAV_085,38.9119835,101.0329056,2576.426,0,False
9,UAV_086,38.8649635,101.1186829,2571.4421,3,False
9,UAV_087,38.8514824,101.0986862,2569.229,1,False
9,UAV_088,38.7841148,100.9707642,2577.1411,5,False
9,UAV_089,38.8654594,101.0655518,2570.4148,1,False
9,UAV_090,38.8760071,101.0200806,2576.4634,0,False
9,UAV_091,38.8318939,101.0254211,2569.2244,1,False
9,UAV_092,38.8244095,100.996933,2577.5361,5,False
9,UAV_093,38.8912468,100.9837341,2574.0891,0,False
9,UAV_094,38.8161163,101.0283508,2569.1011,1,False
9,UAV_095,38.8542747,101.1051941,2573.5649,2,False
9,UAV_096,38.8657875,101.0693054,2567.8926,1,False
9,UAV_097,38.8159485,100.9267426,2574.7249,5,False
9,UAV_098,38.8891029,101.1177292,2572.3467,3,False
9,UAV_099,38.8923836,101.0277557,2575.1631,0,False
9,UAV_100,38.9132385,101.1220322,2568.0632,3,False
9,UAV_101,38.8938141,100.9892654,2569.3811,4,False
9,UAV_102,38.8133392,101.073349,2570.8313,1,False
9,UAV_103,38.8477135,100.9431915,2575.0596,5,False
9,UAV_104,38.8004417,101.0172501,2574.2861,5,False
9,UAV_105,38.8887749,101.0124588,2570.5176,4,False
9,UAV_106,38.8947029,101.0069199,2573.8093,0,False
9,UAV_107,38.7839661,101.0731964,2570.3987,1,False
9,UAV_108,38.9443588,100.9912491,2571.3796,4,False
9,UAV_109,38.9124794,101.045723,2573.7253,0,False
9,UAV_110,38.8264198,101.1015244,2568.7812,1,False
9,UAV_111,38.8396797,101.0005646,2571.8406,5,False
9,UAV_112,38.7532616,100.985054,2576.3179,5,False
9,UAV_113,38.8240891,100.9758377,2576.0488,5,False
9,UAV_114,38.9036484,101.0158081,2570.3447,4,False
9,UAV_115,38.8783569,101.0396347,2573.8384,0,False
9,UAV_116,38.8178902,101.0580368,2569.9434,1,False
9,UAV_117,38.8870392,100.9542847,2574.2339,0,False
9,UAV_118,38.7851791,101.0235138,2575.9417,5,False
9,UAV_119,38.8222008,101.088707,2568.4915,1,False
9,UAV_120,38.8547058,101.0671768,2580.8892,0,False
9,UAV_121,38.7889938,101.1049271,2572.1091,2,False
9,UAV_122,38.7867775,101.0374374,2570.6892,1,False
9,UAV_123,38.8828468,101.0454102,2570.4409,4,True
9,UAV_124,38.8714714,101.1214066,2575.3311,3,False
9,UAV_125,38.8377342,100.9816055,2572.2146,5,False
9,UAV_126,38.7971649,101.0340347,2565.6628,1,False
9,UAV_127,38.917923,101.0153885,2571.1494,4,False
9,UAV_128,38.8527718,100.9764175,2573.012,5,False
9,UAV_129,38.8953209,101.0200119,2572.115,4,False
9,UAV_130,38.7969131,101.0080872,2574.4431,5,False
9,UAV_131,38.9122429,100.9912796,2574.0596,0,False
9,UAV_132,38.9065895,101.0090714,2570.0686,4,False
9,UAV_133,38.8712082,101.0644989,2569.2632,1,False
9,UAV_134,38.7542763,101.0195389,2568.9783,1,False
9,UAV_135,38.8002701,101.0453186,2567.27,1,False
9,UAV_136,38.8353157,101.0605087,2567.4795,1,False
9,UAV_137,38.8325043,100.998703,2573.3679,5,False
9,UAV_138,38.8173981,101.0675278,2574.3894,2,False
9,UAV_139,38.8318825,101.0468979,2572.8064,2,False
9,UAV_140,38.8547554,101.096344,2573.5884,2,False
9,UAV_141,38.8123474,101.0137405,2568.9966,1,False
9,UAV_142,38.8755569,101.0797729,2578.1973,0,False
9,UAV_143,38.8271217,100.9585953,2572.3022,5,False
9,UAV_144,38.8480453,101.0803757,2570.1003,1,False
9,UAV_145,38.8712006,101.1190796,2567.5835,1,False
9,UAV_146,38.8866844,100.9551468,2572.5625,4,False
9,UAV_147,38.9242325,100.9947052,2574.5457,0,False
9,UAV_148,38.8041801,100.9885254,2574.4194,5,False
9,UAV_149,38.8107147,101.0766678,2575.6938,2,False
9,UAV_150,38.7859154,101.1087494,2566.4292,1,False
9,UAV_151,38.8767967,101.0978928,2575.9814,3,False
9,UAV_152,38.9157066,100.9520798,2573.2295,4,False
9,UAV_153,38.8052216,101.0962067,2570.9329,1,False
9,UAV_154,38.8281479,101.0713425,2577.2209,2,False
9,UAV_155,38.8698959,100.990303,2572.334,4,False
9,UAV_156,38.8614769,101.0767059,2572.1738,3,False
9,UAV_157,38.7967339,101.120636,2579.366,2,False
9,UAV_158,38.8390846,101.0931473,2573.2683,2,False
9,UAV_159,38.8322487,101.0817795,2571.9983,2,False
9,UAV_160,38.8366394,101.0255127,2571.1462,1,False
9,UAV_161,38.9493332,101.0996933,2571.5168,3,False
9,UAV_162,38.8841705,101.0282745,2565.9263,4,False
9,UAV_163,38.759182,101.0750885,2571.8716,2,False
9,UAV_164,38.77565,101.0011139,2569.5603,5,False
9,UAV_165,38.867691,100.9853745,2574.0063,0,False
9,UAV_166,38.911396,101.086235,2574.4395,3,False
9,UAV_167,38.9020576,101.0183945,2571.1624,4,False
9,UAV_168,38.805191,101.0953903,2578.2324,2,False
9,UAV_169,38.8964691,101.0116348,2574.0254,0,False
9,UAV_170,38.8130951,101.0681458,2568.5906,1,False
9,UAV_171,38.8639069,101.0474701,2578.7449,0,False
9,UAV_172,38.826767,101.0563965,2570.7168,1,False
9,UAV_173,38.7749596,100.9743118,2565.6897,1,False
9,UAV_174,38.8386955,101.003479,2574.7334,5,False
9,UAV_175,38.8701935,101.0928802,2576.7676,2,False
9,UAV_176,38.7864075,101.1153717,2567.666,1,False
9,UAV_177,38.80093,101.0889053,2579.9539,2,False
9,UAV_178,38.8845177,101.030098,2570.1787,4,False
9,UAV_179,38.8493881,101.0260391,2572.4192,5,False
9,UAV_180,38.8644562,100.9923172,2574.7385,0,False
9,UAV_181,38.9294472,101.0185013,2566.8315,4,False
9,UAV_182,38.857914,101.055275,2569.9363,1,False
9,UAV_183,38.8532944,100.97686,2568.5815,4,False
9,UAV_184,38.7412643,101.0307617,2569.4255,1,False
9,UAV_185,38.908844,101.0410156,2568.2327,4,False
9,UAV_186,38.8632812,101.0383911,2571.1755,4,False
9,UAV_187,38.8546638,101.101181,2566.9001,1,False
9,UAV_188,38.9145432,101.0073929,2576.177,0,False
9,UAV_189,38.7965431,100.9966202,2577.8235,5,False
9,UAV_190,38.9351425,100.9795837,2571.4436,4,False
9,UAV_191,38.8927383,100.9659576,2575.4102,0,False
9,UAV_192,38.7988586,100.9676437,2574.5356,5,False
9,UAV_193,38.8137894,100.9971085,2571.4082,5,False
9,UAV_194,38.8940468,101.0572739,2575.1855,0,False
9,UAV_195,38.9227333,101.0962677,2572.3433,3,False
9,UAV_196,38.9535332,101.0592117,2572.3091,3,False
9,UAV_197,38.9302254,101.0293808,2571.5054,4,False
9,UAV_198,38.8065376,101.0308838,2575.0669,5,False
9,UAV_199,38.8787308,101.0385437,2573.2834,0,False
9,UAV_200,38.7746353,101.1038284,2571.2141,2,False
9,UAV_201,38.9370232,101.0225983,2573.696,0,False
9,UAV_202,38.8352432,100.9426422,2571.1848,5,False
9,UAV_203,38.8487282,101.0344772,2573.3496,5,False
9,UAV_204,38.8654327,101.0267715,2575.2661,0,False
9,UAV_205,38.7815704,101.1151505,2573.0493,2,False
9,UAV_206,38.9101715,101.0481873,2575.3762,0,False
9,UAV_207,38.8443184,101.0398865,2576.0464,0,False
9,UAV_208,38.8471489,101.0837021,2568.3738,1,False
9,UAV_209,38.9034653,101.0944824,2576.2886,3,False
9,UAV_210,38.9199982,101.0407715,2571.676,4,False
9,UAV_211,38.806942,100.9989471,2574.3376,5,False
9,UAV_212,38.7600403,100.9842377,2572.7002,5,False
9,UAV_213,38.7835236,101.0299149,2570.0911,1,False
9,UAV_214,38.8271713,101.0592728,2577.6016,2,False
9,UAV_215,38.8445129,101.0952606,2574.895,2,False
9,UAV_216,38.8075142,101.008812,2570.3582,5,False
9,UAV_217,38.9146843,101.1170883,2578.7769,3,False
9,UAV_218,38.8150291,100.9760361,2576.2222,5,False
9,UAV_219,38.7720337,101.0783157,2574.9768,2,False
9,UAV_220,38.89254,101.035759,2571.6929,4,False
9,UAV_221,38.8728027,101.035614,2578.1245,0,False
9,UAV_222,38.8468361,101.0552292,2573.6824,2,False
9,UAV_223,38.8512917,101.0908508,2568.0278,1,False
9,UAV_224,38.7768631,100.9696426,2571.3362,5,False
9,UAV_225,38.8021011,101.1052704,2574.1724,2,False
9,UAV_226,38.793045,100.9883957,2579.7742,5,False
9,UAV_227,38.8488541,101.1136551,2577.48,2,False
9,UAV_228,38.7947464,101.0570984,2576.7642,2,False
9,UAV_229,38.9450455,100.9991913,2574.8015,0,False
9,UAV_230,38.7954979,101.1038055,2576.2695,2,False
9,UAV_231,38.8636818,101.0319214,2571.9766,4,False
9,UAV_232,38.7690239,100.9763565,2570.5576,5,False
9,UAV_233,38.7686081,100.9946899,2571.9387,5,False
9,UAV_234,38.8677788,100.9955368,2581.4302,0,False
9,UAV_235,38.7810593,101.0026474,2570.4036,5,False
9,UAV_236,38.8353806,100.9900284,2568.8662,4,False
9,UAV_237,38.8722878,101.0710297,2571.6521,3,False
9,UAV_238,38.9078979,101.0928497,2569.7083,3,False
9,UAV_239,38.8216629,101.0731659,2577.0923,2,False
9,UAV_240,38.8524361,101.0295029,2574.5256,0,False
9,UAV_241,38.859108,100.994133,2570.8394,4,False
9,UAV_242,38.783474,101.0182877,2573.0583,5,False
9,UAV_243,38.8244667,100.9969788,2574.1121,5,False
9,UAV_244,38.7846031,101.0999527,2569.386,1,False
9,UAV_245,38.9032059,100.9924545,2573.8503,0,False
9,UAV_246,38.9052696,101.0038071,2577.9167,0,False
9,UAV_247,38.9199944,101.0630112,2576.6255,0,False
9,UAV_248,38.8177681,101.111412,2574.1565,2,False
9,UAV_249,38.9119568,100.9302063,2576.7219,0,False
9,UAV_250,38.8968163,101.046524,2574.9141,0,False
9,UAV_251,38.8456192,100.9923782,2572.0298,5,False
9,UAV_252,38.7921524,101.132225,2573.2549,2,False
9,UAV_253,38.8081131,101.1248627,2566.5916,1,False
9,UAV_254,38.8751755,101.0560532,2570.6899,4,False
9,UAV_255,38.868824,101.0374374,2568.0815,4,False
9,UAV_256,38.8996925,101.1179123,2573.3867,3,False
9,UAV_257,38.8580856,101.0747452,2574.4363,2,True
9,UAV_258,38.9016609,101.0937424,2570.0549,3,False
9,UAV_259,38.7850113,101.1083755,2570.8711,1,False
9,UAV_260,38.8247757,101.0629807,2575.8503,2,False
9,UAV_261,38.9187126,101.0673218,2572.4797,3,False
9,UAV_262,38.8608513,101.0709229,2570.8562,1,False
9,UAV_263,38.7936859,101.1358032,2574.8245,2,False
9,UAV_264,38.9200401,101.0519333,2573.8616,0,False
9,UAV_265,38.8235931,101.0450439,2577.1785,2,False
9,UAV_266,38.8828163,101.1035614,2571.2698,3,False
9,UAV_267,38.881546,101.1002426,2573.7534,3,False
9,UAV_268,38.925663,100.9676743,2574.925,0,False
9,UAV_269,38.935421,101.0001221,2571.3481,4,False
9,UAV_270,38.8086624,101.0184402,2566.6743,1,False
9,UAV_271,38.8653793,100.9985962,2573.9521,0,False
9,UAV_272,38.7582016,100.9892426,2578.6624,5,False
9,UAV_273,38.8417206,101.0313873,2568.957,1,False
9,UAV_274,38.8550339,101.0190582,2574.9807,0,False
9,UAV_275,38.9246254,100.9463501,2566.0994,4,False
9,UAV_276,38.7964821,101.0367279,2572.1611,5,False
9,UAV_277,38.7931976,100.9957581,2570.5127,5,False
9,UAV_278,38.7912178,101.1042709,2569.2466,1,False
9,UAV_279,38.9130287,101.0904388,2575.7854,3,False
9,UAV_280,38.8545303,100.9603424,2573.8535,5,False
9,UAV_281,38.8611069,101.070015,2569.6421,1,False
9,UAV_282,38.8480301,101.1281891,2573.4099,2,False
9,UAV_283,38.9115944,101.0911407,2575.8674,3,False
9,UAV_284,38.8938637,100.9824448,2574.7583,0,False
9,UAV_285,38.8535805,101.0815125,2575.1145,2,False
9,UAV_286,38.8351974,100.9763641,2569.6702,4,False
9,UAV_287,38.8502808,101.1168365,2567.4902,1,False
9,UAV_288,38.9083977,101.0879059,2572.3047,3,False
9,UAV_289,38.8995857,101.0789719,2574.6904,3,False
9,UAV_290,38.8148232,101.0169373,2573.8743,5,False
9,UAV_291,38.8553696,101.0924759,2574.7759,2,False
9,UAV_292,38.8638687,100.9982376,2575.2227,0,False
9,UAV_293,38.8400612,101.0931396,2577.4373,2,False
9,UAV_294,38.8371391,101.1320877,2574.147,2,False
9,UAV_295,38.9481812,101.0524673,2572.3523,3,False
9,UAV_296,38.8398552,101.1067657,2574.1509,2,False
9,UAV_297,38.7746353,101.0103378,2569.0195,1,False
9,UAV_298,38.8233604,101.0584641,2575.7292,2,False
9,UAV_299,38.7894058,101.0527573,2570.7673,1,False
9,UAV_300,38.8230362,100.9619064,2571.5037,5,False
9,UAV_301,38.8049469,101.1299286,2573.8342,2,False
9,UAV_302,38.8058891,101.1502533,2572.5642,2,False
9,UAV_303,38.8978271,101.1146317,2567.946,3,False
9,UAV_304,38.9124374,101.0416794,2573.8782,0,False
9,UAV_305,38.8631897,100.9724655,2574.7002,0,False
9,UAV_306,38.8315468,101.0011215,2573.8457,5,False
9,UAV_307,38.7525101,100.9668655,2570.7109,5,False
9,UAV_308,38.8845444,101.1154556,2572.1392,3,False
9,UAV_309,38.9197769,101.0568008,2576.0129,0,False
9,UAV_310,38.8291092,101.0099487,2570.0874,1,False
9,UAV_311,38.7675629,101.0484161,2572.2085,5,False
9,UAV_312,38.9094505,101.0523071,2570.3044,4,False
9,UAV_313,38.8754158,101.0052948,2571.0542,4,False
9,UAV_314,38.9164314,100.957283,2574.6416,0,False
9,UAV_315,38.8274689,100.9534378,2570.5959,5,False
9,UAV_316,38.8984795,101.0254211,2567.7273,4,False
9,UAV_317,38.9069824,101.0171814,2570.0781,4,False
9,UAV_318,38.814846,101.0732269,2574.4019,2,False
9,UAV_319,38.8257103,101.0162201,2568.771,1,False
9,UAV_320,38.7732277,101.067955,2572.5649,2,False
9,UAV_321,38.8869667,101.043541,2572.5647,4,False
9,UAV_322,38.8101158,101.1163483,2571.3853,2,False
9,UAV_323,38.7866402,101.0705948,2570.397,1,False
9,UAV_324,38.8738441,101.0284576,2572.7141,4,False
9,UAV_325,38.7997589,101.1126404,2571.9663,2,False
9,UAV_326,38.8694839,101.1273804,2573.843,3,False
9,UAV_327,38.8903236,100.9856873,2574.1794,0,False
9,UAV_328,38.7934036,101.0340805,2573.7231,5,False
9,UAV_329,38.74543,101.1161957,2572.6831,2,False
9,UAV_330,38.9256477,101.0031967,2570.5823,4,False
9,UAV_331,38.9235802,101.1295013,2571.2324,3,False
9,UAV_332,38.8951988,101.043129,2572.6819,4,False
9,UAV_333,38.9458694,100.9931717,2572.3735,4,False
9,UAV_334,38.860466,101.0317993,2570.4341,4,False
9,UAV_335,38.7508926,101.0412598,2567.2549,1,False
9,UAV_336,38.7852821,101.0052032,2572.9819,5,False
9,UAV_337,38.8849297,101.0331726,2572.0667,4,False
9,UAV_338,38.7997475,101.0401001,2576.1636,2,False
9,UAV_339,38.7845345,101.1229095,2572.4578,2,False
9,UAV_340,38.8455696,101.0060577,2568.321,4,False
9,UAV_341,38.8261642,101.0123749,2571.5884,5,False
9,UAV_342,38.9064217,101.0971909,2570.5413,3,False
9,UAV_343,38.8092575,101.0711594,2572.6882,2,False
9,UAV_344,38.9280167,101.1264572,2573.8474,3,False
9,UAV_345,38.8277397,101.0183182,2569.5007,1,False
9,UAV_346,38.898674,101.0518799,2573.3948,3,False
9,UAV_347,38.8404579,101.0379715,2573.0972,5,False
9,UAV_348,38.8281174,101.0510178,2570.2249,1,False
9,UAV_349,38.8826141,101.0004349,2570.7698,4,False
9,UAV_350,38.7979317,101.0994949,2571.4246,2,False
9,UAV_351,38.9201965,101.1342087,2573.8794,3,False
9,UAV_352,38.7501526,101.0735397,2570.4097,1,False
9,UAV_353,38.8149338,100.9480286,2571.1187,5,False
9,UAV_354,38.7988243,100.9834671,2575.6108,5,False
9,UAV_355,38.879097,101.0261383,2576.2827,0,False
9,UAV_356,38.820755,101.0422516,2571.8064,1,False
9,UAV_357,38.8092651,100.9716797,2571.7336,5,False
9,UAV_358,38.8587151,101.0498962,2576.0396,0,False
9,UAV_359,38.8085251,101.0278015,2571.0298,1,False
9,UAV_360,38.8199158,101.1329422,2573.4089,2,False
9,UAV_361,38.8722076,101.0419464,2570.5801,4,False
9,UAV_362,38.8361893,101.0952682,2570.6204,1,False
9,UAV_363,38.8451385,101.1261978,2573.1992,2,False
9,UAV_364,38.8468933,101.0205765,2575.7271,0,False
9,UAV_365,38.7876282,101.0586243,2573.126,2,False
9,UAV_366,38.7639771,101.1187439,2567.1746,1,False
9,UAV_367,38.9066925,100.9846649,2566.3989,4,False
9,UAV_368,38.8591194,101.0646973,2571.6155,3,False
9,UAV_369,38.9321556,101.1038895,2576.5989,3,False
9,UAV_370,38.8533134,101.0269852,2573.9062,0,False
9,UAV_371,38.8770638,101.0311203,2572.2817,4,False
9,UAV_372,38.878582,101.0346451,2578.0388,0,False
9,UAV_373,38.8583984,101.1440659,2572.8376,3,False
9,UAV_374,38.8066902,101.0523987,2573.1936,2,False
9,UAV_375,38.8078957,101.0398254,2573.5232,5,True
9,UAV_376,38.7945099,101.015625,2575.2727,5,False
9,UAV_377,38.851017,101.0897217,2564.5159,1,False
9,UAV_378,38.8840103,101.0832825,2572.5808,3,True
9,UAV_379,38.8037987,100.9998779,2572.8772,5,False
9,UAV_380,38.8290749,100.9972992,2573.9082,5,False
9,UAV_381,38.8495712,101.0102768,2572.5596,5,False
9,UAV_382,38.864521,100.9618225,2576.7903,0,False
9,UAV_383,38.9195404,101.0166397,2570.0149,4,False
9,UAV_384,38.8890038,100.9904099,2568.696,4,False
9,UAV_385,38.8111,101.0763092,2571.8108,2,False
9,UAV_386,38.8466034,101.0854492,2572.925,2,False
9,UAV_387,38.8829994,101.0683136,2571.031,3,False
9,UAV_388,38.8057899,101.0851669,2577.5125,2,False
9,UAV_389,38.7895851,101.1083069,2573.5703,2,False
9,UAV_390,38.8226509,101.0000229,2567.019,1,False
9,UAV_391,38.7734261,101.0737915,2573.3926,2,False
9,UAV_392,38.8025017,101.0610428,2573.2944,2,False
9,UAV_393,38.9042053,100.9907761,2571.2834,4,False
9,UAV_394,38.945591,101.0633698,2576.3403,0,False
9,UAV_395,38.8794746,100.9867172,2571.1936,4,False
9,UAV_396,38.9567413,101.0218353,2571.0974,4,False
9,UAV_397,38.8328896,101.0215759,2574.8979,5,False
9,UAV_398,38.8952789,101.0821686,2570.4058,3,False
9,UAV_399,38.8601227,101.0902405,2574.7151,2,False
9,UAV_400,38.8533287,101.0246277,2574.0186,0,False
9,UAV_401,38.9167442,101.0201874,2569.0598,4,False
9,UAV_402,38.855938,101.0695038,2572.0051,3,False
9,UAV_403,38.8604469,101.0791626,2571.7178,3,False
9,UAV_404,38.8906593,101.0279694,2575.7883,0,False
9,UAV_405,38.9532967,101.0286407,2576.136,0,False
9,UAV_406,38.8575325,101.0575562,2576.9238,0,False
9,UAV_407,38.8557434,101.0388031,2576.873,0,False
9,UAV_408,38.7996902,101.0639114,2576.4556,2,False
9,UAV_409,38.8793716,101.0175858,2572.7263,4,False
9,UAV_410,38.7777367,101.0494232,2575.4651,2,False
9,UAV_411,38.89814,101.0496216,2567.5217,4,False
9,UAV_412,38.8150139,100.9547424,2574.0762,5,False
9,UAV_413,38.8124695,101.100029,2569.2351,1,False
9,UAV_414,38.867588,101.0548706,2574.1023,0,False
9,UAV_415,38.8712692,100.9715958,2575.1118,0,False
9,UAV_416,38.8648758,101.0184555,2573.563,0,False
9,UAV_417,38.9096718,101.1206055,2570.0342,3,False
9,UAV_418,38.9135551,100.9938126,2574.583,0,False
9,UAV_419,38.8290062,100.9545822,2573.6868,5,False
9,UAV_420,38.8107948,101.0067749,2573.1628,5,False
9,UAV_421,38.7741547,101.0451889,2574.2383,2,False
9,UAV_422,38.8546791,100.9998856,2571.9866,4,False
9,UAV_423,38.8590431,101.0844498,2569.0256,1,True
9,UAV_424,38.7964973,100.9733887,2573.1934,5,False
9,UAV_425,38.8876762,101.0570526,2576.0024,0,False
9,UAV_426,38.9074936,101.0800018,2572.7668,3,False
9,UAV_427,38.8396988,101.0338669,2574.2095,5,False
9,UAV_428,38.8278656,100.9744263,2571.8611,5,False
9,UAV_429,38.8790741,100.9945526,2575.457,0,False
9,UAV_430,38.773777,101.062851,2568.0474,1,False
9,UAV_431,38.8225975,101.012413,2573.9368,5,False
9,UAV_432,38.8915825,101.0567551,2570.6931,4,False
9,UAV_433,38.9392738,101.011795,2574.0984,0,False
9,UAV_434,38.8370743,100.9985352,2571.0789,5,False
9,UAV_435,38.8326797,100.9920349,2571.415,5,False
9,UAV_436,38.8047905,100.985199,2578.3472,5,False
9,UAV_437,38.8970566,101.1161346,2573.0115,3,False
9,UAV_438,38.8853073,101.0105057,2570.5776,4,False
9,UAV_439,38.9594612,101.0074997,2565.3662,4,False
9,UAV_440,38.9037476,101.0276871,2577.208,0,False
9,UAV_441,38.7787018,100.9506531,2576.7581,5,False
9,UAV_442,38.8727188,101.0184326,2570.9614,4,False
9,UAV_443,38.9580498,101.1420898,2572.9507,3,False
9,UAV_444,38.828907,100.9907379,2571.2466,5,False
9,UAV_445,38.8278389,101.0165329,2570.4412,1,False
9,UAV_446,38.8792915,101.0925674,2570.5881,3,False
9,UAV_447,38.9449234,101.1082153,2571.7742,3,False
9,UAV_448,38.7837791,101.0436172,2573.8816,5,False
9,UAV_449,38.8075943,101.0648575,2570.1333,1,False
9,UAV_450,38.7894402,101.1113968,2570.6978,1,False
9,UAV_451,38.7574272,100.9945374,2572.1399,5,False
9,UAV_452,38.8740578,101.0882874,2574.2598,3,False
9,UAV_453,38.9116135,101.0307388,2568.7371,4,False
9,UAV_454,38.8199615,101.097435,2576.1033,2,False
9,UAV_455,38.8507233,100.9859848,2577.926,0,False
9,UAV_456,38.809536,101.0497513,2577.8135,2,False
9,UAV_457,38.8409996,101.0445709,2572.3291,2,False
9,UAV_458,38.8659019,101.064682,2570.6936,1,False
9,UAV_459,38.8958893,101.0022278,2572.2278,4,False
9,UAV_460,38.7823105,101.0891113,2570.1345,1,False
9,UAV_461,38.86866,100.9687119,2571.2341,4,False
9,UAV_462,38.8397217,101.1167297,2571.7405,2,False
9,UAV_463,38.7817917,100.9870529,2574.1304,5,False
9,UAV_464,38.8171196,101.0278244,2573.8496,5,False
9,UAV_465,38.8461571,100.9823532,2571.2905,5,False
9,UAV_466,38.8853188,101.0942535,2571.3279,3,False
9,UAV_467,38.8247528,101.0213394,2573.2908,5,False
9,UAV_468,38.7487526,100.9876251,2574.8379,5,False
9,UAV_469,38.845295,101.0568542,2569.7039,1,False
9,UAV_470,38.8459091,101.0629578,2572.969,2,False
9,UAV_471,38.8048477,100.9858017,2565.572,1,False
9,UAV_472,38.8420448,101.0998611,2565.7581,1,False
9,UAV_473,38.8361053,101.047699,2575.9116,2,False
9,UAV_474,38.81604,100.9435806,2571.5752,5,False
9,UAV_475,38.9161034,101.0287094,2574.4021,0,False
9,UAV_476,38.953701,101.0570068,2572.1514,3,False
9,UAV_477,38.8565903,101.0309067,2576.2261,0,False
9,UAV_478,38.9051323,100.983078,2574.8955,0,False
9,UAV_479,38.8782616,101.0935898,2575.2222,3,False
9,UAV_480,38.8023834,101.0329361,2573.7207,5,False
9,UAV_481,38.8194923,100.9768524,2574.9902,5,False
9,UAV_482,38.7992859,101.0812302,2572.033,2,False
9,UAV_483,38.8991737,101.1089325,2576.8193,3,False
9,UAV_484,38.8167152,101.0542374,2571.7712,1,False
9,UAV_485,38.806221,101.0344543,2570.438,1,False
9,UAV_486,38.8991737,101.032341,2574.0957,0,False
9,UAV_487,38.9229164,101.010994,2574.4102,0,False
9,UAV_488,38.8199997,100.9929276,2571.7266,5,False
9,UAV_489,38.8200073,101.0317612,2570.042,1,False
9,UAV_490,38.82304,100.9758072,2577.6919,5,False
9,UAV_491,38.9338837,101.0357513,2575.2605,0,False
9,UAV_492,38.857708,101.0457687,2577.1379,0,False
9,UAV_493,38.8487396,101.0515442,2573.9504,2,False
9,UAV_494,38.803196,100.9969406,2576.8296,5,False
9,UAV_495,38.9002914,100.9664917,2571.6714,4,False
9,UAV_496,38.8255882,101.0724182,2572.728,2,False
9,UAV_497,38.8268089,101.0282364,2572.0854,5,False
9,UAV_498,38.8002472,101.0372009,2575.1787,5,False
9,UAV_499,38.9038773,100.9752274,2575.5154,0,True
9,UAV_500,38.7969475,101.0656128,2574.9541,2,False
10,UAV_001,38.8305359,101.0952072,2569.0437,3,False
10,UAV_002,38.8901749,101.0107498,2570.3843,2,False
10,UAV_003,38.8950348,101.0835114,2569.2788,0,False
10,UAV_004,38.8139915,101.0012741,2580.5559,1,False
10,UAV_005,38.81707,101.0997162,2565.103,3,False
10,UAV_006,38.8077583,101.0970535,2578.4268,4,False
10,UAV_007,38.8815765,101.1030426,2577.2646,0,False
10,UAV_008,38.8931923,101.072464,2573.7407,0,False
10,UAV_009,38.9169655,101.1038208,2568.4375,0,False
10,UAV_010,38.8445396,100.9735947,2568.7705,2,False
10,UAV_011,38.8897667,101.0370712,2572.8154,5,False
10,UAV_012,38.8170815,101.0480423,2577.6887,4,False
10,UAV_013,38.8592873,101.0543747,2575.7278,5,False
10,UAV_014,38.835041,101.0226898,2571.4055,2,False
10,UAV_015,38.8793259,100.9822311,2568.9785,2,False
10,UAV_016,38.9613495,100.9803848,2570.8879,2,False
10,UAV_017,38.8798599,101.0314407,2573.5308,5,False
10,UAV_018,38.8338547,101.0022888,2571.2241,2,False
10,UAV_019,38.8106346,101.0122223,2565.8262,3,False
10,UAV_020,38.7913208,101.0098419,2576.2534,1,False
10,UAV_021,38.9206238,101.0737762,2573.2253,0,False
10,UAV_022,38.9246368,100.9754639,2576.303,5,False
10,UAV_023,38.8733177,100.9610138,2566.5452,2,False
10,UAV_024,38.8886757,101.0309067,2578.1768,5,False
10,UAV_025,38.8979988,101.0088959,2577.4526,5,False
10,UAV_026,38.8853874,101.0759659,2574.7869,0,False
10,UAV_027,38.8525696,101.0653,2565.5664,3,False
10,UAV_028,38.9078903,101.131218,2571.3245,0,False
10,UAV_029,38.8405838,101.0256577,2575.187,1,False
10,UAV_030,38.8570061,101.0211563,2576.0005,5,False
10,UAV_031,38.8629646,101.0231247,2573.6506,5,False
10,UAV_032,38.8562584,101.1040726,2567.9077,3,False
10,UAV_033,38.8855896,101.0787125,2573.6262,0,False
10,UAV_034,38.9087753,101.04216,2573.4702,5,False
10,UAV_035,38.8319473,101.0310593,2574.1829,1,False
10,UAV_036,38.9291573,100.9471588,2573.4771,2,False
10,UAV_037,38.9102211,100.9961014,2576.2659,5,False
10,UAV_038,38.9109497,101.0170517,2574.8271,5,False
10,UAV_039,38.9416847,100.9925995,2573.9338,5,False
10,UAV_040,38.8206978,101.0028687,2574.8345,1,False
10,UAV_041,38.8716507,100.991333,2568.376,2,False
10,UAV_042,38.8722725,101.0566864,2573.146,0,False
10,UAV_043,38.8774529,101.1001434,2573.6221,0,False
10,UAV_044,38.7373199,101.0377121,2572.2104,1,False
10,UAV_045,38.9471016,101.0456161,2571.458,0,False
10,UAV_046,38.7713585,100.9705429,2569.1816,1,False
10,UAV_047,38.8894501,100.9939346,2576.4937,5,False
10,UAV_048,38.9210472,101.0504913,2578.0591,5,False
10,UAV_049,38.783886,101.0320358,2576.272,1,False
10,UAV_050,38.8932343,101.0343628,2569.7405,2,False
10,UAV_051,38.8742828,101.0562668,2572.7209,0,False
10,UAV_052,38.8110695,101.0346832,2573.355,1,False
10,UAV_053,38.9156456,101.063942,2576.5989,5,False
10,UAV_054,38.825634,101.0627213,2574.6543,4,False
10,UAV_055,38.7861099,101.083725,2568.0291,3,False
10,UAV_056,38.8762741,101.008812,2573.9651,5,False
10,UAV_057,38.8048553,101.0901566,2570.2258,3,False
10,UAV_058,38.8250504,101.028595,2569.5701,3,False
10,UAV_059,38.8262749,101.087265,2570.9033,3,False
10,UAV_060,38.7894096,101.0384445,2572.2131,1,False
10,UAV_061,38.8174438,101.0452881,2576.2939,4,False
10,UAV_062,38.8966637,101.0650787,2580.395,5,False
10,UAV_063,38.9027405,100.9513474,2572.8491,2,False
10,UAV_064,38.883522,101.1208649,2568.6274,0,False
10,UAV_065,38.9372215,101.0079956,2576.5693,5,False
10,UAV_066,38.919548,101.1331558,2568.5264,0,False
10,UAV_067,38.8812218,100.9942856,2572.0833,2,False
10,UAV_068,38.9027748,101.0400925,2567.4487,2,False
10,UAV_069,38.9303932,101.0476456,2573.0212,5,False
10,UAV_070,38.7994804,101.0185242,2571.874,1,False
10,UAV_071,38.8295326,101.1278076,2575.9258,4,False
10,UAV_072,38.8391228,101.0172119,2574.2546,1,False
10,UAV_073,38.8249474,101.0124741,2574.7112,1,False
10,UAV_074,38.7702637,100.9981079,2570.7092,1,False
10,UAV_075,38.8153191,100.9824829,2576.7395,1,False
10,UAV_076,38.8882408,101.0011292,2573.6978,5,False
10,UAV_077,38.8651314,101.11483,2574.3789,0,False
10,UAV_078,38.9086456,101.0113754,2567.9109,2,False
10,UAV_079,38.9131546,101.0458755,2573.2432,5,False
10,UAV_080,38.9558601,101.1073456,2571.2708,0,False
10,UAV_081,38.7675667,100.9880371,2576.0544,1,False
10,UAV_082,38.8078423,101.0707321,2575.8965,4,False
10,UAV_083,38.7362022,101.0278778,2568.7549,3,False
10,UAV_084,38.8417206,101.0710373,2574.7134,4,False
10,UAV_085,38.9091835,101.0328903,2574.1365,5,False
10,UAV_086,38.8555756,101.1118011,2572.688,0,False
10,UAV_087,38.8491554,101.0981369,2573.5413,0,False
10,UAV_088,38.7926826,100.9707794,2577.0212,1,False
10,UAV_089,38.8645973,101.0652695,2567.3528,3,False
10,UAV_090,38.8759995,101.0203476,2577.7566,5,False
10,UAV_091,38.8314552,101.025116,2571.6172,1,False
10,UAV_092,38.8244514,100.9970245,2576.0256,1,False
10,UAV_093,38.9004784,101.0029526,2575.9033,5,False
10,UAV_094,38.8157578,101.0260315,2569.739,3,False
10,UAV_095,38.8541908,101.1053848,2569.1665,3,False
10,UAV_096,38.865387,101.0690155,2566.8967,3,False
10,UAV_097,38.8173904,100.9241714,2571.6396,1,False
10,UAV_098,38.8936424,101.0907059,2572.4958,0,False
10,UAV_099,38.8934135,101.0277634,2574.6628,5,False
10,UAV_100,38.9119453,101.1211319,2574.2424,0,False
10,UAV_101,38.8912888,100.9892426,2572.2446,2,False
10,UAV_102,38.8120117,101.0740814,2571.769,3,False
10,UAV_103,38.8225479,100.9629669,2575.8513,1,False
10,UAV_104,38.8003044,101.0174866,2573.5171,1,False
10,UAV_105,38.8894119,101.0112228,2569.8669,2,False
10,UAV_106,38.8955231,101.0058823,2568.9739,2,False
10,UAV_107,38.7838821,101.0732269,2573.762,4,False
10,UAV_108,38.9453697,100.9906998,2570.1157,2,False
10,UAV_109,38.9102821,101.0457001,2575.7593,5,False
10,UAV_110,38.8266716,101.1004105,2575.9473,4,False
10,UAV_111,38.8473434,101.0072556,2572.0898,2,False
10,UAV_112,38.7743568,100.9551926,2574.1794,1,False
10,UAV_113,38.8209419,100.9806671,2575.3425,1,False
10,UAV_114,38.9024582,101.0148773,2570.188,2,False
10,UAV_115,38.8784332,101.0391006,2574.9126,5,False
10,UAV_116,38.8135605,101.0552673,2574.7661,4,False
10,UAV_117,38.8864555,100.951973,2569.8384,2,False
10,UAV_118,38.7876244,101.0240479,2575.2217,1,False
10,UAV_119,38.8207626,101.0865402,2567.1492,3,False
10,UAV_120,38.8546066,101.0674667,2572.209,0,False
10,UAV_121,38.7884674,101.1052017,2579.043,4,False
10,UAV_122,38.7870483,101.0372772,2571.1575,3,False
10,UAV_123,38.8819733,101.0433121,2568.489,2,False
10,UAV_124,38.8719902,101.1215286,2574.9231,0,False
10,UAV_125,38.8392372,100.9816437,2571.3989,2,False
10,UAV_126,38.7972031,101.0327377,2570.314,3,False
10,UAV_127,38.9173317,101.0155869,2578.2993,5,False
10,UAV_128,38.8531532,100.9758224,2567.7256,2,False
10,UAV_129,38.8995438,101.0167923,2570.552,2,True
10,UAV_130,38.7959137,101.0089951,2573.438,1,False
10,UAV_131,38.9106216,100.9897995,2575.2817,5,False
10,UAV_132,38.8734741,101.0221558,2575.8049,5,False
10,UAV_133,38.8714409,101.0628204,2569.4231,3,False
10,UAV_134,38.753685,101.0185776,2569.4558,3,False
10,UAV_135,38.798954,101.045166,2574.3008,4,False
10,UAV_136,38.8350677,101.0593796,2571.896,3,False
10,UAV_137,38.8329468,100.9978333,2569.1794,2,False
10,UAV_138,38.8170776,101.0667953,2573.8862,4,False
10,UAV_139,38.8301735,101.0463562,2568.4448,3,False
10,UAV_140,38.8544807,101.0946121,2569.5439,3,False
10,UAV_141,38.812027,101.0114441,2574.5542,1,False
10,UAV_142,38.8744469,101.0821304,2574.5305,0,False
10,UAV_143,38.8246002,100.9584198,2576.6584,1,False
10,UAV_144,38.8477974,101.0803452,2568.7275,3,False
10,UAV_145,38.8706398,101.1176834,2568.2979,3,False
10,UAV_146,38.8965607,100.9882431,2572.05,2,False
10,UAV_147,38.9235611,100.9949036,2576.7644,5,False
10,UAV_148,38.8042068,100.9887161,2579.1575,1,False
10,UAV_149,38.8083076,101.0766449,2576.5984,4,False
10,UAV_150,38.7854767,101.1087265,2566.3806,3,False
10,UAV_151,38.8587227,101.1009445,2573.5742,0,False
10,UAV_152,38.9085426,100.9521637,2577.2771,5,False
10,UAV_153,38.810524,101.0889359,2572.8293,4,False
10,UAV_154,38.8381424,101.0712738,2579.1018,4,False
10,UAV_155,38.8732109,100.9874039,2572.8071,2,False
10,UAV_156,38.853447,101.0770798,2576.2617,4,False
10,UAV_157,38.7966232,101.120697,2579.0049,4,False
10,UAV_158,38.8399239,101.0927811,2572.5964,4,False
10,UAV_159,38.8328514,101.0814819,2571.0374,3,False
10,UAV_160,38.8349876,101.0222092,2573.4893,1,False
10,UAV_161,38.9483566,101.0976715,2571.7935,0,False
10,UAV_162,38.8838882,101.0259781,2574.6477,5,False
10,UAV_163,38.7567406,101.0732803,2574.6003,4,False
10,UAV_164,38.7752724,100.9998856,2568.6426,3,False
10,UAV_165,38.8618011,100.9841003,2571.8157,2,False
10,UAV_166,38.9085579,101.0861588,2573.7961,0,False
10,UAV_167,38.9028053,101.0182266,2573.7886,5,False
10,UAV_168,38.8031616,101.0953827,2576.4204,4,False
10,UAV_169,38.8936615,101.0116043,2575.2747,5,False
10,UAV_170,38.818821,101.0691681,2571.968,3,False
10,UAV_171,38.8636475,101.0476227,2578.4268,5,False
10,UAV_172,38.825573,101.0558014,2573.8225,4,False
10,UAV_173,38.7748222,100.9741821,2571.0842,1,False
10,UAV_174,38.8388405,101.0036469,2575.6274,1,False
10,UAV_175,38.8693695,101.0934448,2576.4563,4,False
10,UAV_176,38.7864456,101.1152954,2573.5417,4,False
10,UAV_177,38.801281,101.0891037,2574.8384,4,False
10,UAV_178,38.8844337,101.0278015,2570.9846,2,False
10,UAV_179,38.8472176,101.0255203,2569.7622,2,False
10,UAV_180,38.8641357,100.9927216,2577.5286,5,False
10,UAV_181,38.9286919,101.0163193,2573.9119,5,False
10,UAV_182,38.8580894,101.0550919,2569.9385,3,False
10,UAV_183,38.8534889,100.9748306,2570.0288,2,False
10,UAV_184,38.7396584,101.0275345,2572.334,1,False
10,UAV_185,38.9077873,101.0390778,2567.9106,2,False
10,UAV_186,38.8640099,101.0374603,2573.1711,5,False
10,UAV_187,38.8550644,101.099762,2569.8853,3,False
10,UAV_188,38.9145164,101.0074997,2573.6455,5,False
10,UAV_189,38.7951889,100.9967804,2577.1704,1,False
10,UAV_190,38.9322472,100.9805832,2577.0847,5,False
10,UAV_191,38.8924561,100.965744,2575.1045,5,False
10,UAV_192,38.8167343,100.9718246,2577.3127,1,False
10,UAV_193,38.8123436,100.9933472,2572.2134,1,False
10,UAV_194,38.8917427,101.0572586,2576.6755,5,False
10,UAV_195,38.9694748,101.1007996,2575.262,0,False
10,UAV_196,38.9017487,101.1372375,2575.1106,0,False
10,UAV_197,38.9298019,101.029686,2571.6692,2,False
10,UAV_198,38.8072014,101.0307312,2574.1113,1,False
10,UAV_199,38.8783379,101.038887,2577.9546,5,False
10,UAV_200,38.7732811,101.1035995,2572.6248,4,False
10,UAV_201,38.933609,101.0189438,2570.2014,2,False
10,UAV_202,38.8463707,100.9425354,2573.2815,1,False
10,UAV_203,38.8476372,101.0345306,2573.1653,1,False
10,UAV_204,38.8643837,101.0303192,2574.4346,5,False
10,UAV_205,38.7806511,101.1155167,2570.677,3,False
10,UAV_206,38.9093895,101.0474854,2567.5217,2,False
10,UAV_207,38.8452873,101.0400085,2575.1631,4,False
10,UAV_208,38.84729,101.0831833,2569.467,3,False
10,UAV_209,38.8999596,101.1475677,2570.1775,0,False
10,UAV_210,38.9202957,101.0397568,2571.1235,2,False
10,UAV_211,38.7881393,101.0121078,2573.6394,1,False
10,UAV_212,38.7578316,100.9864883,2576.8721,1,False
10,UAV_213,38.7931404,101.0270386,2568.7644,3,False
10,UAV_214,38.8272057,101.0592804,2571.6094,3,False
10,UAV_215,38.8492508,101.0951614,2575.3381,4,False
10,UAV_216,38.8052902,101.0066147,2573.2493,1,False
10,UAV_217,38.9514923,101.0818939,2573.0676,0,False
10,UAV_218,38.8078766,100.9761124,2575.291,1,False
10,UAV_219,38.7720146,101.0785065,2574.6685,4,False
10,UAV_220,38.8923683,101.0356369,2572.3713,2,False
10,UAV_221,38.87286,101.0359039,2578.1641,5,False
10,UAV_222,38.8483963,101.0562439,2574.1736,4,False
10,UAV_223,38.8496513,101.0900726,2572.5513,0,False
10,UAV_224,38.7779083,100.9651184,2569.0779,1,False
10,UAV_225,38.7971649,101.0542679,2569.2246,3,False
10,UAV_226,38.7921028,100.9915161,2573.7227,1,False
10,UAV_227,38.8486786,101.1140137,2571.1736,0,False
10,UAV_228,38.7995224,101.0570908,2573.2632,4,False
10,UAV_229,38.938858,100.9991989,2574.6108,5,False
10,UAV_230,38.8039436,101.1038284,2570.7087,3,False
10,UAV_231,38.8659058,101.0375061,2577.3623,5,False
10,UAV_232,38.7709045,100.9750061,2571.4639,1,False
10,UAV_233,38.7683487,100.9939041,2570.0212,1,False
10,UAV_234,38.865654,100.9954987,2579.9119,5,False
10,UAV_235,38.7849503,101.0024567,2570.551,1,False
10,UAV_236,38.836792,100.9862366,2570.9336,2,False
10,UAV_237,38.8801575,101.0783157,2571.2124,0,False
10,UAV_238,38.9073524,101.0905685,2570.0134,0,False
10,UAV_239,38.8230629,101.0720901,2567.4404,3,False
10,UAV_240,38.8506432,101.030632,2573.5515,5,False
10,UAV_241,38.8589478,100.9918594,2569.801,2,False
10,UAV_242,38.7825508,101.0187073,2574.5842,1,False
10,UAV_243,38.824398,100.9971848,2578.1353,1,False
10,UAV_244,38.7849388,101.0987473,2568.3281,3,False
10,UAV_245,38.9005966,100.9865494,2569.0354,2,False
10,UAV_246,38.9020844,101.0037766,2574.1465,5,False
10,UAV_247,38.9211693,101.0630264,2576.5134,5,False
10,UAV_248,38.804718,101.108284,2567.1636,3,False
10,UAV_249,38.9176445,100.9309921,2576.3013,5,False
10,UAV_250,38.909317,101.0451279,2574.4351,5,False
10,UAV_251,38.8466454,100.9918518,2570.8782,2,False
10,UAV_252,38.7905807,101.1325836,2576.7747,4,False
10,UAV_253,38.8066673,101.1218872,2572.9316,4,False
10,UAV_254,38.874794,101.0552521,2571.2256,0,False
10,UAV_255,38.8671989,101.0354919,2573.3511,5,False
10,UAV_256,38.8995552,101.1176834,2569.3152,0,False
10,UAV_257,38.8574181,101.075058,2574.6797,4,False
10,UAV_258,38.9304962,101.140564,2572.4038,0,False
10,UAV_259,38.7786102,101.1096725,2576.3279,4,False
10,UAV_260,38.8247757,101.0630188,2577.5032,4,False
10,UAV_261,38.8882675,101.0936737,2577.3169,0,False
10,UAV_262,38.8612022,101.0651016,2571.9568,0,False
10,UAV_263,38.7934723,101.136467,2577.7366,4,False
10,UAV_264,38.9187202,101.0520325,2574.1506,5,False
10,UAV_265,38.8245926,101.0486069,2571.7507,3,False
10,UAV_266,38.8819809,101.1033783,2575.6912,0,False
10,UAV_267,38.8818398,101.0999451,2572.342,0,False
10,UAV_268,38.9256554,100.967659,2573.9575,5,False
10,UAV_269,38.9341507,100.9984055,2569.9055,2,False
10,UAV_270,38.8082428,101.017662,2577.1809,1,False
10,UAV_271,38.8654251,100.9984131,2573.2554,2,False
10,UAV_272,38.7629814,100.9947128,2571.5869,1,False
10,UAV_273,38.8421516,101.0309982,2568.8542,3,False
10,UAV_274,38.8545189,101.0195007,2572.8425,2,False
10,UAV_275,38.9222641,100.945816,2573.0046,2,False
10,UAV_276,38.7986336,101.0396423,2572.8655,1,False
10,UAV_277,38.7921524,100.9948349,2569.2107,1,False
10,UAV_278,38.7914009,101.1037292,2570.2397,3,False
10,UAV_279,38.910511,101.0904312,2578.7903,5,False
10,UAV_280,38.8519478,100.9602051,2570.9607,2,False
10,UAV_281,38.8568611,101.0659103,2568.3457,3,False
10,UAV_282,38.8455048,101.131691,2572.6577,0,False
10,UAV_283,38.9108315,101.0914688,2573.7781,0,False
10,UAV_284,38.8960304,100.9833221,2575.0337,5,False
10,UAV_285,38.8527718,101.0819778,2574.127,4,False
10,UAV_286,38.8269768,100.978035,2575.4192,1,False
10,UAV_287,38.849472,101.1164932,2569.2029,3,False
10,UAV_288,38.9082108,101.0882263,2572.7964,0,False
10,UAV_289,38.9056473,101.0799561,2572.6392,0,False
10,UAV_290,38.8139381,101.0091858,2577.3594,1,False
10,UAV_291,38.8805923,101.0435333,2575.76,5,False
10,UAV_292,38.862999,100.9988708,2578.3821,5,False
10,UAV_293,38.8408623,101.0963364,2575.3362,4,False
10,UAV_294,38.8376732,101.1325989,2575.8247,4,False
10,UAV_295,38.9540825,101.078331,2577.0139,5,False
10,UAV_296,38.8400497,101.1066055,2576.0139,4,False
10,UAV_297,38.7750702,101.0079727,2570.8325,1,False
10,UAV_298,38.8121948,101.0739517,2571.9363,3,False
10,UAV_299,38.7888794,101.0531235,2572.1379,3,False
10,UAV_300,38.8235168,100.9618912,2576.4771,1,False
10,UAV_301,38.7799301,101.1197662,2572.6838,4,False
10,UAV_302,38.8042564,101.1507874,2572.4827,4,False
10,UAV_303,38.8984756,101.1135178,2570.605,0,False
10,UAV_304,38.9110947,101.0424271,2572.1743,0,False
10,UAV_305,38.8627281,100.9726105,2571.5415,2,False
10,UAV_306,38.8326988,101.0002899,2571.1204,2,False
10,UAV_307,38.7581329,100.9535904,2571.1768,1,False
10,UAV_308,38.8829994,101.1152115,2571.9768,0,False
10,UAV_309,38.9178314,101.0576859,2577.3015,5,False
10,UAV_310,38.8226585,101.0072327,2573.2842,1,False
10,UAV_311,38.7659187,101.0467529,2571.0891,3,False
10,UAV_312,38.9088516,101.0514221,2569.3662,2,False
10,UAV_313,38.8777504,101.0054092,2575.0923,5,False
10,UAV_314,38.9142456,100.9572754,2574.46,5,False
10,UAV_315,38.828846,100.9795609,2571.9102,1,False
10,UAV_316,38.8999481,101.0244827,2573.4973,5,False
10,UAV_317,38.9096565,101.0162125,2573.9812,5,False
10,UAV_318,38.8142242,101.0736923,2579.0103,4,False
10,UAV_319,38.8261528,101.0116806,2572.3989,1,False
10,UAV_320,38.7904053,101.05616,2571.3828,3,False
10,UAV_321,38.8920517,101.0647964,2574.2607,0,False
10,UAV_322,38.8104324,101.1146011,2566.8491,3,False
10,UAV_323,38.7782021,101.0145111,2571.686,1,False
10,UAV_324,38.8748474,101.0280457,2571.0317,2,False
10,UAV_325,38.799675,101.1127548,2580.4314,4,False
10,UAV_326,38.8692551,101.1277008,2574.8157,0,False
10,UAV_327,38.8885612,100.9864731,2569.9436,2,False
10,UAV_328,38.7749901,100.9765701,2572.9517,1,False
10,UAV_329,38.8057175,101.0593262,2573.7012,4,False
10,UAV_330,38.9250679,101.0034409,2574.6885,5,False
10,UAV_331,38.9242439,101.1283188,2571.772,0,False
10,UAV_332,38.8959579,101.0430908,2573.9858,5,False
10,UAV_333,38.9466591,100.9927216,2569.7361,2,False
10,UAV_334,38.8828087,101.0074005,2571.0554,2,False
10,UAV_335,38.7528267,101.0392838,2570.4692,3,False
10,UAV_336,38.7891159,101.0051422,2574.1477,1,True
10,UAV_337,38.884819,101.034256,2574.5664,5,False
10,UAV_338,38.7972145,101.0400696,2572.7361,1,False
10,UAV_339,38.784893,101.1259918,2575.8555,4,False
10,UAV_340,38.8461266,101.0046539,2571.2532,2,False
10,UAV_341,38.8230171,101.0123672,2576.6409,1,False
10,UAV_342,38.9338875,101.0486832,2575.2959,5,False
10,UAV_343,38.8198738,101.0665207,2573.3157,4,False
10,UAV_344,38.9281158,101.1267395,2573.1145,0,False
10,UAV_345,38.8277473,101.018219,2569.3813,3,False
10,UAV_346,38.886692,101.0550461,2572.3784,0,False
10,UAV_347,38.8403053,101.0356903,2568.7102,3,False
10,UAV_348,38.8295746,101.0509872,2576.6685,4,False
10,UAV_349,38.8750381,100.9861374,2568.2573,2,False
10,UAV_350,38.8030205,101.0947495,2574.269,4,False
10,UAV_351,38.9189987,101.1345291,2572.5686,0,False
10,UAV_352,38.774765,101.0328598,2574.6824,1,False
10,UAV_353,38.8132286,100.9469376,2571.1689,1,False
10,UAV_354,38.7983017,100.9835587,2573.7471,1,False
10,UAV_355,38.878746,101.0277328,2577.5139,5,False
10,UAV_356,38.8205757,101.0418167,2569.938,3,False
10,UAV_357,38.7858963,101.0422897,2576.686,4,False
10,UAV_358,38.8612137,101.0515213,2577.4507,5,False
10,UAV_359,38.7823029,100.9749374,2574.1792,1,False
10,UAV_360,38.8247871,101.1333389,2576.2048,4,False
10,UAV_361,38.8817596,101.0389938,2567.7847,2,False
10,UAV_362,38.8356361,101.0953827,2575.0684,4,False
10,UAV_363,38.8432465,101.1258621,2573.0879,0,False
10,UAV_364,38.8564529,101.0242615,2574.782,5,False
10,UAV_365,38.7810287,101.0559158,2573.1624,4,False
10,UAV_366,38.7608223,101.1151428,2568.9534,3,False
10,UAV_367,38.9052162,100.9832382,2570.5784,2,False
10,UAV_368,38.8610611,101.0662079,2572.8557,0,False
10,UAV_369,38.9238243,101.1110687,2574.6487,0,False
10,UAV_370,38.8532143,101.0267029,2572.304,2,False
10,UAV_371,38.8770027,101.0307693,2571.4846,2,False
10,UAV_372,38.8788643,101.034874,2574.1511,5,False
10,UAV_373,38.8567924,101.140892,2565.2043,3,False
10,UAV_374,38.8077126,101.0523987,2573.406,4,False
10,UAV_375,38.8079224,101.0396194,2575.7808,4,False
10,UAV_376,38.794426,101.0157852,2574.6511,1,False
10,UAV_377,38.8481712,101.0849991,2570.3491,3,False
10,UAV_378,38.8820534,101.0845947,2573.5364,0,False
10,UAV_379,38.8012772,100.999855,2577.1709,1,False
10,UAV_380,38.8307877,100.997467,2574.2625,1,False
10,UAV_381,38.847023,101.0019836,2572.3396,2,False
10,UAV_382,38.8855057,100.9425507,2573.7456,2,False
10,UAV_383,38.919529,101.0164719,2576.0398,5,False
10,UAV_384,38.8889694,100.9901581,2569.9639,2,False
10,UAV_385,38.8085594,101.0761337,2573.4272,4,False
10,UAV_386,38.846241,101.0859222,2577.5728,4,False
10,UAV_387,38.8840981,101.0671539,2569.2327,0,False
10,UAV_388,38.8054237,101.0853882,2569.8577,3,False
10,UAV_389,38.7907524,101.1115417,2574.1047,4,False
10,UAV_390,38.8238792,100.9993668,2574.4543,1,False
10,UAV_391,38.7733879,101.0741043,2575.9451,4,False
10,UAV_392,38.8026619,101.0611267,2575.6982,4,False
10,UAV_393,38.9038124,100.9907608,2571.9395,2,False
10,UAV_394,38.9465256,101.0635376,2571.7102,0,False
10,UAV_395,38.879921,100.9849167,2572.8586,2,False
10,UAV_396,38.9571381,101.0200729,2572.3765,5,False
10,UAV_397,38.8323479,101.021904,2575.5469,1,False
10,UAV_398,38.8941803,101.0814667,2570.2529,0,False
10,UAV_399,38.8594284,101.088028,2566.4092,3,False
10,UAV_400,38.8527985,101.0249329,2578.489,5,False
10,UAV_401,38.9146614,101.0192032,2570.8906,2,False
10,UAV_402,38.8527184,101.0640564,2569.1523,3,True
10,UAV_403,38.8630753,101.0776138,2570.9346,0,False
10,UAV_404,38.8881302,101.0279312,2576.3901,5,False
10,UAV_405,38.9569817,101.0298996,2580.0701,5,False
10,UAV_406,38.8552437,101.0575409,2576.6028,4,False
10,UAV_407,38.8562355,101.0496292,2573.9065,5,False
10,UAV_408,38.7995033,101.0640945,2573.5784,4,False
10,UAV_409,38.8793335,101.0176544,2578.2722,5,False
10,UAV_410,38.7772522,101.0496292,2570.4114,3,False
10,UAV_411,38.8994408,101.0492706,2572.8674,0,False
10,UAV_412,38.8131523,100.9552689,2574.386,1,False
10,UAV_413,38.8117905,101.0997162,2571.8408,3,False
10,UAV_414,38.8653984,101.0343628,2573.0537,5,False
10,UAV_415,38.8601723,100.9731522,2575.8086,5,False
10,UAV_416,38.862072,101.0184555,2575.717,5,True
10,UAV_417,38.9099197,101.1205597,2572.6638,0,False
10,UAV_418,38.9163246,100.9966965,2578.5859,5,False
10,UAV_419,38.8344231,100.9546204,2574.7026,1,False
10,UAV_420,38.8084106,101.0067902,2578.5796,1,False
10,UAV_421,38.7721596,101.0449448,2565.7971,3,False
10,UAV_422,38.8548431,100.9986725,2574.1492,1,False
10,UAV_423,38.8603973,101.0833359,2569.1697,3,False
10,UAV_424,38.7892952,100.9737167,2578.7078,1,False
10,UAV_425,38.8876762,101.0574493,2574.8069,5,False
10,UAV_426,38.8921394,101.0828705,2572.9438,0,False
10,UAV_427,38.83992,101.0340805,2573.4136,1,False
10,UAV_428,38.8289261,100.9729233,2568.4329,2,False
10,UAV_429,38.8747787,100.9985428,2576.5369,5,False
10,UAV_430,38.7720757,101.0625687,2572.1716,4,False
10,UAV_431,38.8203621,101.012001,2569.5361,3,False
10,UAV_432,38.9216347,101.0566177,2575.7275,5,False
10,UAV_433,38.9438705,101.0133438,2577.0339,5,False
10,UAV_434,38.8374672,100.9967651,2569.613,2,False
10,UAV_435,38.8327217,100.9903488,2569.9287,2,False
10,UAV_436,38.8004875,100.9893875,2569.7371,1,False
10,UAV_437,38.8960571,101.1168365,2571.8516,0,False
10,UAV_438,38.8835678,101.0103073,2575.8708,5,False
10,UAV_439,38.9576607,101.0065689,2573.1699,5,False
10,UAV_440,38.9064331,101.0291061,2578.6162,5,False
10,UAV_441,38.7750626,100.9506531,2572.5435,1,False
10,UAV_442,38.8706894,101.0171127,2567.9041,2,False
10,UAV_443,38.8819237,101.086113,2571.865,0,False
10,UAV_444,38.8263931,100.9907227,2576.0852,1,False
10,UAV_445,38.8254814,101.0145874,2575.1082,1,False
10,UAV_446,38.8786774,101.091713,2568.3586,3,False
10,UAV_447,38.9422302,101.1105347,2575.0498,0,False
10,UAV_448,38.7829247,101.0432205,2568.9043,3,False
10,UAV_449,38.8075638,101.0649567,2574.2761,4,False
10,UAV_450,38.789917,101.1050797,2573.1575,4,False
10,UAV_451,38.759079,100.9929962,2573.6462,1,False
10,UAV_452,38.873558,101.0886688,2572.4568,0,False
10,UAV_453,38.9140549,101.0306091,2570.1824,2,False
10,UAV_454,38.8285294,101.0974197,2577.6782,4,False
10,UAV_455,38.8483238,100.9859695,2576.2402,1,False
10,UAV_456,38.8110504,101.0503922,2579.0828,4,False
10,UAV_457,38.8414574,101.0441742,2568.8494,3,False
10,UAV_458,38.8638687,101.0628891,2570.7473,3,False
10,UAV_459,38.8952141,101.0023117,2569.0422,2,False
10,UAV_460,38.7798309,101.0886383,2567.4597,3,False
10,UAV_461,38.8684311,100.9672699,2568.7942,2,False
10,UAV_462,38.8336258,101.114212,2566.1433,3,False
10,UAV_463,38.7810593,100.9880066,2574.1907,1,False
10,UAV_464,38.8141861,100.9512329,2576.4607,1,False
10,UAV_465,38.8456001,100.9808731,2576.1943,1,False
10,UAV_466,38.8871193,101.0894852,2567.8101,3,False
10,UAV_467,38.8682709,101.0617676,2576.5244,5,False
10,UAV_468,38.795414,101.0084915,2569.8013,3,False
10,UAV_469,38.8451767,101.0565186,2566.1311,3,False
10,UAV_470,38.8465042,101.0629807,2575.3582,4,False
10,UAV_471,38.8057327,100.9853592,2571.761,1,False
10,UAV_472,38.8502274,101.0931778,2572.5728,0,True
10,UAV_473,38.8423615,101.0509033,2571.6062,3,False
10,UAV_474,38.8174973,100.9446945,2575.3596,1,False
10,UAV_475,38.9168282,101.0285873,2571.7573,2,False
10,UAV_476,38.9524307,101.0552826,2568.7036,0,False
10,UAV_477,38.8525581,101.0326614,2570.616,2,False
10,UAV_478,38.9049568,100.983696,2572.1162,2,False
10,UAV_479,38.8787308,101.0919724,2569.9272,0,False
10,UAV_480,38.8079872,101.0332413,2568.7717,3,False
10,UAV_481,38.8194427,100.9769135,2574.6448,1,False
10,UAV_482,38.7972374,101.082901,2577.1233,4,False
10,UAV_483,38.8992462,101.109314,2578.3926,0,False
10,UAV_484,38.813324,101.0542603,2575.3716,4,True
10,UAV_485,38.8057213,101.0333557,2572.9534,1,False
10,UAV_486,38.9009323,101.032341,2572.1165,2,False
10,UAV_487,38.9217072,101.0112,2571.6697,2,False
10,UAV_488,38.8266449,100.9842377,2572.5532,1,False
10,UAV_489,38.8205299,101.0306625,2569.5764,3,False
10,UAV_490,38.8158989,100.9758835,2574.6897,1,False
10,UAV_491,38.9327087,101.0364304,2575.0823,5,False
10,UAV_492,38.856617,101.0458145,2574.0181,5,False
10,UAV_493,38.8208771,101.0051193,2569.4075,2,False
10,UAV_494,38.8022346,100.997261,2573.8945,1,False
10,UAV_495,38.9055214,100.9655685,2569.9136,2,False
10,UAV_496,38.8243828,101.0689697,2571.1101,3,False
10,UAV_497,38.8244324,101.0277023,2572.5171,1,False
10,UAV_498,38.8005104,101.0353317,2567.3169,3,False
10,UAV_499,38.9015846,100.9752045,2572.0791,2,False
10,UAV_500,38.7963371,101.0686646,2573.2061,4,False
11,UAV_001,38.8305054,101.0946274,2568.449,4,False
11,UAV_002,38.8900185,101.0085144,2569.106,3,False
11,UAV_003,38.8953171,101.0816269,2572.5391,1,False
11,UAV_004,38.8120384,101.0012741,2571.5535,0,False
11,UAV_005,38.8170509,101.099678,2571.6028,4,False
11,UAV_006,38.8011398,101.0975037,2571.5676,4,False
11,UAV_007,38.8821373,101.1021042,2569.6204,1,False
11,UAV_008,38.8918381,101.0717163,2569.323,1,False
11,UAV_009,38.9167786,101.1036453,2571.2383,1,False
11,UAV_010,38.8444328,100.9698334,2569.0269,3,False
11,UAV_011,38.89077,101.036972,2573.7869,2,False
11,UAV_012,38.8482742,101.0545807,2576.7915,5,False
11,UAV_013,38.8585243,101.0546646,2575.7729,5,False
11,UAV_014,38.8272591,101.0195312,2574.1772,0,False
11,UAV_015,38.8794594,100.9808578,2571.7661,3,False
11,UAV_016,38.9620819,100.97966,2569.0386,3,False
11,UAV_017,38.8783112,101.030014,2571.1633,3,False
11,UAV_018,38.8358383,101.0008469,2571.8145,0,False
11,UAV_019,38.8192596,100.993042,2575.4722,0,False
11,UAV_020,38.7927017,101.0059891,2571.4478,0,False
11,UAV_021,38.9225197,101.0837097,2575.175,1,False
11,UAV_022,38.9204788,100.9789505,2577.3904,2,False
11,UAV_023,38.873085,100.9605484,2577.3938,2,False
11,UAV_024,38.8867111,101.030899,2570.3267,3,False
11,UAV_025,38.8966484,101.0097733,2577.271,2,False
11,UAV_026,38.8878059,101.0765533,2576.7493,5,False
11,UAV_027,38.8580208,101.0624466,2574.3367,5,False
11,UAV_028,38.9069214,101.1301193,2568.3953,1,False
11,UAV_029,38.8391304,101.0273361,2571.5691,3,False
11,UAV_030,38.855442,101.0215378,2574.7454,2,False
11,UAV_031,38.8619919,101.0237885,2574.6321,2,False
11,UAV_032,38.8562622,101.1019135,2567.6912,4,False
11,UAV_033,38.8856316,101.0789108,2572.3267,1,False
11,UAV_034,38.9079094,101.0427399,2574.054,2,False
11,UAV_035,38.8319168,101.0313187,2573.8152,0,False
11,UAV_036,38.930954,100.9539185,2577.2112,2,False
11,UAV_037,38.9131622,100.9958572,2577.0454,2,False
11,UAV_038,38.9099541,101.0177307,2574.7605,2,False
11,UAV_039,38.9428749,100.9925232,2572.4827,2,False
11,UAV_040,38.8266068,100.9952545,2571.5864,0,False
11,UAV_041,38.8704834,100.989624,2571.5195,3,False
11,UAV_042,38.876667,101.0532761,2573.1497,1,False
11,UAV_043,38.8789597,101.0984421,2569.2627,1,False
11,UAV_044,38.7366714,101.0339355,2570.4077,4,False
11,UAV_045,38.947567,101.0440674,2568.572,3,False
11,UAV_046,38.7736549,100.9696121,2569.6521,0,False
11,UAV_047,38.8885384,100.9933853,2567.6355,3,False
11,UAV_048,38.9155807,101.0497437,2570.2437,1,False
11,UAV_049,38.7827072,101.033638,2577.5569,5,False
11,UAV_050,38.8934708,101.0341797,2572.5139,2,False
11,UAV_051,38.8777008,101.0571518,2569.7827,3,False
11,UAV_052,38.8076935,101.0324554,2571.4248,4,False
11,UAV_053,38.9165154,101.0663147,2571.3701,1,False
11,UAV_054,38.8254089,101.0627747,2578.8699,5,False
11,UAV_055,38.7861443,101.082756,2569.2063,4,False
11,UAV_056,38.8806,101.0104294,2576.3169,2,False
11,UAV_057,38.8042221,101.0888062,2567.8401,4,False
11,UAV_058,38.824604,101.0285492,2573.0269,0,False
11,UAV_059,38.8068275,101.0720596,2569.1648,4,False
11,UAV_060,38.7879066,101.0363159,2571.2661,4,False
11,UAV_061,38.821991,101.044838,2571.7908,4,False
11,UAV_062,38.8934212,101.0697708,2574.5642,1,False
11,UAV_063,38.9077492,100.9517288,2577.7607,2,False
11,UAV_064,38.8816566,101.1210632,2574.916,1,False
11,UAV_065,38.9340172,101.010231,2576.5229,2,False
11,UAV_066,38.9201927,101.1321259,2571.165,1,False
11,UAV_067,38.8985786,100.9915619,2571.0554,3,False
11,UAV_068,38.9004173,101.039444,2574.6731,2,False
11,UAV_069,38.9327087,101.0490341,2572.156,1,False
11,UAV_070,38.7989349,101.018837,2569.2,4,False
11,UAV_071,38.8290024,101.1281281,2574.8784,5,False
11,UAV_072,38.8412437,101.0160294,2573.0071,0,False
11,UAV_073,38.8225517,101.0124512,2573.1848,0,False
11,UAV_074,38.7735634,100.9904251,2569.7805,0,False
11,UAV_075,38.8153877,100.9825897,2574.2996,0,False
11,UAV_076,38.8880386,101.0036316,2575.8994,2,False
11,UAV_077,38.8483238,101.0444946,2576.123,5,False
11,UAV_078,38.9084816,101.011322,2566.365,3,False
11,UAV_079,38.9126282,101.0463409,2569.335,3,False
11,UAV_080,38.9564438,101.1060562,2569.4412,1,False
11,UAV_081,38.7760468,100.9879761,2575.991,0,False
11,UAV_082,38.8065376,101.0704346,2571.3291,4,False
11,UAV_083,38.7362289,101.0261459,2572.5186,0,False
11,UAV_084,38.8397484,101.0710373,2577.7566,5,False
11,UAV_085,38.9063644,101.0328522,2574.2476,2,False
11,UAV_086,38.8522797,101.1024933,2571.5737,4,False
11,UAV_087,38.8465424,101.0987167,2572.8892,4,False
11,UAV_088,38.8011284,100.9707489,2573.5098,0,False
11,UAV_089,38.8636551,101.0650711,2570.7046,4,False
11,UAV_090,38.8759995,101.0206299,2574.387,2,False
11,UAV_091,38.8311729,101.0246277,2570.8655,3,False
11,UAV_092,38.8245354,100.9970703,2577.623,0,False
11,UAV_093,38.9132156,101.0056915,2576.0259,2,False
11,UAV_094,38.815258,101.023819,2572.2593,0,False
11,UAV_095,38.8541565,101.1055679,2570.4761,4,False
11,UAV_096,38.8649826,101.0687485,2574.1543,5,False
11,UAV_097,38.8113098,100.9467392,2573.9714,0,False
11,UAV_098,38.8921661,101.0624008,2576.4824,2,False
11,UAV_099,38.894516,101.0277786,2575.3984,2,False
11,UAV_100,38.910778,101.1201019,2572.1609,1,False
11,UAV_101,38.8887672,100.9892273,2573.7915,2,False
11,UAV_102,38.8109093,101.0749588,2573.8765,5,False
11,UAV_103,38.8114281,100.9957504,2576.3499,0,False
11,UAV_104,38.8001633,101.0178146,2575.8726,0,False
11,UAV_105,38.8899765,101.0099258,2568.8142,3,False
11,UAV_106,38.8963814,101.0048752,2573.0994,2,False
11,UAV_107,38.7847786,101.0732651,2571.4177,4,False
11,UAV_108,38.9460411,100.9899902,2575.9534,2,False
11,UAV_109,38.9080696,101.0456772,2576.2754,2,False
11,UAV_110,38.826889,101.0992279,2572.1433,4,False
11,UAV_111,38.851181,101.0137558,2571.78,3,False
11,UAV_112,38.7969856,100.9980087,2571.906,0,False
11,UAV_113,38.8122063,100.9845047,2576.853,0,False
11,UAV_114,38.9011688,101.0140305,2569.7976,3,False
11,UAV_115,38.8786278,101.0388947,2567.7571,3,False
11,UAV_116,38.8105392,101.0516663,2572.2644,4,False
11,UAV_117,38.8857079,100.9498825,2571.751,3,False
11,UAV_118,38.7901459,101.0241852,2575.6501,0,False
11,UAV_119,38.8193626,101.0843506,2567.7458,4,False
11,UAV_120,38.8545303,101.0677795,2573.1399,5,False
11,UAV_121,38.7880135,101.1054459,2575.7607,5,False
11,UAV_122,38.7871399,101.0374527,2569.5742,4,False
11,UAV_123,38.8809471,101.0414276,2570.9141,3,False
11,UAV_124,38.8723068,101.1215897,2579.2617,5,False
11,UAV_125,38.8400536,100.9813995,2576.4697,0,False
11,UAV_126,38.7972603,101.0314026,2572.1101,0,False
11,UAV_127,38.9167404,101.0157471,2573.4038,2,False
11,UAV_128,38.8535309,100.9752426,2570.2954,3,False
11,UAV_129,38.9041138,101.0142212,2566.7532,3,False
11,UAV_130,38.7950859,101.009903,2576.3875,0,False
11,UAV_131,38.9090271,100.9882812,2573.4358,2,False
11,UAV_132,38.8630714,100.990097,2574.0198,2,False
11,UAV_133,38.8717537,101.0611572,2574.6775,5,False
11,UAV_134,38.7531128,101.0175934,2566.0339,4,False
11,UAV_135,38.7975922,101.045105,2575.0012,5,False
11,UAV_136,38.8347359,101.0582962,2567.3284,4,False
11,UAV_137,38.8334198,100.9969559,2565.1826,3,False
11,UAV_138,38.8167648,101.0660629,2565.6736,4,False
11,UAV_139,38.8285217,101.0457306,2569.2126,4,False
11,UAV_140,38.8542595,101.0928574,2567.5828,4,False
11,UAV_141,38.8115768,101.0092239,2573.7742,0,False
11,UAV_142,38.8736687,101.0845947,2578.4741,5,False
11,UAV_143,38.8217735,100.9594727,2574.4485,0,False
11,UAV_144,38.8475418,101.0803223,2574.4072,5,False
11,UAV_145,38.8700867,101.1162491,2573.9902,1,False
11,UAV_146,38.9094124,101.0160675,2574.1382,2,False
11,UAV_147,38.9229774,100.9950409,2576.6665,2,False
11,UAV_148,38.8046265,100.9888458,2573.2856,0,False
11,UAV_149,38.805912,101.076622,2570.8979,4,False
11,UAV_150,38.7850113,101.1081772,2572.7178,4,False
11,UAV_151,38.8381386,101.1001434,2567.447,4,False
11,UAV_152,38.9013672,100.9522324,2576.9402,2,False
11,UAV_153,38.8192902,101.0853195,2573.7834,5,False
11,UAV_154,38.8381767,101.0762558,2573.6379,5,False
11,UAV_155,38.8756599,100.9839783,2575.6982,2,False
11,UAV_156,38.8457909,101.0763245,2573.1941,5,False
11,UAV_157,38.7958908,101.120903,2575.3162,5,False
11,UAV_158,38.8408241,101.0923538,2571.0139,4,False
11,UAV_159,38.8334503,101.0811844,2569.5278,4,False
11,UAV_160,38.8335991,101.0187683,2570.4883,3,False
11,UAV_161,38.947216,101.0959473,2571.3899,1,False
11,UAV_162,38.8834801,101.0237274,2569.4985,3,False
11,UAV_163,38.7545128,101.071312,2570.4351,4,False
11,UAV_164,38.7749519,100.998642,2565.9819,3,False
11,UAV_165,38.8567123,100.9817581,2577.2434,2,False
11,UAV_166,38.9057465,101.0861282,2574.947,1,False
11,UAV_167,38.9049301,101.018364,2570.2532,3,False
11,UAV_168,38.8011627,101.0953751,2572.8108,4,False
11,UAV_169,38.8908539,101.0115891,2573.7378,2,False
11,UAV_170,38.8242378,101.0710831,2577.0308,5,False
11,UAV_171,38.8641396,101.0476456,2575.5583,5,False
11,UAV_172,38.8243599,101.0551758,2575.855,5,False
11,UAV_173,38.7747993,100.9739227,2570.2744,0,False
11,UAV_174,38.8390846,101.0037384,2573.834,0,False
11,UAV_175,38.8685303,101.0939789,2573.0151,1,False
11,UAV_176,38.7868347,101.1151962,2574.0007,5,False
11,UAV_177,38.8014793,101.0892944,2575.3093,5,False
11,UAV_178,38.8842201,101.0255814,2564.8911,3,False
11,UAV_179,38.8451195,101.0248566,2570.1667,3,False
11,UAV_180,38.8638878,100.9931107,2571.7878,3,False
11,UAV_181,38.9278183,101.0142975,2568.4824,3,False
11,UAV_182,38.8582535,101.0549164,2571.8608,4,False
11,UAV_183,38.8535728,100.9727554,2569.3137,3,True
11,UAV_184,38.7383003,101.0241699,2570.6016,0,False
11,UAV_185,38.9067802,101.0370865,2570.9163,3,False
11,UAV_186,38.8646622,101.0364456,2570.3684,3,False
11,UAV_187,38.8556709,101.0983734,2574.7917,5,False
11,UAV_188,38.913868,101.0076294,2576.3103,2,False
11,UAV_189,38.7938232,100.9968643,2574.7693,0,False
11,UAV_190,38.9293442,100.9823456,2573.0894,2,False
11,UAV_191,38.8919983,100.9657974,2569.0002,3,False
11,UAV_192,38.824749,100.9786224,2573.5857,0,False
11,UAV_193,38.8097076,100.9901276,2572.238,0,False
11,UAV_194,38.8894615,101.057251,2575.2397,2,False
11,UAV_195,38.9234047,101.1570969,2574.9626,1,False
11,UAV_196,38.8925133,101.0604172,2574.0024,1,False
11,UAV_197,38.9293594,101.0300446,2574.4858,2,False
11,UAV_198,38.8073158,101.0309219,2577.2769,5,False
11,UAV_199,38.8779297,101.0391541,2572.5771,2,False
11,UAV_200,38.7718925,101.1035004,2574.709,5,False
11,UAV_201,38.9290962,101.0164032,2571.0989,3,False
11,UAV_202,38.8296852,100.9774017,2576.5037,0,False
11,UAV_203,38.8463097,101.0346375,2573.7815,5,False
11,UAV_204,38.8627357,101.0337143,2574.1907,2,False
11,UAV_205,38.7796211,101.1159592,2573.6294,4,False
11,UAV_206,38.9087372,101.0466766,2572.3611,1,False
11,UAV_207,38.8458099,101.0400925,2575.8931,5,True
11,UAV_208,38.8474312,101.0826569,2569.1814,4,False
11,UAV_209,38.8894615,101.1299362,2573.6365,1,False
11,UAV_210,38.9208031,101.0388184,2570.1677,3,False
11,UAV_211,38.7614365,100.9796753,2568.0278,0,False
11,UAV_212,38.7559776,100.9888763,2577.2212,0,False
11,UAV_213,38.8037758,101.0264435,2574.5442,0,False
11,UAV_214,38.8272324,101.0593109,2569.4299,4,False
11,UAV_215,38.8538704,101.0951385,2574.385,5,False
11,UAV_216,38.8033638,101.0042648,2570.6323,0,False
11,UAV_217,38.9612579,101.076416,2576.1655,1,False
11,UAV_218,38.8007164,100.9761887,2577.0706,0,False
11,UAV_219,38.7719269,101.0787964,2575.9871,5,False
11,UAV_220,38.8923111,101.0354385,2570.3091,3,False
11,UAV_221,38.8729172,101.0361557,2574.4595,2,False
11,UAV_222,38.8500671,101.0569687,2572.5896,4,False
11,UAV_223,38.8480034,101.0892181,2571.981,4,False
11,UAV_224,38.7794418,100.9607773,2569.6436,0,False
11,UAV_225,38.8112679,101.09198,2569.9758,4,False
11,UAV_226,38.7923546,100.9944229,2578.3086,0,False
11,UAV_227,38.8485641,101.114357,2575.5693,5,False
11,UAV_228,38.8039932,101.0569,2569.8767,4,False
11,UAV_229,38.9326591,100.9992294,2573.9626,2,False
11,UAV_230,38.812397,101.1038208,2573.2197,4,False
11,UAV_231,38.8666306,101.0434189,2576.2822,5,False
11,UAV_232,38.7732506,100.9737549,2570.5046,0,False
11,UAV_233,38.7682457,100.9929657,2572.9897,0,False
11,UAV_234,38.8635368,100.9954605,2577.5867,2,False
11,UAV_235,38.7886887,101.0028687,2574.885,0,False
11,UAV_236,38.8386078,100.9826889,2569.6128,3,False
11,UAV_237,38.8842964,101.0878372,2576.9868,5,False
11,UAV_238,38.906662,101.0884399,2572.9612,1,False
11,UAV_239,38.8245087,101.0711136,2569.3489,4,False
11,UAV_240,38.8491249,101.0319672,2573.4995,0,False
11,UAV_241,38.858654,100.9896011,2571.4023,3,False
11,UAV_242,38.7818222,101.0192261,2575.8965,0,False
11,UAV_243,38.8240585,100.9975815,2574.4998,0,False
11,UAV_244,38.7853279,101.0975723,2570.9751,4,False
11,UAV_245,38.9001312,100.979866,2571.1931,3,False
11,UAV_246,38.8989067,101.0037155,2573.1721,2,False
11,UAV_247,38.9225922,101.0630188,2573.791,1,False
11,UAV_248,38.799942,101.1040421,2570.9084,4,False
11,UAV_249,38.9229774,100.9327927,2576.0249,2,False
11,UAV_250,38.9237785,101.0254745,2573.2405,2,False
11,UAV_251,38.8473969,100.9912338,2570.1252,3,False
11,UAV_252,38.7890015,101.1328659,2576.022,5,False
11,UAV_253,38.8055,101.1187973,2570.6938,4,False
11,UAV_254,38.8745041,101.0543823,2566.5522,3,False
11,UAV_255,38.8658295,101.0333862,2565.0503,3,False
11,UAV_256,38.8994827,101.1174545,2570.6799,1,False
11,UAV_257,38.8569756,101.0752182,2570.5039,4,False
11,UAV_258,38.9034195,101.0878677,2574.5403,1,False
11,UAV_259,38.7728996,101.1133118,2574.561,5,False
11,UAV_260,38.8245201,101.0632019,2575.6614,5,False
11,UAV_261,38.8478088,101.1123734,2573.165,1,False
11,UAV_262,38.8639565,101.0595932,2570.835,4,False
11,UAV_263,38.793335,101.1371307,2572.2859,4,False
11,UAV_264,38.9175072,101.0530472,2571.1409,1,False
11,UAV_265,38.8261375,101.0519562,2578.2021,5,False
11,UAV_266,38.881218,101.103241,2570.8745,1,False
11,UAV_267,38.8821526,101.0997009,2570.5239,1,False
11,UAV_268,38.9254456,100.96772,2575.8474,2,False
11,UAV_269,38.9327202,100.9970016,2570.1702,3,False
11,UAV_270,38.8077469,101.0169144,2572.178,0,False
11,UAV_271,38.8654594,100.9980774,2571.0234,3,False
11,UAV_272,38.769455,100.9975891,2575.3706,0,False
11,UAV_273,38.8425827,101.0306015,2564.7268,3,False
11,UAV_274,38.853756,101.0200043,2573.2827,0,False
11,UAV_275,38.919651,100.9464111,2575.814,2,False
11,UAV_276,38.8002663,101.0427933,2575.4614,5,False
11,UAV_277,38.7910385,100.9939804,2573.6157,0,True
11,UAV_278,38.7915764,101.1032028,2576.1179,5,False
11,UAV_279,38.9079742,101.0903931,2574.2388,1,False
11,UAV_280,38.8491287,100.9611893,2574.2273,0,False
11,UAV_281,38.8556824,101.0613861,2571.6143,4,False
11,UAV_282,38.8422279,101.1344299,2575.7991,5,False
11,UAV_283,38.9100266,101.0916367,2571.3149,1,False
11,UAV_284,38.8980637,100.9846725,2573.9478,2,False
11,UAV_285,38.8519402,101.0824203,2570.2568,4,False
11,UAV_286,38.8182564,100.9786682,2572.4785,0,False
11,UAV_287,38.8488197,101.1159668,2569.3179,4,False
11,UAV_288,38.9079781,101.0884476,2571.5676,1,False
11,UAV_289,38.9112663,101.0820465,2574.5232,1,False
11,UAV_290,38.8070183,100.9991989,2574.0281,0,False
11,UAV_291,38.8826675,101.0235062,2575.8645,2,False
11,UAV_292,38.8621254,100.9994507,2572.2224,3,False
11,UAV_293,38.8421402,101.0993576,2575.3264,5,False
11,UAV_294,38.8382187,101.1331329,2573.4883,5,False
11,UAV_295,38.9349098,101.0943756,2574.6104,1,False
11,UAV_296,38.8402405,101.1064377,2572.4529,4,False
11,UAV_297,38.7757225,101.0058899,2572.175,0,False
11,UAV_298,38.8031578,101.0911713,2580.4492,5,False
11,UAV_299,38.7884789,101.0533676,2571.7056,4,False
11,UAV_300,38.8239784,100.9618912,2571.2756,0,False
11,UAV_301,38.7668953,101.1021881,2572.0493,4,False
11,UAV_302,38.8025932,101.1512527,2571.8855,4,False
11,UAV_303,38.8990974,101.1123505,2571.9824,1,False
11,UAV_304,38.9096146,101.0432892,2577.469,2,False
11,UAV_305,38.8623161,100.9728699,2574.1587,2,False
11,UAV_306,38.8340073,100.9996033,2562.2041,3,False
11,UAV_307,38.7741508,100.9415817,2571.9966,0,False
11,UAV_308,38.8814888,101.1148224,2572.6428,1,False
11,UAV_309,38.9155807,101.0586853,2576.4387,2,False
11,UAV_310,38.8182411,101.0036774,2571.3491,0,False
11,UAV_311,38.7644501,101.0449753,2567.0168,4,False
11,UAV_312,38.9083519,101.0505295,2569.397,3,False
11,UAV_313,38.8798065,101.0059586,2570.1863,3,False
11,UAV_314,38.9120522,100.9572601,2577.9395,2,False
11,UAV_315,38.8885002,101.027977,2571.615,3,False
11,UAV_316,38.9015884,101.0237579,2573.4033,2,False
11,UAV_317,38.9124641,101.0156326,2568.8921,3,False
11,UAV_318,38.8136406,101.0740891,2573.1606,4,False
11,UAV_319,38.8291092,101.0073853,2570.4436,3,False
11,UAV_320,38.8113136,101.043457,2576.708,5,False
11,UAV_321,38.9064331,101.0712128,2573.2971,1,False
11,UAV_322,38.8107147,101.1127853,2568.3604,4,False
11,UAV_323,38.7678986,101.0185623,2575.5366,0,False
11,UAV_324,38.8758659,101.0276642,2570.0447,3,False
11,UAV_325,38.799221,101.1129761,2575.1001,5,False
11,UAV_326,38.8690376,101.1280823,2575.1111,1,False
11,UAV_327,38.8864975,100.9873734,2572.8965,2,False
11,UAV_328,38.7597389,100.9688187,2568.8889,0,False
11,UAV_329,38.8095741,101.1092148,2569.9626,4,False
11,UAV_330,38.9244881,101.0036926,2575.9619,2,False
11,UAV_331,38.9248199,101.1270294,2570.2878,1,False
11,UAV_332,38.8968353,101.0429993,2575.5234,2,False
11,UAV_333,38.9472961,100.9921875,2574.9949,2,False
11,UAV_334,38.9121437,100.9779663,2577.0071,2,False
11,UAV_335,38.7551804,101.0374603,2568.3022,4,False
11,UAV_336,38.7932053,101.0050507,2575.832,0,False
11,UAV_337,38.8845596,101.0350494,2574.9075,2,False
11,UAV_338,38.7946777,101.0400238,2574.9451,0,False
11,UAV_339,38.7857285,101.1289978,2572.9446,4,False
11,UAV_340,38.8467216,101.0032425,2570.0508,3,False
11,UAV_341,38.819828,101.0123291,2574.6973,0,False
11,UAV_342,38.9052696,101.0888367,2574.9419,1,False
11,UAV_343,38.8378296,101.0640717,2575.3127,5,False
11,UAV_344,38.9281769,101.1270676,2573.323,1,False
11,UAV_345,38.8277626,101.0181885,2570.4709,3,False
11,UAV_346,38.8730774,101.0542297,2571.7646,1,False
11,UAV_347,38.8400116,101.0334549,2575.7693,5,False
11,UAV_348,38.8313637,101.0510483,2572.8552,4,False
11,UAV_349,38.9121819,100.9416962,2571.2844,3,False
11,UAV_350,38.8104439,101.091217,2569.2761,4,False
11,UAV_351,38.9178009,101.134819,2572.3882,1,True
11,UAV_352,38.8123856,101.0134811,2573.2261,0,False
11,UAV_353,38.811306,100.9463425,2571.6611,0,False
11,UAV_354,38.7977486,100.9836655,2572.0259,0,False
11,UAV_355,38.8785973,101.0293579,2571.9248,3,False
11,UAV_356,38.8203926,101.0413971,2575.5571,5,False
11,UAV_357,38.7518349,100.9870911,2573.5222,0,False
11,UAV_358,38.8635597,101.0533295,2573.665,5,False
11,UAV_359,38.7677307,100.9526367,2572.9026,0,False
11,UAV_360,38.8298416,101.1327896,2572.9006,4,False
11,UAV_361,38.8913116,101.0396271,2570.4414,3,False
11,UAV_362,38.8350258,101.0954056,2578.1025,5,False
11,UAV_363,38.8412514,101.1256256,2570.0085,4,False
11,UAV_364,38.8635292,101.0311432,2569.4673,3,False
11,UAV_365,38.7764816,101.0523605,2573.6587,0,False
11,UAV_366,38.7600212,101.1111755,2572.5833,4,False
11,UAV_367,38.9035759,100.9821701,2565.772,3,False
11,UAV_368,38.8631897,101.0673218,2579.6858,5,False
11,UAV_369,38.9052162,101.1128464,2578.5686,5,False
11,UAV_370,38.8531952,101.0265121,2568.304,3,False
11,UAV_371,38.8770409,101.0312042,2578.9548,2,False
11,UAV_372,38.8791008,101.0350647,2576.5417,2,False
11,UAV_373,38.855423,101.1376419,2572.3142,1,False
11,UAV_374,38.8086128,101.0523987,2572.5981,4,False
11,UAV_375,38.8081017,101.0399475,2575.9873,5,False
11,UAV_376,38.7942772,101.015686,2568.8894,4,False
11,UAV_377,38.8475304,101.0797653,2571.3938,4,False
11,UAV_378,38.8803673,101.0861435,2573.3193,1,False
11,UAV_379,38.7987595,100.999855,2573.7429,0,False
11,UAV_380,38.8328094,100.997612,2573.4089,0,False
11,UAV_381,38.847332,100.9935455,2572.4968,0,False
11,UAV_382,38.8982735,100.9329147,2574.4705,2,False
11,UAV_383,38.9195938,101.0163727,2566.7388,3,False
11,UAV_384,38.8889351,100.9898987,2567.9993,3,False
11,UAV_385,38.8057213,101.0771561,2574.3069,5,False
11,UAV_386,38.8463364,101.086441,2576.6694,5,False
11,UAV_387,38.8853683,101.0661545,2570.4312,1,False
11,UAV_388,38.8045959,101.0856857,2576.4465,5,False
11,UAV_389,38.7923889,101.1146393,2580.5198,5,False
11,UAV_390,38.8251419,100.9987183,2570.2246,3,False
11,UAV_391,38.7733154,101.0743332,2573.1567,4,False
11,UAV_392,38.8027992,101.0612717,2573.3013,4,False
11,UAV_393,38.9034195,100.9907532,2573.8347,2,False
11,UAV_394,38.9470367,101.0636292,2573.1658,1,False
11,UAV_395,38.8804321,100.9831543,2566.2473,3,False
11,UAV_396,38.9574432,101.0182343,2570.7297,3,False
11,UAV_397,38.8322182,101.0218811,2574.6055,0,False
11,UAV_398,38.893364,101.0805359,2568.9678,1,False
11,UAV_399,38.8589821,101.0858994,2567.5471,4,False
11,UAV_400,38.8523178,101.0254288,2573.6277,0,False
11,UAV_401,38.9125862,101.0181656,2572.4116,2,False
11,UAV_402,38.8519363,101.0580521,2571.4111,4,False
11,UAV_403,38.8661003,101.0762405,2569.064,4,False
11,UAV_404,38.8855934,101.0278931,2572.6228,2,False
11,UAV_405,38.9562531,101.0326157,2575.2058,2,True
11,UAV_406,38.8529663,101.0575485,2572.5105,4,False
11,UAV_407,38.8418922,101.0520706,2577.0732,5,False
11,UAV_408,38.7994652,101.0642624,2578.6599,5,False
11,UAV_409,38.8793144,101.0177917,2578.8792,2,False
11,UAV_410,38.776825,101.0499039,2572.5227,4,False
11,UAV_411,38.8987083,101.0621643,2573.9375,1,False
11,UAV_412,38.8113785,100.9560852,2580.5725,0,False
11,UAV_413,38.8112335,101.0992661,2570.2861,4,False
11,UAV_414,38.8572311,101.0135498,2570.97,3,False
11,UAV_415,38.8482552,100.9728241,2571.9429,0,False
11,UAV_416,38.8592567,101.0184479,2574.0049,2,False
11,UAV_417,38.9105301,101.1207504,2577.5146,1,False
11,UAV_418,38.9185982,101.0001984,2575.8203,2,False
11,UAV_419,38.8390923,100.9545059,2577.832,0,False
11,UAV_420,38.8060074,101.0067673,2575.8635,0,False
11,UAV_421,38.7701263,101.0449448,2573.9656,0,False
11,UAV_422,38.8550568,100.9974594,2573.6951,0,False
11,UAV_423,38.8619347,101.0823975,2569.6091,4,False
11,UAV_424,38.7823677,100.9728699,2575.0737,0,False
11,UAV_425,38.8876877,101.0578461,2574.7026,1,False
11,UAV_426,38.8757477,101.0820999,2571.7603,1,False
11,UAV_427,38.8401794,101.0342865,2574.8569,5,False
11,UAV_428,38.8300247,100.9714127,2570.0339,3,False
11,UAV_429,38.8691902,101.0017319,2570.4597,3,False
11,UAV_430,38.7703819,101.0621262,2568.1128,4,False
11,UAV_431,38.8180771,101.0117874,2566.501,3,False
11,UAV_432,38.9356003,101.0683975,2570.1997,1,False
11,UAV_433,38.9489975,101.0131683,2576.6169,2,False
11,UAV_434,38.8377724,100.9949036,2571.353,0,False
11,UAV_435,38.8329124,100.9886093,2570.8994,0,False
11,UAV_436,38.7962303,100.9936371,2577.0332,0,False
11,UAV_437,38.8950386,101.1174927,2576.3721,1,False
11,UAV_438,38.8818741,101.0099564,2571.7415,3,False
11,UAV_439,38.955658,101.0061035,2564.1204,3,False
11,UAV_440,38.9093285,101.0300751,2571.896,3,False
11,UAV_441,38.7749748,100.9561768,2576.7104,0,False
11,UAV_442,38.8687782,101.0156479,2565.4807,3,False
11,UAV_443,38.9588585,101.0898361,2571.9187,1,False
11,UAV_444,38.8238602,100.9906845,2578.5542,0,False
11,UAV_445,38.8233681,101.0124054,2568.4197,3,False
11,UAV_446,38.8779755,101.0909195,2566.0757,4,False
11,UAV_447,38.9377174,101.1127548,2572.7295,1,False
11,UAV_448,38.7820663,101.0427704,2573.1597,0,False
11,UAV_449,38.8075981,101.0649414,2573.5422,5,False
11,UAV_450,38.793335,101.0990753,2571.762,4,False
11,UAV_451,38.7609863,100.9916382,2569.677,0,False
11,UAV_452,38.8729782,101.0888214,2570.8633,1,False
11,UAV_453,38.9163284,101.0310593,2575.5186,2,False
11,UAV_454,38.8369751,101.097374,2574.5349,5,False
11,UAV_455,38.8459206,100.985939,2573.1008,0,False
11,UAV_456,38.8126945,101.0508118,2577.0149,5,False
11,UAV_457,38.8418999,101.0438004,2571.2332,4,False
11,UAV_458,38.8620033,101.0609436,2569.5278,4,False
11,UAV_459,38.8945618,101.0023499,2573.2146,2,False
11,UAV_460,38.7775002,101.0879593,2570.3103,4,False
11,UAV_461,38.8684921,100.9658127,2568.5825,3,False
11,UAV_462,38.8294067,101.110939,2572.7908,4,False
11,UAV_463,38.7805138,100.988945,2572.8162,0,False
11,UAV_464,38.8764648,101.0261383,2573.489,2,False
11,UAV_465,38.8453255,100.9793549,2573.894,0,False
11,UAV_466,38.8894424,101.0850067,2569.3386,1,False
11,UAV_467,38.8645248,101.0210571,2568.9119,3,False
11,UAV_468,38.8269501,101.0426712,2574.4719,5,False
11,UAV_469,38.8451042,101.0562134,2570.5479,4,True
11,UAV_470,38.8465385,101.0628204,2571.7205,4,False
11,UAV_471,38.8065605,100.9848175,2574.0269,0,False
11,UAV_472,38.8639412,101.0898056,2571.8625,1,False
11,UAV_473,38.8479271,101.0553436,2573.8745,5,False
11,UAV_474,38.8187714,100.9458389,2572.9624,0,False
11,UAV_475,38.917572,101.0283508,2576.7319,2,False
11,UAV_476,38.9510078,101.0538864,2569.2986,1,False
11,UAV_477,38.8480377,101.0332642,2572.1997,4,False
11,UAV_478,38.9041214,100.9841919,2568.658,3,False
11,UAV_479,38.8791199,101.0902786,2569.3101,1,False
11,UAV_480,38.813343,101.0339737,2575.4658,5,False
11,UAV_481,38.8196144,100.9768753,2575.3674,0,False
11,UAV_482,38.7953949,101.0846939,2579.7307,5,False
11,UAV_483,38.8997002,101.1099777,2574.3774,1,False
11,UAV_484,38.8099403,101.0542221,2573.1904,4,False
11,UAV_485,38.805275,101.0321884,2573.0059,0,False
11,UAV_486,38.9017754,101.0323639,2574.1436,2,False
11,UAV_487,38.9204941,101.0113373,2575.9319,2,False
11,UAV_488,38.837719,100.9799423,2574.2356,0,False
11,UAV_489,38.8210945,101.0295792,2570.9282,4,False
11,UAV_490,38.8087502,100.975975,2572.9836,0,False
11,UAV_491,38.9315224,101.0370789,2573.239,2,False
11,UAV_492,38.8555984,101.0457916,2577.2422,5,False
11,UAV_493,38.7991447,101.0061722,2572.656,0,False
11,UAV_494,38.8012581,100.9975357,2568.9492,0,False
11,UAV_495,38.9106827,100.9653015,2568.6873,3,False
11,UAV_496,38.8234444,101.0654144,2569.7441,4,False
11,UAV_497,38.8221169,101.0270615,2574.2808,0,False
11,UAV_498,38.8011627,101.0335007,2569.2314,4,False
11,UAV_499,38.8992882,100.9751816,2569.4551,3,False
11,UAV_500,38.7961731,101.0716934,2572.9761,4,False
12,UAV_001,38.8304787,101.0940552,2570.7212,2,False
12,UAV_002,38.8897438,101.0063477,2575.1726,4,False
12,UAV_003,38.8955078,101.0797119,2567.3718,2,False
12,UAV_004,38.8100967,101.0012665,2579.4106,3,False
12,UAV_005,38.8169937,101.0996094,2568.0405,1,False
12,UAV_006,38.7947006,101.0969238,2574.9092,0,False
12,UAV_007,38.8827209,101.1012039,2572.1963,2,False
12,UAV_008,38.8904877,101.0708923,2572.825,2,False
12,UAV_009,38.9165916,101.1034775,2569.7974,2,False
12,UAV_010,38.844677,100.9660568,2569.6082,5,True
12,UAV_011,38.8918724,101.0368958,2578.0454,4,False
12,UAV_012,38.8694763,101.0524521,2573.0459,2,False
12,UAV_013,38.8578529,101.0548782,2575.1826,0,False
12,UAV_014,38.8207054,101.0145874,2571.1519,1,False
12,UAV_015,38.8796196,100.979454,2570.085,5,False
12,UAV_016,38.9627419,100.9788208,2573.1311,4,False
12,UAV_017,38.8764534,101.0293121,2572.78,5,False
12,UAV_018,38.8381844,100.999527,2568.3352,5,False
12,UAV_019,38.8517265,100.9819794,2577.1387,3,False
12,UAV_020,38.7944832,101.0023804,2570.0964,1,True
12,UAV_021,38.9179497,101.0977554,2575.0889,2,False
12,UAV_022,38.9154472,100.9818192,2578.2017,4,False
12,UAV_023,38.8728142,100.9600906,2571.0222,5,False
12,UAV_024,38.8847198,101.0308685,2574.2395,4,False
12,UAV_025,38.8950386,101.0107574,2578.8464,4,False
12,UAV_026,38.8898849,101.0773392,2578.9832,0,False
12,UAV_027,38.8645744,101.0608902,2570.9331,2,False
12,UAV_028,38.9060097,101.1289749,2568.7507,2,False
12,UAV_029,38.837944,101.0291214,2571.3364,1,False
12,UAV_030,38.8538589,101.021843,2572.3457,5,False
12,UAV_031,38.860981,101.0244141,2576.6863,3,False
12,UAV_032,38.8561592,101.0997849,2570.4995,2,False
12,UAV_033,38.8854904,101.0791016,2572.1182,2,False
12,UAV_034,38.9070358,101.0432968,2573.1101,4,False
12,UAV_035,38.8318596,101.0314407,2576.9204,3,False
12,UAV_036,38.9310417,100.9609604,2575.0427,4,False
12,UAV_037,38.9159012,100.9950027,2574.051,4,False
12,UAV_038,38.9089394,101.0183716,2574.5688,4,False
12,UAV_039,38.9444923,100.9926376,2571.6167,4,False
12,UAV_040,38.834446,100.9901199,2572.583,3,False
12,UAV_041,38.8690872,100.9883041,2568.4841,5,False
12,UAV_042,38.8814583,101.0505219,2567.9792,5,False
12,UAV_043,38.8806725,101.0969543,2571.1824,2,False
12,UAV_044,38.7363281,101.0301056,2572.9858,1,False
12,UAV_045,38.9479485,101.0424347,2570.5784,5,False
12,UAV_046,38.7760887,100.968956,2567.3635,1,False
12,UAV_047,38.887764,100.9926605,2568.5168,5,False
12,UAV_048,38.9106827,101.0482178,2569.3706,5,False
12,UAV_049,38.7817955,101.0352859,2573.2683,1,False
12,UAV_050,38.8936958,101.0340042,2571.4431,5,False
12,UAV_051,38.8811531,101.0573959,2573.4543,2,False
12,UAV_052,38.8039513,101.0313721,2570.5708,1,False
12,UAV_053,38.9168625,101.0690613,2574.2544,2,False
12,UAV_054,38.8253555,101.0629425,2576.1079,0,False
12,UAV_055,38.7863159,101.081749,2567.8223,1,False
12,UAV_056,38.8843422,101.0123215,2574.6624,4,False
12,UAV_057,38.8036423,101.0874405,2575.3066,0,False
12,UAV_058,38.8241196,101.0285492,2573.6785,3,False
12,UAV_059,38.8027458,101.0289612,2567.2139,1,False
12,UAV_060,38.7865067,101.0341644,2569.6172,1,False
12,UAV_061,38.8263054,101.0453415,2571.8916,1,False
12,UAV_062,38.8890152,101.073616,2574.594,2,False
12,UAV_063,38.91259,100.9525375,2576.5208,4,False
12,UAV_064,38.8798332,101.1221161,2576.2173,0,False
12,UAV_065,38.9301567,101.0128708,2574.0481,4,False
12,UAV_066,38.9208107,101.1310501,2570.6768,2,False
12,UAV_067,38.9158783,100.9940643,2574.9089,4,True
12,UAV_068,38.8982086,101.0386276,2566.7842,5,False
12,UAV_069,38.934967,101.0511246,2573.7043,4,False
12,UAV_070,38.7983704,101.0193024,2573.7102,3,False
12,UAV_071,38.8283272,101.1283951,2576.5637,0,False
12,UAV_072,38.8435707,101.0151443,2570.4451,5,False
12,UAV_073,38.8201485,101.0124283,2576.4395,3,False
12,UAV_074,38.7789001,100.9843521,2573.4475,3,False
12,UAV_075,38.8150101,100.9827271,2576.6804,3,False
12,UAV_076,38.8881531,101.0060806,2576.0171,4,False
12,UAV_077,38.8077545,101.1178818,2570.168,2,False
12,UAV_078,38.908535,101.0113144,2573.8596,4,False
12,UAV_079,38.9123077,101.0466995,2571.4587,2,False
12,UAV_080,38.9569664,101.1046829,2568.219,2,False
12,UAV_081,38.7844048,100.9878387,2571.7134,1,False
12,UAV_082,38.8052025,101.0702209,2569.0923,1,False
12,UAV_083,38.7363091,101.0243988,2571.7769,1,False
12,UAV_084,38.8377914,101.0710373,2574.5593,0,False
12,UAV_085,38.9035416,101.0328293,2577.5276,4,False
12,UAV_086,38.8560715,101.0931854,2574.7056,0,False
12,UAV_087,38.8438721,101.1000671,2571.269,2,False
12,UAV_088,38.8094826,100.9706497,2573.2876,3,False
12,UAV_089,38.8626328,101.064888,2572.0891,2,False
12,UAV_090,38.8760376,101.0209122,2576.074,4,False
12,UAV_091,38.830925,101.024498,2572.3828,3,False
12,UAV_092,38.8246231,100.9970703,2577.0288,3,False
12,UAV_093,38.9271622,100.9908524,2570.8118,5,False
12,UAV_094,38.8146172,101.0217514,2566.2173,1,False
12,UAV_095,38.8541374,101.1057205,2572.0972,2,False
12,UAV_096,38.8645859,101.0684509,2572.7498,2,False
12,UAV_097,38.8001213,100.9786911,2575.7629,3,False
12,UAV_098,38.8851738,101.0478516,2572.3674,2,False
12,UAV_099,38.895771,101.0277328,2574.2542,4,False
12,UAV_100,38.9097443,101.1189804,2570.041,2,False
12,UAV_101,38.8862534,100.989212,2577.5159,4,False
12,UAV_102,38.8099785,101.0759506,2572.5347,0,False
12,UAV_103,38.8181686,101.019577,2575.5481,3,False
12,UAV_104,38.8000107,101.0180511,2578.5239,3,False
12,UAV_105,38.8904724,101.008522,2568.1101,5,False
12,UAV_106,38.8972816,101.0038986,2570.644,5,False
12,UAV_107,38.7851524,101.0733643,2570.7063,1,False
12,UAV_108,38.946743,100.9891815,2569.4077,5,False
12,UAV_109,38.9058876,101.0456696,2577.7253,4,False
12,UAV_110,38.8272743,101.0981064,2571.0073,2,False
12,UAV_111,38.848465,101.0218582,2571.2654,5,False
12,UAV_112,38.8143845,101.0356827,2578.4324,3,False
12,UAV_113,38.799572,100.986618,2578.0491,3,False
12,UAV_114,38.8997993,101.0133057,2569.3926,5,False
12,UAV_115,38.8786736,101.0387344,2572.7961,2,False
12,UAV_116,38.8092384,101.0475159,2572.3552,1,False
12,UAV_117,38.8848686,100.9479294,2570.3623,5,False
12,UAV_118,38.7928391,101.0238724,2574.396,3,False
12,UAV_119,38.8180046,101.0821381,2568.7351,1,False
12,UAV_120,38.8544388,101.0680847,2573.1428,2,False
12,UAV_121,38.7874985,101.1057587,2575.2437,0,False
12,UAV_122,38.7869987,101.0373459,2570.6929,1,False
12,UAV_123,38.8797722,101.0398254,2570.8113,5,False
12,UAV_124,38.8729553,101.1215897,2572.6558,2,False
12,UAV_125,38.8419037,100.9815826,2575.5728,3,False
12,UAV_126,38.7973518,101.0300598,2569.2451,1,False
12,UAV_127,38.9162674,101.0159149,2570.2393,5,False
12,UAV_128,38.8539124,100.9746552,2569.2207,5,False
12,UAV_129,38.9089584,101.012352,2569.4907,5,False
12,UAV_130,38.7944183,101.0107956,2576.2725,3,False
12,UAV_131,38.9074669,100.9867249,2569.1924,5,False
12,UAV_132,38.8838615,100.9499435,2573.8833,4,False
12,UAV_133,38.8721352,101.059494,2570.1306,2,False
12,UAV_134,38.7525597,101.0165863,2569.0059,1,False
12,UAV_135,38.7962189,101.044632,2576.3789,0,False
12,UAV_136,38.8343277,101.0572586,2567.7036,1,False
12,UAV_137,38.8339195,100.9960938,2565.4004,5,False
12,UAV_138,38.8164749,101.0653152,2569.6787,1,False
12,UAV_139,38.8269463,101.0450821,2570.1545,1,False
12,UAV_140,38.854084,101.0910873,2567.9382,2,False
12,UAV_141,38.8110046,101.0071182,2566.0117,1,False
12,UAV_142,38.8732185,101.0870972,2575.6328,0,False
12,UAV_143,38.8188591,100.9613037,2575.624,3,False
12,UAV_144,38.8472939,101.0802917,2570.666,2,False
12,UAV_145,38.8695526,101.1147766,2569.917,2,False
12,UAV_146,38.923645,101.0191269,2576.1301,4,False
12,UAV_147,38.9224701,100.9950867,2573.4434,4,False
12,UAV_148,38.8048592,100.9890518,2576.1724,3,False
12,UAV_149,38.8035126,101.0766296,2573.989,0,False
12,UAV_150,38.7844315,101.1084137,2577.6938,0,False
12,UAV_151,38.8247795,101.0954742,2573.0098,0,False
12,UAV_152,38.8942184,100.9522934,2575.5928,4,False
12,UAV_153,38.828804,101.0864029,2576.5173,0,False
12,UAV_154,38.8281631,101.0762863,2574.8855,0,False
12,UAV_155,38.8769569,100.9802399,2573.1838,4,False
12,UAV_156,38.8388405,101.074852,2571.4602,2,False
12,UAV_157,38.7955246,101.1215363,2576.0374,0,False
12,UAV_158,38.8415184,101.091835,2568.9426,2,False
12,UAV_159,38.8340454,101.0808945,2567.3792,1,False
12,UAV_160,38.8324394,101.0152359,2571.3181,1,False
12,UAV_161,38.9458771,101.0945511,2575.1172,2,False
12,UAV_162,38.8829308,101.0216064,2571.8489,5,False
12,UAV_163,38.7524567,101.0692062,2570.4685,1,False
12,UAV_164,38.7746887,100.9973907,2566.9617,1,False
12,UAV_165,38.8527222,100.9787979,2573.8689,3,False
12,UAV_166,38.9029388,101.0861435,2575.907,2,False
12,UAV_167,38.9057007,101.0181732,2571.865,5,False
12,UAV_168,38.7991905,101.0953674,2576.4202,0,False
12,UAV_169,38.8880234,101.0115662,2573.5393,4,False
12,UAV_170,38.8291588,101.0739517,2571.845,2,False
12,UAV_171,38.8642693,101.0475998,2574.8174,4,False
12,UAV_172,38.8231544,101.0544815,2570.1382,1,False
12,UAV_173,38.774704,100.9735336,2571.3333,1,False
12,UAV_174,38.839222,101.004158,2574.885,3,False
12,UAV_175,38.8676796,101.0944901,2570.7253,2,False
12,UAV_176,38.7870979,101.1152039,2575.1838,0,False
12,UAV_177,38.80196,101.0892563,2574.0559,0,False
12,UAV_178,38.8838959,101.0233841,2567.3232,5,False
12,UAV_179,38.8431282,101.024025,2574.4153,3,False
12,UAV_180,38.8634453,100.9935532,2572.5237,5,False
12,UAV_181,38.9267616,101.0125656,2569.4475,5,False
12,UAV_182,38.8584213,101.054718,2567.9595,5,False
12,UAV_183,38.85355,100.970665,2566.406,5,False
12,UAV_184,38.7371941,101.0207291,2573.0488,1,False
12,UAV_185,38.9058304,101.0350571,2566.6018,5,False
12,UAV_186,38.865303,101.035408,2566.4961,5,False
12,UAV_187,38.8563385,101.0969772,2569.6404,2,False
12,UAV_188,38.9142151,101.0076218,2572.9358,4,False
12,UAV_189,38.7924652,100.9968796,2574.1697,3,False
12,UAV_190,38.9260902,100.984581,2575.6362,4,False
12,UAV_191,38.8912048,100.9659729,2575.9312,4,False
12,UAV_192,38.8178978,100.9854736,2576.7571,3,False
12,UAV_193,38.8061066,100.9877319,2569.1025,1,False
12,UAV_194,38.8871689,101.0572357,2576.0981,4,False
12,UAV_195,38.8908272,101.0904007,2569.9724,2,False
12,UAV_196,38.9553528,101.1357422,2572.2954,2,False
12,UAV_197,38.928894,101.0303192,2576.2234,4,False
12,UAV_198,38.807373,101.0306625,2574.0315,3,False
12,UAV_199,38.8774948,101.0393829,2571.7866,5,False
12,UAV_200,38.7704964,101.1029434,2571.8262,0,False
12,UAV_201,38.9239311,101.0153961,2572.875,4,False
12,UAV_202,38.7980537,101.0120087,2571.2644,1,False
12,UAV_203,38.8451004,101.0346527,2573.97,3,False
12,UAV_204,38.8603134,101.0366821,2573.5303,3,False
12,UAV_205,38.7787628,101.1165619,2575.894,0,True
12,UAV_206,38.9082603,101.0458755,2570.114,5,False
12,UAV_207,38.846302,101.0400925,2574.8848,3,False
12,UAV_208,38.8475685,101.0821381,2573.4978,2,False
12,UAV_209,38.8739777,101.0755005,2567.5779,2,False
12,UAV_210,38.9213943,101.0378952,2569.2156,5,False
12,UAV_211,38.7389145,100.9392395,2569.5093,1,False
12,UAV_212,38.7544785,100.9913788,2578.9734,3,False
12,UAV_213,38.8140221,101.0281525,2576.0469,3,False
12,UAV_214,38.8272591,101.0593567,2572.4026,1,False
12,UAV_215,38.8583298,101.0948181,2571.6045,2,False
12,UAV_216,38.8016777,101.0018234,2567.9758,1,False
12,UAV_217,38.9350433,101.1057663,2575.835,2,False
12,UAV_218,38.7935524,100.9762726,2575.7117,3,False
12,UAV_219,38.7718506,101.0790176,2579.1536,0,False
12,UAV_220,38.8923454,101.0352097,2567.3293,5,False
12,UAV_221,38.8729668,101.0364227,2576.9624,4,False
12,UAV_222,38.8517647,101.0574265,2576.895,0,False
12,UAV_223,38.8463326,101.0883331,2569.2483,2,False
12,UAV_224,38.7814331,100.9566956,2571.2229,1,False
12,UAV_225,38.8379974,101.1348495,2574.9502,0,False
12,UAV_226,38.7935066,100.9966507,2573.2009,3,False
12,UAV_227,38.8484077,101.1146927,2574.8381,0,False
12,UAV_228,38.808445,101.0565262,2573.6934,0,False
12,UAV_229,38.9264336,100.9992828,2580.8147,4,False
12,UAV_230,38.820755,101.1037674,2575.2776,0,False
12,UAV_231,38.8666267,101.0493393,2572.9187,2,False
12,UAV_232,38.7760315,100.9726028,2570.5916,1,False
12,UAV_233,38.768219,100.992012,2568.3423,1,False
12,UAV_234,38.8614388,100.9954453,2573.3181,3,False
12,UAV_235,38.7922935,101.0038757,2573.5889,3,False
12,UAV_236,38.8407936,100.979454,2569.4131,5,False
12,UAV_237,38.8841362,101.0978622,2572.8,2,False
12,UAV_238,38.9058304,101.0864868,2570.4841,2,False
12,UAV_239,38.826004,101.0702057,2569.7859,1,False
12,UAV_240,38.847805,101.0334015,2569.3801,5,False
12,UAV_241,38.858242,100.9874344,2570.8333,5,False
12,UAV_242,38.7812157,101.0197525,2573.0745,1,False
12,UAV_243,38.8234177,100.9978333,2576.8882,3,False
12,UAV_244,38.785778,101.0963974,2567.2197,1,False
12,UAV_245,38.9018669,100.9730301,2572.2026,4,False
12,UAV_246,38.8957176,101.0037079,2577.7378,4,False
12,UAV_247,38.9235268,101.0630569,2575.3936,4,False
12,UAV_248,38.8047562,101.0998154,2572.208,0,False
12,UAV_249,38.9278145,100.9355774,2571.7349,4,False
12,UAV_250,38.9381523,100.9973068,2574.4512,4,False
12,UAV_251,38.8481789,100.9905243,2570.4609,5,False
12,UAV_252,38.7874031,101.1330719,2571.7322,0,False
12,UAV_253,38.8045845,101.115654,2567.554,1,False
12,UAV_254,38.8743553,101.0535202,2569.0947,5,False
12,UAV_255,38.8646049,101.0312195,2569.4321,5,False
12,UAV_256,38.8992119,101.1170883,2568.7241,2,False
12,UAV_257,38.8564148,101.0755234,2573.6902,2,False
12,UAV_258,38.8580971,101.0643845,2569.9255,2,False
12,UAV_259,38.7684708,101.1186676,2573.9343,0,False
12,UAV_260,38.8242569,101.0634232,2580.9849,0,False
12,UAV_261,38.8404732,101.1158371,2579.7017,0,False
12,UAV_262,38.8685455,101.0549774,2567.2102,5,False
12,UAV_263,38.7931786,101.1378174,2580.03,0,False
12,UAV_264,38.9166298,101.0545197,2576.9958,4,False
12,UAV_265,38.8282242,101.0549774,2574.3936,0,False
12,UAV_266,38.8805542,101.1027985,2572.1113,2,False
12,UAV_267,38.8823814,101.0994949,2571.3804,2,False
12,UAV_268,38.9250221,100.9678116,2572.7075,4,False
12,UAV_269,38.9311447,100.9959488,2569.0637,5,False
12,UAV_270,38.8071785,101.016243,2572.4028,1,False
12,UAV_271,38.8654175,100.9978943,2572.3887,5,False
12,UAV_272,38.7769814,100.9974899,2574.1807,3,False
12,UAV_273,38.8430214,101.0301971,2565.3787,5,False
12,UAV_274,38.8531075,101.0204391,2576.8892,3,False
12,UAV_275,38.9169426,100.9478149,2574.8206,4,False
12,UAV_276,38.8009148,101.0461426,2571.157,1,False
12,UAV_277,38.7898598,100.9931564,2567.0361,1,False
12,UAV_278,38.7917519,101.1026611,2568.895,1,False
12,UAV_279,38.9054337,101.090332,2569.7974,2,False
12,UAV_280,38.8462601,100.9629974,2578.4556,3,False
12,UAV_281,38.8574333,101.0568161,2571.6235,2,False
12,UAV_282,38.8383026,101.1362,2577.0491,0,False
12,UAV_283,38.9092178,101.0919113,2572.2415,2,False
12,UAV_284,38.9000473,100.9866257,2575.1926,4,False
12,UAV_285,38.8511047,101.0828171,2576.3071,0,False
12,UAV_286,38.8097038,100.9779129,2574.0913,3,False
12,UAV_287,38.848114,101.115387,2572.428,2,False
12,UAV_288,38.9076805,101.0886993,2575.1904,2,False
12,UAV_289,38.9164314,101.0851212,2573.759,2,False
12,UAV_290,38.7951126,100.9878159,2571.1287,1,False
12,UAV_291,38.8598824,101.0914383,2574.0889,2,False
12,UAV_292,38.8612328,101.0000076,2579.0496,3,False
12,UAV_293,38.8438873,101.1021194,2575.9485,0,False
12,UAV_294,38.8385925,101.1336899,2575.0474,0,False
12,UAV_295,38.9027977,101.0935974,2571.8879,2,False
12,UAV_296,38.8404427,101.1062775,2571.7773,2,False
12,UAV_297,38.7765999,101.0041199,2572.6167,1,False
12,UAV_298,38.7972145,101.106842,2576.7021,0,False
12,UAV_299,38.7880173,101.0536728,2573.0037,1,False
12,UAV_300,38.8243332,100.9617004,2573.5789,3,False
12,UAV_301,38.7715454,101.0818024,2567.0801,1,False
12,UAV_302,38.8009148,101.1516495,2577.4397,0,False
12,UAV_303,38.8996582,101.1111069,2568.9709,2,False
12,UAV_304,38.9079323,101.0442886,2576.2786,4,False
12,UAV_305,38.8621025,100.9731674,2574.1279,3,False
12,UAV_306,38.8354187,100.9991837,2571.2002,5,False
12,UAV_307,38.7957878,100.9320526,2571.0588,3,False
12,UAV_308,38.8798561,101.1144943,2573.1812,2,False
12,UAV_309,38.9133377,101.0599289,2575.5396,4,False
12,UAV_310,38.8162956,100.999588,2572.7917,3,False
12,UAV_311,38.7631645,101.0430908,2566.3203,1,False
12,UAV_312,38.9078712,101.0495834,2568.6428,5,False
12,UAV_313,38.8818359,101.007431,2572.5298,5,False
12,UAV_314,38.9098587,100.9572525,2572.0557,4,False
12,UAV_315,38.8277321,101.018631,2571.8264,1,False
12,UAV_316,38.9033699,101.0232697,2571.4055,5,False
12,UAV_317,38.9153938,101.0152588,2572.3789,4,False
12,UAV_318,38.8130684,101.07444,2568.793,1,False
12,UAV_319,38.8341293,101.0037994,2572.3796,3,False
12,UAV_320,38.8303566,101.0311813,2575.4741,3,False
12,UAV_321,38.9265442,101.0597382,2571.5771,2,False
12,UAV_322,38.8112259,101.1109695,2569.5281,2,False
12,UAV_323,38.796524,101.0748596,2574.468,0,False
12,UAV_324,38.876915,101.027298,2570.5066,5,False
12,UAV_325,38.7988396,101.1131668,2575.6614,0,False
12,UAV_326,38.8687935,101.1284103,2572.7598,2,False
12,UAV_327,38.8846092,100.9885025,2578.0823,4,False
12,UAV_328,38.7507858,101.027916,2573.9009,1,False
12,UAV_329,38.7467918,101.1343155,2572.7847,0,False
12,UAV_330,38.9239426,101.0038986,2575.7302,4,False
12,UAV_331,38.9253273,101.1256561,2573.9912,2,False
12,UAV_332,38.8979454,101.0430527,2570.3003,5,False
12,UAV_333,38.9481621,100.9915848,2573.01,4,False
12,UAV_334,38.9327774,100.9593887,2572.1814,4,False
12,UAV_335,38.7579041,101.0358353,2572.3918,1,False
12,UAV_336,38.7972908,101.0049744,2577.6074,3,False
12,UAV_337,38.8837318,101.0353775,2569.5435,5,False
12,UAV_338,38.79216,101.0400009,2571.9258,1,False
12,UAV_339,38.7870178,101.1318665,2576.9761,0,False
12,UAV_340,38.8473663,101.0018311,2571.4885,5,False
12,UAV_341,38.8166122,101.0123978,2575.1826,3,False
12,UAV_342,38.860714,101.1285629,2573.2275,2,False
12,UAV_343,38.8572617,101.0647812,2573.0232,2,False
12,UAV_344,38.9282608,101.1273499,2574.3972,2,False
12,UAV_345,38.8277702,101.0181732,2573.5884,3,False
12,UAV_346,38.8642616,101.0493698,2577.0667,0,False
12,UAV_347,38.8396072,101.0312729,2570.8728,1,False
12,UAV_348,38.8335686,101.0512543,2571.9988,1,False
12,UAV_349,38.9489021,100.9210434,2573.6128,4,False
12,UAV_350,38.8194962,101.0893173,2571.0239,2,False
12,UAV_351,38.9165764,101.1350327,2573.9119,2,False
12,UAV_352,38.8292236,101.0795288,2573.8931,0,False
12,UAV_353,38.8091812,100.946228,2574.2871,3,False
12,UAV_354,38.7970695,100.9837952,2574.021,3,False
12,UAV_355,38.8786545,101.0309753,2574.5171,4,False
12,UAV_356,38.8202057,101.0409546,2572.0337,1,False
12,UAV_357,38.7316513,100.9821701,2571.6736,1,False
12,UAV_358,38.8654976,101.0552597,2575.6489,0,False
12,UAV_359,38.7713966,101.0088196,2573.7368,3,False
12,UAV_360,38.834507,101.1311111,2579.3369,0,False
12,UAV_361,38.8995323,101.0435333,2578.0366,4,False
12,UAV_362,38.834343,101.0954514,2569.5161,2,False
12,UAV_363,38.8392601,101.1253281,2574.3486,0,False
12,UAV_364,38.8672218,101.0399628,2573.1567,2,False
12,UAV_365,38.7744522,101.0482635,2571.282,1,False
12,UAV_366,38.761673,101.107193,2565.2937,1,False
12,UAV_367,38.9017181,100.981575,2568.9333,5,False
12,UAV_368,38.8654556,101.0679855,2572.9553,2,False
12,UAV_369,38.8902473,101.1081161,2569.3208,2,False
12,UAV_370,38.8534546,101.0262299,2567.3843,5,False
12,UAV_371,38.8772659,101.0309372,2568.1108,5,False
12,UAV_372,38.8792381,101.0353012,2576.0051,4,False
12,UAV_373,38.8543243,101.1342773,2571.8716,2,False
12,UAV_374,38.8094254,101.0523911,2573.1155,1,False
12,UAV_375,38.8084412,101.0399399,2572.4731,1,False
12,UAV_376,38.7942467,101.0156097,2570.9951,1,False
12,UAV_377,38.8490105,101.0745468,2571.6545,2,True
12,UAV_378,38.878891,101.0877914,2570.186,2,False
12,UAV_379,38.7962265,100.9998474,2568.6504,1,False
12,UAV_380,38.8345413,100.997673,2572.3218,3,False
12,UAV_381,38.8503075,100.9857788,2567.0588,5,False
12,UAV_382,38.8991814,100.9361877,2575.5754,4,False
12,UAV_383,38.9197464,101.0162811,2569.9658,5,False
12,UAV_384,38.8888969,100.9896545,2571.6414,5,False
12,UAV_385,38.8028412,101.0789566,2569.1543,1,False
12,UAV_386,38.8465767,101.0867386,2569.4128,2,False
12,UAV_387,38.8868141,101.0653076,2570.0002,2,False
12,UAV_388,38.8039894,101.0860672,2578.4905,0,False
12,UAV_389,38.794487,101.1174469,2574.5793,0,False
12,UAV_390,38.8264236,100.9981232,2568.9673,1,False
12,UAV_391,38.7732773,101.0746231,2571.625,1,False
12,UAV_392,38.8027344,101.0614014,2575.1401,0,False
12,UAV_393,38.9030304,100.9907227,2566.1628,5,False
12,UAV_394,38.9468575,101.0633316,2577.8491,4,False
12,UAV_395,38.881012,100.9814529,2564.9241,5,False
12,UAV_396,38.9576492,101.0163422,2573.0525,4,False
12,UAV_397,38.8321037,101.0217133,2576.9541,3,False
12,UAV_398,38.8925514,101.0796356,2573.8582,2,False
12,UAV_399,38.8587914,101.0838165,2569.3032,2,False
12,UAV_400,38.8515244,101.0259018,2574.4368,3,False
12,UAV_401,38.9105148,101.0171432,2573.2888,4,False
12,UAV_402,38.8535118,101.0520477,2572.5012,2,False
12,UAV_403,38.8694916,101.0750656,2569.6252,2,False
12,UAV_404,38.8830566,101.0278397,2572.3518,5,False
12,UAV_405,38.9535408,101.0353088,2576.531,4,False
12,UAV_406,38.850647,101.0574951,2572.7524,2,False
12,UAV_407,38.8183136,101.0452805,2572.5686,1,False
12,UAV_408,38.7994156,101.06427,2579.2261,0,False
12,UAV_409,38.8794365,101.0174713,2571.3948,5,False
12,UAV_410,38.7763977,101.0502625,2574.1223,0,False
12,UAV_411,38.896843,101.0622711,2576.584,4,False
12,UAV_412,38.8094101,100.956955,2578.3188,3,False
12,UAV_413,38.8106194,101.0988007,2571.0276,2,False
12,UAV_414,38.8441582,100.9982147,2572.3428,3,False
12,UAV_415,38.838501,100.970314,2574.2173,3,False
12,UAV_416,38.8564186,101.0184097,2575.1509,3,True
12,UAV_417,38.9108315,101.1209641,2574.7065,2,False
12,UAV_418,38.9197311,101.0042038,2573.0471,4,False
12,UAV_419,38.8436661,100.9543076,2574.0779,3,False
12,UAV_420,38.8036118,101.0067444,2577.2319,3,False
12,UAV_421,38.7681274,101.0445099,2578.0745,0,False
12,UAV_422,38.8553276,100.9962616,2566.863,5,False
12,UAV_423,38.8636513,101.0816727,2567.7961,2,False
12,UAV_424,38.7761154,100.9712372,2570.4333,1,False
12,UAV_425,38.8877068,101.0582428,2572.0247,2,False
12,UAV_426,38.8622551,101.0774994,2571.3765,2,False
12,UAV_427,38.8404884,101.0345001,2571.9465,1,False
12,UAV_428,38.8311653,100.969902,2568.4089,5,False
12,UAV_429,38.8625832,101.0039978,2573.5156,3,False
12,UAV_430,38.7685699,101.0617447,2571.238,1,False
12,UAV_431,38.8157616,101.0117645,2572.4204,3,False
12,UAV_432,38.9205971,101.0810165,2573.8147,2,False
12,UAV_433,38.9539146,101.0111694,2572.7827,4,False
12,UAV_434,38.8379822,100.9930496,2575.9507,3,False
12,UAV_435,38.833252,100.9868317,2570.9614,5,False
12,UAV_436,38.791996,100.997879,2578.1265,3,False
12,UAV_437,38.8939972,101.1181259,2572.9678,2,False
12,UAV_438,38.8800507,101.0096588,2570.8906,5,False
12,UAV_439,38.9534569,101.0055847,2576.2844,4,False
12,UAV_440,38.9123344,101.0305634,2571.7847,5,False
12,UAV_441,38.7787209,100.9560013,2569.9126,1,False
12,UAV_442,38.867012,101.0140381,2570.5173,5,False
12,UAV_443,38.8959579,101.1461029,2570.2612,2,False
12,UAV_444,38.821331,100.990654,2576.3081,3,False
12,UAV_445,38.8214569,101.0101547,2572.5046,3,False
12,UAV_446,38.8772011,101.0901794,2570.6245,2,False
12,UAV_447,38.9324493,101.1146698,2574.7856,2,False
12,UAV_448,38.7813759,101.0421524,2569.0171,1,False
12,UAV_449,38.80756,101.0647888,2574.2319,0,False
12,UAV_450,38.7992783,101.0940704,2568.2957,1,False
12,UAV_451,38.7631111,100.9904785,2570.7927,1,False
12,UAV_452,38.8725166,101.0890503,2573.9819,2,False
12,UAV_453,38.9185562,101.032196,2575.1794,4,False
12,UAV_454,38.8453445,101.0972595,2577.5671,0,False
12,UAV_455,38.843502,100.9859009,2575.6123,3,False
12,UAV_456,38.8143883,101.0510178,2576.2952,0,False
12,UAV_457,38.8423538,101.0434189,2573.2273,3,False
12,UAV_458,38.8603363,101.0588684,2575.3718,0,False
12,UAV_459,38.8940086,101.0023575,2571.9189,5,False
12,UAV_460,38.7752342,101.0871735,2573.6885,0,False
12,UAV_461,38.868866,100.9643631,2573.4976,4,False
12,UAV_462,38.8275795,101.1071472,2568.6704,2,False
12,UAV_463,38.7801208,100.9898529,2569.5039,1,False
12,UAV_464,38.8476601,100.9519577,2571.6707,5,False
12,UAV_465,38.8453522,100.9778519,2566.5063,5,False
12,UAV_466,38.8922729,101.080864,2571.9922,2,False
12,UAV_467,38.8185959,100.9805527,2574.2507,3,False
12,UAV_468,38.7900352,100.9716797,2572.8311,3,False
12,UAV_469,38.8450851,101.0560455,2570.4634,2,False
12,UAV_470,38.8466148,101.0626907,2574.4226,0,False
12,UAV_471,38.8073311,100.9842072,2570.2729,1,False
12,UAV_472,38.8788147,101.0907974,2572.3547,2,False
12,UAV_473,38.8526459,101.0606918,2572.9717,2,False
12,UAV_474,38.819725,100.947113,2570.4736,5,False
12,UAV_475,38.9182892,101.028183,2572.2705,4,False
12,UAV_476,38.94944,101.0528412,2573.5642,4,False
12,UAV_477,38.8434753,101.0324097,2571.5247,5,False
12,UAV_478,38.9033356,100.9848709,2570.9802,5,False
12,UAV_479,38.8794212,101.0885315,2572.4534,2,False
12,UAV_480,38.8183632,101.0348587,2576.6624,3,False
12,UAV_481,38.8197937,100.9769058,2575.5295,3,False
12,UAV_482,38.7937393,101.0866776,2575.9341,0,False
12,UAV_483,38.8999062,101.1102219,2578.0139,0,False
12,UAV_484,38.8065414,101.054184,2577.4585,0,False
12,UAV_485,38.804882,101.0309906,2571.1406,1,False
12,UAV_486,38.9032402,101.0323639,2571.9509,5,False
12,UAV_487,38.9192696,101.0114136,2577.7786,4,False
12,UAV_488,38.8497543,100.9812775,2568.031,5,False
12,UAV_489,38.8217049,101.0285263,2569.0488,1,False
12,UAV_490,38.8015633,100.9760666,2576.563,3,False
12,UAV_491,38.9303017,101.037674,2572.4634,4,False
12,UAV_492,38.8545303,101.0456696,2568.5994,5,False
12,UAV_493,38.7943687,101.0510483,2574.1777,0,False
12,UAV_494,38.8002663,100.9977646,2575.3508,3,False
12,UAV_495,38.9156265,100.9660568,2573.3455,4,False
12,UAV_496,38.8227921,101.0617676,2569.4131,1,False
12,UAV_497,38.8199425,101.0262604,2565.4172,1,False
12,UAV_498,38.8022194,101.031723,2574.3674,3,False
12,UAV_499,38.8970032,100.9751663,2573.3999,4,False
12,UAV_500,38.7964706,101.0746765,2578.0593,0,False
13,UAV_001,38.8304482,101.0934753,2571.1973,4,False
13,UAV_002,38.8893623,101.0042496,2566.8262,0,False
13,UAV_003,38.895607,101.0777664,2571.2261,0,False
13,UAV_004,38.8081398,101.001236,2575.542,5,False
13,UAV_005,38.8168983,101.0994186,2571.4788,4,False
13,UAV_006,38.7887001,101.0957184,2570.439,4,False
13,UAV_007,38.8834419,101.1003723,2568.7432,0,False
13,UAV_008,38.8892593,101.0699539,2566.4595,0,False
13,UAV_009,38.9164085,101.103302,2567.9783,0,False
13,UAV_010,38.8452873,100.9623337,2571.074,2,False
13,UAV_011,38.8936234,101.0371323,2569.6267,0,False
13,UAV_012,38.8687019,101.0419235,2570.4626,0,False
13,UAV_013,38.8571968,101.0550461,2569.1743,0,False
13,UAV_014,38.8158684,101.0082016,2566.4004,2,False
13,UAV_015,38.8797989,100.9780426,2570.165,2,False
13,UAV_016,38.9634018,100.9779739,2570.8579,1,False
13,UAV_017,38.8744431,101.0292206,2574.7659,1,False
13,UAV_018,38.8408623,100.9983673,2570.2888,2,False
13,UAV_019,38.8825989,100.9822159,2571.2771,1,False
13,UAV_020,38.796627,100.9990387,2568.3203,2,False
13,UAV_021,38.9071236,101.1139297,2574.2773,3,False
13,UAV_022,38.9095535,100.9838791,2573.3206,1,False
13,UAV_023,38.8724899,100.9596939,2570.6272,2,False
13,UAV_024,38.8828201,101.0309219,2578.2698,3,False
13,UAV_025,38.8935699,101.0119705,2570.5588,1,False
13,UAV_026,38.8918762,101.0782242,2575.4326,3,False
13,UAV_027,38.8715172,101.0608139,2576.4165,3,False
13,UAV_028,38.905159,101.1277924,2569.8108,0,False
13,UAV_029,38.8370171,101.0310287,2575.3943,5,False
13,UAV_030,38.8522606,101.0220718,2576.6965,5,False
13,UAV_031,38.8599586,101.0250015,2572.4138,1,False
13,UAV_032,38.855938,101.0977097,2567.4932,0,False
13,UAV_033,38.8854027,101.0788879,2570.4607,0,False
13,UAV_034,38.9061432,101.0438156,2575.5374,3,False
13,UAV_035,38.8319054,101.0317307,2573.5376,5,False
13,UAV_036,38.9301529,100.9679031,2572.114,1,False
13,UAV_037,38.9185257,100.993515,2579.1953,1,False
13,UAV_038,38.9079132,101.0189819,2572.5854,1,False
13,UAV_039,38.9455605,100.9926605,2574.8186,1,False
13,UAV_040,38.8432121,100.9878616,2568.5681,2,False
13,UAV_041,38.867527,100.9873199,2570.7261,2,False
13,UAV_042,38.886528,101.048439,2572.9663,1,False
13,UAV_043,38.8825569,101.0957413,2570.5396,0,False
13,UAV_044,38.7363586,101.0262527,2572.4038,5,False
13,UAV_045,38.9482498,101.0407486,2567.6636,0,False
13,UAV_046,38.7786407,100.9685364,2572.3691,5,False
13,UAV_047,38.8870468,100.9919968,2570.2295,1,False
13,UAV_048,38.9066086,101.0462494,2575.0259,3,False
13,UAV_049,38.7811508,101.0369644,2581.5588,5,False
13,UAV_050,38.8939247,101.0338287,2569.5798,0,False
13,UAV_051,38.8842964,101.056694,2576.2385,3,False
13,UAV_052,38.7998543,101.0312881,2569.8596,2,False
13,UAV_053,38.9167633,101.0720749,2574.824,3,False
13,UAV_054,38.8253212,101.0632248,2577.6821,3,False
13,UAV_055,38.7865219,101.0807571,2573.2793,4,False
13,UAV_056,38.8874092,101.0144272,2573.7065,1,False
13,UAV_057,38.8031197,101.0860291,2569.8779,4,False
13,UAV_058,38.823597,101.0280151,2575.0212,5,False
13,UAV_059,38.815937,101.0071487,2574.323,5,False
13,UAV_060,38.7852097,101.0320282,2572.3682,5,False
13,UAV_061,38.8304138,101.0466003,2578.7676,3,False
13,UAV_062,38.8836479,101.076355,2575.4578,3,False
13,UAV_063,38.9170494,100.953804,2573.2241,1,False
13,UAV_064,38.878273,101.1237793,2578.9038,3,False
13,UAV_065,38.9263458,101.0159912,2576.7295,1,False
13,UAV_066,38.9213562,101.1298599,2570.4697,0,False
13,UAV_067,38.9222755,100.999321,2571.7095,1,False
13,UAV_068,38.8960037,101.0377121,2574.7266,1,False
13,UAV_069,38.9369011,101.0534897,2574.2512,1,False
13,UAV_070,38.7977867,101.0196304,2578.2295,5,False
13,UAV_071,38.8279114,101.1287003,2576.0076,4,False
13,UAV_072,38.8460732,101.0146332,2572.0178,2,False
13,UAV_073,38.8177605,101.0124283,2571.7146,2,False
13,UAV_074,38.7855453,100.9804077,2572.188,5,False
13,UAV_075,38.8147583,100.9829025,2576.5764,5,False
13,UAV_076,38.8885765,101.0084457,2574.8584,1,False
13,UAV_077,38.7853928,101.0739822,2573.6174,4,False
13,UAV_078,38.9091263,101.0109482,2572.7107,1,False
13,UAV_079,38.9117508,101.0471649,2569.7634,0,False
13,UAV_080,38.9574127,101.1032715,2570.7942,0,False
13,UAV_081,38.7926788,100.9876175,2575.2852,5,False
13,UAV_082,38.8038368,101.0701294,2576.0864,4,False
13,UAV_083,38.7364464,101.022644,2572.4902,5,False
13,UAV_084,38.8358421,101.0710373,2573.98,4,False
13,UAV_085,38.9007072,101.0327759,2571.625,1,False
13,UAV_086,38.8658257,101.0863647,2568.1248,0,False
13,UAV_087,38.8407402,101.1018829,2574.2397,4,False
13,UAV_088,38.8177834,100.9704666,2572.9614,5,False
13,UAV_089,38.8617744,101.0645905,2573.1628,3,False
13,UAV_090,38.87603,101.0212479,2579.3223,3,False
13,UAV_091,38.8308144,101.0244217,2574.0564,5,False
13,UAV_092,38.824852,100.9970016,2572.2495,2,False
13,UAV_093,38.9406967,100.9648666,2571.928,1,False
13,UAV_094,38.8138542,101.0198135,2571.1677,2,False
13,UAV_095,38.8541451,101.1058121,2573.3489,4,False
13,UAV_096,38.8641853,101.0681686,2569.6873,0,False
13,UAV_097,38.7852097,101.0004272,2573.1804,5,False
13,UAV_098,38.8739624,101.0550766,2578.4617,3,False
13,UAV_099,38.8969612,101.0277939,2572.2988,1,False
13,UAV_100,38.9087868,101.1178055,2571.8113,0,False
13,UAV_101,38.8837395,100.989212,2575.583,1,False
13,UAV_102,38.809185,101.0769806,2580.7214,3,False
13,UAV_103,38.8402939,101.01828,2572.4526,2,False
13,UAV_104,38.7998772,101.0183411,2576.1763,5,False
13,UAV_105,38.8909111,101.0069962,2567.4641,0,False
13,UAV_106,38.8982162,101.0029526,2572.2961,1,False
13,UAV_107,38.7849464,101.0733032,2578.6843,4,False
13,UAV_108,38.9474373,100.9883423,2572.5083,1,False
13,UAV_109,38.9036903,101.0456467,2573.678,1,False
13,UAV_110,38.8277397,101.096962,2564.9575,0,False
13,UAV_111,38.8407936,101.0285187,2576.9856,5,False
13,UAV_112,38.8204422,101.0014038,2572.3579,2,False
13,UAV_113,38.7851868,100.9866104,2575.9106,5,False
13,UAV_114,38.8983498,101.0126724,2572.1638,1,False
13,UAV_115,38.878746,101.0386505,2571.8398,0,False
13,UAV_116,38.8096886,101.04319,2573.4746,5,False
13,UAV_117,38.8838348,100.9462585,2574.0081,1,False
13,UAV_118,38.7952309,101.0228958,2573.8975,5,False
13,UAV_119,38.8167038,101.0799026,2572.7437,4,False
13,UAV_120,38.8543434,101.0683365,2578.3257,3,False
13,UAV_121,38.7867432,101.1057968,2576.4302,4,False
13,UAV_122,38.7872238,101.0372391,2572.6777,5,False
13,UAV_123,38.8784676,101.0384903,2573.7544,1,False
13,UAV_124,38.8733406,101.1214676,2574.5798,3,False
13,UAV_125,38.8439407,100.9816437,2573.4121,5,False
13,UAV_126,38.7974663,101.0286942,2567.103,2,False
13,UAV_127,38.9155197,101.0160217,2572.9517,1,False
13,UAV_128,38.8542976,100.9740372,2570.2949,2,False
13,UAV_129,38.9139709,101.0111008,2572.4165,1,False
13,UAV_130,38.7939034,101.0117111,2575.6497,5,False
13,UAV_131,38.9059448,100.9851379,2568.405,0,False
13,UAV_132,38.9199295,100.9492798,2573.896,1,False
13,UAV_133,38.8725891,101.0578613,2570.7698,0,False
13,UAV_134,38.7520332,101.0155563,2573.1135,5,False
13,UAV_135,38.7947121,101.0449982,2573.804,5,False
13,UAV_136,38.8338432,101.0562897,2565.416,0,False
13,UAV_137,38.8344421,100.995224,2573.6274,5,False
13,UAV_138,38.8161964,101.0645447,2568.448,2,False
13,UAV_139,38.8253632,101.0443573,2568.2231,2,False
13,UAV_140,38.8539581,101.0893021,2572.0793,4,False
13,UAV_141,38.8103218,101.0051193,2568.314,2,False
13,UAV_142,38.8730927,101.0896072,2568.4121,0,False
13,UAV_143,38.8155708,100.9635849,2578.1375,5,False
13,UAV_144,38.8470421,101.0802765,2572.8591,4,False
13,UAV_145,38.8690376,101.1132736,2569.0383,0,True
13,UAV_146,38.9371719,100.9949722,2576.0503,1,False
13,UAV_147,38.921814,100.9952316,2575.8545,1,False
13,UAV_148,38.8053474,100.9890747,2573.9001,5,False
13,UAV_149,38.8010864,101.0766068,2576.7761,4,False
13,UAV_150,38.7839012,101.1087952,2577.3877,4,False
13,UAV_151,38.824791,101.089386,2578.2793,3,False
13,UAV_152,38.894104,100.9573975,2574.6248,1,False
13,UAV_153,38.8359756,101.0920105,2574.7578,4,False
13,UAV_154,38.8181763,101.0762863,2578.1802,3,False
13,UAV_155,38.8769798,100.9764099,2569.2239,2,False
13,UAV_156,38.8331451,101.0729599,2573.197,4,False
13,UAV_157,38.7953568,101.1229324,2573.8591,4,False
13,UAV_158,38.8422623,101.091217,2574.8826,4,False
13,UAV_159,38.8346519,101.0806046,2571.823,4,False
13,UAV_160,38.8315659,101.0116272,2568.2986,2,False
13,UAV_161,38.9444237,101.0934067,2573.9761,3,False
13,UAV_162,38.8822823,101.0195999,2569.3406,0,False
13,UAV_163,38.7506294,101.0669708,2570.7368,4,False
13,UAV_164,38.7744904,100.9961243,2569.4062,2,False
13,UAV_165,38.8503151,100.9753113,2571.3911,2,False
13,UAV_166,38.900135,101.0860977,2573.2393,3,False
13,UAV_167,38.906971,101.0180359,2573.6367,1,False
13,UAV_168,38.7972336,101.0953598,2577.3826,4,False
13,UAV_169,38.8851738,101.0115585,2574.3967,1,False
13,UAV_170,38.8335342,101.077774,2574.749,4,False
13,UAV_171,38.8636131,101.0479965,2578.0332,3,False
13,UAV_172,38.8219528,101.0537949,2569.3486,2,False
13,UAV_173,38.7745743,100.9733047,2571.6492,2,False
13,UAV_174,38.8394508,101.0041733,2572.6875,2,False
13,UAV_175,38.8667984,101.0949631,2576.7432,3,False
13,UAV_176,38.7869301,101.115303,2576.9917,4,False
13,UAV_177,38.8024712,101.0892715,2573.3293,4,False
13,UAV_178,38.8834343,101.0213242,2568.3894,0,False
13,UAV_179,38.8411751,101.0230865,2569.3713,2,False
13,UAV_180,38.8631058,100.9939728,2577.3472,1,False
13,UAV_181,38.9255447,101.011116,2571.7361,1,False
13,UAV_182,38.8585968,101.0545349,2572.8896,3,False
13,UAV_183,38.8534126,100.9685898,2569.1658,2,False
13,UAV_184,38.7363472,101.0172043,2569.1182,2,False
13,UAV_185,38.9049263,101.03302,2573.9839,1,False
13,UAV_186,38.8658714,101.0342712,2568.9966,0,False
13,UAV_187,38.8572121,101.0956802,2570.6262,0,False
13,UAV_188,38.9147911,101.0075836,2568.4812,0,False
13,UAV_189,38.7912254,100.9966812,2567.6887,2,False
13,UAV_190,38.9223328,100.9872208,2574.3398,1,False
13,UAV_191,38.890892,100.965416,2576.2424,1,False
13,UAV_192,38.800045,100.9897079,2573.085,5,False
13,UAV_193,38.8017807,100.9864883,2571.1326,2,False
13,UAV_194,38.8848724,101.0572281,2575.5737,3,False
13,UAV_195,38.9469681,101.1067429,2575.135,3,False
13,UAV_196,38.8912888,101.0608826,2574.0474,3,False
13,UAV_197,38.9284172,101.0305862,2574.4189,1,False
13,UAV_198,38.8073006,101.0307236,2575.0884,5,False
13,UAV_199,38.8770981,101.0396957,2576.9761,3,False
13,UAV_200,38.7689781,101.1032181,2575.0725,4,False
13,UAV_201,38.9185066,101.0158539,2573.0845,1,False
13,UAV_202,38.7710419,101.0120239,2577.415,5,False
13,UAV_203,38.844017,101.0344086,2577.522,3,False
13,UAV_204,38.8571091,101.0391006,2576.7974,3,False
13,UAV_205,38.7780685,101.1171875,2575.2112,4,False
13,UAV_206,38.9077148,101.04496,2568.6279,0,False
13,UAV_207,38.8459854,101.0401764,2578.1191,3,False
13,UAV_208,38.8477097,101.0816116,2569.3677,0,False
13,UAV_209,38.8561554,101.0921173,2575.7034,3,False
13,UAV_210,38.9221268,101.0370636,2568.575,0,False
13,UAV_211,38.7306519,100.9386902,2572.6663,5,False
13,UAV_212,38.753315,100.9939728,2570.5737,2,False
13,UAV_213,38.8225594,101.0319519,2573.5247,5,False
13,UAV_214,38.8273506,101.0593338,2572.0425,4,False
13,UAV_215,38.8627243,101.0945663,2576.6277,3,False
13,UAV_216,38.8000221,100.9992523,2570.886,2,False
13,UAV_217,38.897068,101.1426697,2573.3953,3,False
13,UAV_218,38.7933083,100.9814148,2571.562,2,False
13,UAV_219,38.7717628,101.0793304,2573.3276,4,False
13,UAV_220,38.8924904,101.0350342,2565.5076,0,False
13,UAV_221,38.8730469,101.036644,2569.6892,0,False
13,UAV_222,38.8535156,101.0575562,2575.197,3,False
13,UAV_223,38.8445892,101.0873947,2572.0012,4,False
13,UAV_224,38.7838593,100.9528961,2571.9758,2,False
13,UAV_225,38.864109,101.0890732,2576.1162,3,False
13,UAV_226,38.7951736,100.9980011,2576.5085,5,False
13,UAV_227,38.8482513,101.1150436,2571.9954,4,False
13,UAV_228,38.8129234,101.0564804,2572.8059,4,False
13,UAV_229,38.920166,100.9993668,2575.7307,1,False
13,UAV_230,38.8290749,101.1035995,2576.2449,4,False
13,UAV_231,38.8656349,101.0550308,2574.4722,3,False
13,UAV_232,38.7792091,100.9715881,2570.5364,2,False
13,UAV_233,38.76828,100.9910583,2574.8879,5,False
13,UAV_234,38.859333,100.9954224,2575.7273,1,False
13,UAV_235,38.79562,101.0054779,2571.0542,2,False
13,UAV_236,38.8432999,100.976593,2574.459,5,False
13,UAV_237,38.8794365,101.1069107,2572.0261,0,False
13,UAV_238,38.9048958,101.0847168,2571.1335,0,False
13,UAV_239,38.8275452,101.0693741,2576.7312,3,False
13,UAV_240,38.8466911,101.0349045,2573.0693,5,False
13,UAV_241,38.857708,100.9853745,2571.9685,2,False
13,UAV_242,38.7806816,101.0202942,2575.1077,5,False
13,UAV_243,38.8230286,100.9982681,2570.772,2,False
13,UAV_244,38.7862778,101.0952682,2569.6636,4,False
13,UAV_245,38.905632,100.9667816,2569.8855,1,False
13,UAV_246,38.8925362,101.0037308,2575.7061,1,False
13,UAV_247,38.9251785,101.0630951,2568.0154,0,False
13,UAV_248,38.8178749,101.0966873,2572.1401,4,False
13,UAV_249,38.9321747,100.9393005,2573.8303,1,True
13,UAV_250,38.9506416,100.9742661,2573.4092,1,False
13,UAV_251,38.848793,100.9897156,2572.9431,2,False
13,UAV_252,38.7857971,101.1332092,2575.8159,4,False
13,UAV_253,38.8038712,101.1124649,2567.8975,4,False
13,UAV_254,38.8742065,101.0525436,2570.2649,0,False
13,UAV_255,38.8635788,101.0289078,2566.5647,0,False
13,UAV_256,38.8991241,101.1168823,2567.3677,0,False
13,UAV_257,38.8557701,101.0756302,2574.3977,3,False
13,UAV_258,38.8590279,101.1272049,2576.7036,3,False
13,UAV_259,38.7651215,101.1253586,2578.1619,4,False
13,UAV_260,38.8241272,101.0636215,2572.1655,4,False
13,UAV_261,38.8744011,101.1023788,2576.6658,3,False
13,UAV_262,38.8745575,101.0517807,2572.0933,0,False
13,UAV_263,38.7931023,101.1384354,2571.2241,4,False
13,UAV_264,38.9161224,101.056366,2575.8823,3,False
13,UAV_265,38.8307724,101.0575943,2572.3662,4,False
13,UAV_266,38.8799896,101.1022263,2565.4038,0,False
13,UAV_267,38.8826523,101.0993958,2570.1565,0,False
13,UAV_268,38.9246368,100.9680481,2575.4971,1,False
13,UAV_269,38.9293671,100.9953308,2566.6926,0,False
13,UAV_270,38.8065414,101.0156479,2569.6135,2,False
13,UAV_271,38.8654709,100.9977417,2569.7988,2,False
13,UAV_272,38.7832603,100.9942169,2574.1167,5,False
13,UAV_273,38.8434563,101.0298157,2567.2014,2,False
13,UAV_274,38.8525543,101.0208664,2568.0466,2,False
13,UAV_275,38.9137039,100.9496689,2571.634,1,False
13,UAV_276,38.8027534,101.0472946,2575.6235,5,False
13,UAV_277,38.7886124,100.9924316,2569.3508,2,False
13,UAV_278,38.7919312,101.1021271,2571.3193,4,False
13,UAV_279,38.9028893,101.0902863,2574.5818,3,False
13,UAV_280,38.8431015,100.9652863,2574.2004,5,False
13,UAV_281,38.8621941,101.052681,2572.9946,3,False
13,UAV_282,38.8339424,101.1369171,2573.6064,4,True
13,UAV_283,38.9083862,101.0920639,2572.0466,0,False
13,UAV_284,38.9016495,100.9887924,2575.1943,1,False
13,UAV_285,38.8502426,101.0832062,2572.8484,4,False
13,UAV_286,38.8017311,100.9762039,2572.7788,5,False
13,UAV_287,38.847374,101.1147995,2569.8428,0,False
13,UAV_288,38.9074631,101.088974,2573.23,3,False
13,UAV_289,38.921032,101.0891647,2577.9688,3,False
13,UAV_290,38.7800827,100.9758911,2568.6052,2,False
13,UAV_291,38.8279152,101.0462799,2570.123,2,False
13,UAV_292,38.8603745,101.0005035,2572.3728,1,False
13,UAV_293,38.8460426,101.1046066,2575.3772,3,False
13,UAV_294,38.839138,101.1342316,2579.8821,3,False
13,UAV_295,38.8783531,101.0767288,2571.5762,0,False
13,UAV_296,38.8406487,101.1061096,2565.5828,0,False
13,UAV_297,38.7776794,101.0026703,2570.1414,2,False
13,UAV_298,38.7941856,101.1184998,2574.105,4,False
13,UAV_299,38.7874336,101.0539398,2571.6406,4,False
13,UAV_300,38.8246117,100.9614944,2570.5767,2,False
13,UAV_301,38.7922783,101.0637817,2574.865,4,False
13,UAV_302,38.7992249,101.1519699,2574.7229,4,False
13,UAV_303,38.9001503,101.1097717,2569.6328,0,False
13,UAV_304,38.9064827,101.0455322,2575.6882,3,False
13,UAV_305,38.8621788,100.9732361,2573.6711,1,False
13,UAV_306,38.8369484,100.9989166,2571.1685,2,False
13,UAV_307,38.8163528,100.9262161,2575.0898,5,False
13,UAV_308,38.8782425,101.1141205,2568.6711,0,False
13,UAV_309,38.9114075,101.0614014,2574.2349,3,False
13,UAV_310,38.816597,100.9952927,2570.5815,2,False
13,UAV_311,38.7620583,101.0411148,2572.8862,5,False
13,UAV_312,38.9073296,101.048584,2571.3733,0,False
13,UAV_313,38.8837471,101.0092621,2575.9897,1,False
13,UAV_314,38.9076462,100.9572067,2575.323,1,False
13,UAV_315,38.8293686,100.9661942,2572.2473,2,False
13,UAV_316,38.9052696,101.0230179,2568.2009,0,False
13,UAV_317,38.9180756,101.0154572,2574.7112,1,False
13,UAV_318,38.8125343,101.0747681,2574.269,4,False
13,UAV_319,38.8408051,101.0013123,2573.1619,5,False
13,UAV_320,38.8423271,101.0205994,2574.5281,5,False
13,UAV_321,38.9468079,101.0356369,2571.0513,1,False
13,UAV_322,38.8119698,101.1091995,2570.6836,4,False
13,UAV_323,38.7508926,101.0731201,2567.4868,2,False
13,UAV_324,38.8779716,101.0270081,2570.6895,0,False
13,UAV_325,38.7988472,101.1134109,2571.6809,4,False
13,UAV_326,38.8685455,101.1287155,2573.2573,3,False
13,UAV_327,38.8829613,100.9898224,2573.9885,1,False
13,UAV_328,38.7503471,101.026413,2573.771,5,False
13,UAV_329,38.7823715,101.0695496,2575.6677,4,False
13,UAV_330,38.9233932,101.0040741,2574.4954,1,False
13,UAV_331,38.9257622,101.1241989,2574.7524,3,False
13,UAV_332,38.8984947,101.0430145,2574.2505,1,False
13,UAV_333,38.9488144,100.9908752,2567.6516,0,False
13,UAV_334,38.933773,100.9614258,2572.7502,1,False
13,UAV_335,38.7609596,101.0344467,2574.6699,5,False
13,UAV_336,38.8019371,101.0049057,2573.7612,5,False
13,UAV_337,38.8834,101.0358124,2576.9292,3,False
13,UAV_338,38.7896347,101.039978,2573.3547,5,False
13,UAV_339,38.7887535,101.1345215,2575.6772,4,False
13,UAV_340,38.848053,101.0004196,2568.8186,2,False
13,UAV_341,38.813488,101.0123596,2571.8152,2,False
13,UAV_342,38.8613625,101.080368,2574.9553,3,False
13,UAV_343,38.8721313,101.0683975,2573.5439,3,False
13,UAV_344,38.92836,101.1276093,2575.6619,3,False
13,UAV_345,38.8277245,101.0176773,2572.9993,5,False
13,UAV_346,38.8642921,101.042984,2578.3264,3,False
13,UAV_347,38.8390846,101.029213,2569.6731,2,False
13,UAV_348,38.8343697,101.0511169,2574.5491,4,False
13,UAV_349,38.9402237,100.950264,2568.9175,1,False
13,UAV_350,38.8290672,101.0892639,2571.1367,4,False
13,UAV_351,38.9153595,101.1352081,2575.759,3,False
13,UAV_352,38.8113632,101.0124588,2569.394,2,False
13,UAV_353,38.8068657,100.946022,2570.8621,2,False
13,UAV_354,38.7965927,100.983757,2571.3625,2,False
13,UAV_355,38.8789139,101.0325623,2568.9797,0,False
13,UAV_356,38.8200226,101.0405273,2570.3503,2,False
13,UAV_357,38.7398148,101.043129,2572.7925,5,False
13,UAV_358,38.8668327,101.057518,2574.0276,3,False
13,UAV_359,38.791954,101.0234222,2575.7593,5,False
13,UAV_360,38.8389091,101.1285934,2575.5254,4,False
13,UAV_361,38.9055405,101.0499573,2571.7197,0,False
13,UAV_362,38.8338547,101.0952225,2571.9517,4,False
13,UAV_363,38.8373489,101.1249695,2572.0115,4,False
13,UAV_364,38.8672295,101.0491562,2576.1182,3,False
13,UAV_365,38.7747841,101.0439682,2570.448,2,False
13,UAV_366,38.7652054,101.1035995,2569.8574,4,False
13,UAV_367,38.8996887,100.9814072,2566.731,0,False
13,UAV_368,38.8676109,101.0682755,2579.6562,3,False
13,UAV_369,38.8902893,101.100174,2568.915,0,False
13,UAV_370,38.8533936,101.026123,2569.2278,2,False
13,UAV_371,38.8771286,101.0311813,2575.8535,3,False
13,UAV_372,38.8795662,101.0354919,2575.9614,3,True
13,UAV_373,38.8534813,101.1308517,2571.0076,4,False
13,UAV_374,38.810318,101.0523834,2572.4612,4,False
13,UAV_375,38.8085518,101.040062,2577.4021,5,False
13,UAV_376,38.7942963,101.0155106,2572.5706,5,False
13,UAV_377,38.8521919,101.0698166,2565.8752,0,False
13,UAV_378,38.8776321,101.0895233,2573.1826,3,False
13,UAV_379,38.7936821,100.9998627,2574.0342,5,False
13,UAV_380,38.8340797,101.0062332,2570.1096,2,True
13,UAV_381,38.8554535,100.9794617,2570.3799,2,False
13,UAV_382,38.8872452,100.9513855,2574.1023,1,False
13,UAV_383,38.9198914,101.0161972,2576.5107,1,False
13,UAV_384,38.888855,100.9893951,2574.5691,1,False
13,UAV_385,38.7995682,101.0812302,2576.8728,4,False
13,UAV_386,38.8465004,101.0873413,2574.3103,4,False
13,UAV_387,38.8884163,101.0646744,2571.7974,0,False
13,UAV_388,38.803791,101.0860519,2573.9482,4,False
13,UAV_389,38.7969704,101.1199951,2578.4253,4,False
13,UAV_390,38.8277397,100.9975586,2572.1636,2,False
13,UAV_391,38.7732086,101.0749817,2576.8286,4,False
13,UAV_392,38.8027077,101.0613785,2574.7458,4,False
13,UAV_393,38.9026337,100.9907227,2571.886,1,False
13,UAV_394,38.9479752,101.0636215,2571.7539,0,False
13,UAV_395,38.881649,100.979805,2568.821,2,False
13,UAV_396,38.9577713,101.0144424,2566.5291,0,False
13,UAV_397,38.8319054,101.0218506,2572.9119,5,False
13,UAV_398,38.8918648,101.0786362,2574.7183,3,False
13,UAV_399,38.8588562,101.0818481,2569.981,0,False
13,UAV_400,38.8506279,101.0264664,2570.9297,2,False
13,UAV_401,38.908474,101.016037,2571.4026,1,False
13,UAV_402,38.8570976,101.0466232,2570.1858,0,False
13,UAV_403,38.8731766,101.0741577,2574.1912,3,False
13,UAV_404,38.8805313,101.0278015,2574.5156,1,False
13,UAV_405,38.9493027,101.0379028,2576.6985,1,False
13,UAV_406,38.8483849,101.057518,2573.3684,4,False
13,UAV_407,38.7945633,101.0312271,2572.9653,5,False
13,UAV_408,38.7993469,101.0642395,2575.792,4,False
13,UAV_409,38.87957,101.0177917,2571.532,1,False
13,UAV_410,38.775856,101.0503464,2576.0378,5,False
13,UAV_411,38.8951035,101.0623093,2578.6147,3,False
13,UAV_412,38.8072319,100.9579926,2576.0271,5,False
13,UAV_413,38.8101692,101.0981445,2571.2271,4,False
13,UAV_414,38.8284836,100.992775,2569.7991,2,False
13,UAV_415,38.8329964,100.9663696,2572.5728,2,False
13,UAV_416,38.8535767,101.0183792,2574.8892,5,False
13,UAV_417,38.9105949,101.1212158,2577.3027,3,False
13,UAV_418,38.9200058,101.0087051,2580.2283,1,False
13,UAV_419,38.8480682,100.9540024,2578.2102,5,False
13,UAV_420,38.8012199,101.0067444,2576.7661,5,False
13,UAV_421,38.7659988,101.0449982,2567.981,2,False
13,UAV_422,38.8556519,100.995079,2572.1597,2,False
13,UAV_423,38.8655052,101.0812149,2569.6863,0,False
13,UAV_424,38.7709503,100.9691544,2573.9771,5,False
13,UAV_425,38.8876801,101.0587387,2578.8113,3,False
13,UAV_426,38.8546257,101.0703049,2575.1685,3,False
13,UAV_427,38.8407211,101.0346832,2570.3899,2,False
13,UAV_428,38.8323364,100.9683914,2569.1973,2,False
13,UAV_429,38.8553238,101.0051804,2573.5159,1,False
13,UAV_430,38.7668114,101.0612793,2572.9504,4,False
13,UAV_431,38.8134918,101.0113449,2577.2739,5,False
13,UAV_432,38.8906212,101.0810318,2572.8501,3,False
13,UAV_433,38.957283,101.0078506,2567.8684,0,False
13,UAV_434,38.8381042,100.9911041,2570.6021,2,False
13,UAV_435,38.8337288,100.9850235,2567.5039,2,False
13,UAV_436,38.7878113,101.0018997,2576.7104,5,False
13,UAV_437,38.8929367,101.118721,2572.6106,3,False
13,UAV_438,38.8782158,101.0093079,2573.2842,1,False
13,UAV_439,38.9510078,101.0062637,2575.0605,1,False
13,UAV_440,38.9153976,101.0305176,2571.9207,1,False
13,UAV_441,38.7823753,100.9558105,2574.5215,5,False
13,UAV_442,38.8654366,101.0122986,2570.3186,2,False
13,UAV_443,38.9324074,101.1448364,2576.6929,3,False
13,UAV_444,38.8188057,100.9906311,2573.1821,5,False
13,UAV_445,38.8197632,101.0077362,2569.1562,2,False
13,UAV_446,38.8763504,101.0894928,2573.5325,3,False
13,UAV_447,38.9264336,101.1160736,2580.447,3,False
13,UAV_448,38.7807159,101.0415115,2565.4424,2,False
13,UAV_449,38.8074265,101.0646133,2571.4321,4,False
13,UAV_450,38.8072433,101.0905991,2571.6843,4,False
13,UAV_451,38.7654037,100.9895782,2569.7747,2,False
13,UAV_452,38.8718681,101.0891876,2576.7014,3,False
13,UAV_453,38.9207573,101.0339661,2576.4924,1,False
13,UAV_454,38.8536377,101.0970535,2575.8582,3,False
13,UAV_455,38.8410873,100.9858704,2574.7405,5,True
13,UAV_456,38.8161736,101.0509872,2575.3291,5,False
13,UAV_457,38.8428078,101.0430222,2569.9614,2,False
13,UAV_458,38.8588524,101.0566559,2569.6362,0,False
13,UAV_459,38.8932953,101.002182,2574.9966,1,False
13,UAV_460,38.7730675,101.0862274,2572.0063,4,False
13,UAV_461,38.8695946,100.962944,2573.436,1,False
13,UAV_462,38.827961,101.1031952,2567.604,0,False
13,UAV_463,38.7798576,100.9907303,2576.708,5,False
13,UAV_464,38.8000603,101.0237732,2573.6423,5,False
13,UAV_465,38.8456879,100.9763794,2570.8765,2,False
13,UAV_466,38.8955498,101.0771179,2566.7952,0,False
13,UAV_467,38.7933998,101.0216827,2571.2739,2,False
13,UAV_468,38.7470398,101.0400314,2573.5049,5,False
13,UAV_469,38.8452759,101.0558701,2571.842,4,False
13,UAV_470,38.8469849,101.0625458,2570.6199,0,False
13,UAV_471,38.8079948,100.9834976,2570.1826,2,False
13,UAV_472,38.8901291,101.0959778,2569.8752,0,False
13,UAV_473,38.8563271,101.0665817,2576.2444,3,False
13,UAV_474,38.8200569,100.9485931,2577.9155,5,False
13,UAV_475,38.9189644,101.0280075,2571.165,1,False
13,UAV_476,38.9476585,101.0522156,2571.3108,0,False
13,UAV_477,38.8391609,101.0302963,2573.5791,5,False
13,UAV_478,38.9028931,100.9857025,2576.7556,1,False
13,UAV_479,38.8796425,101.0867157,2573.6567,3,False
13,UAV_480,38.8228455,101.0359421,2574.3787,5,False
13,UAV_481,38.8199844,100.9769516,2575.9663,5,False
13,UAV_482,38.7922821,101.088768,2575.9131,4,False
13,UAV_483,38.9002609,101.1102829,2577.4175,3,False
13,UAV_484,38.8065605,101.0611877,2573.9312,4,False
13,UAV_485,38.8044701,101.0297394,2567.937,2,False
13,UAV_486,38.9043541,101.0323944,2574.9583,1,False
13,UAV_487,38.9180489,101.0114212,2571.9109,1,False
13,UAV_488,38.8587227,100.9880066,2575.061,1,False
13,UAV_489,38.8223572,101.0274887,2569.804,2,False
13,UAV_490,38.8013115,100.98246,2579.4385,5,False
13,UAV_491,38.9290619,101.0382233,2575.552,1,False
13,UAV_492,38.8535309,101.0454025,2573.3083,3,False
13,UAV_493,38.8089561,100.9785767,2577.6111,5,False
13,UAV_494,38.799263,100.9979553,2577.115,5,False
13,UAV_495,38.9203415,100.9675446,2574.1199,1,False
13,UAV_496,38.8224602,101.058075,2570.7153,4,False
13,UAV_497,38.8178024,101.0253372,2567.5137,2,False
13,UAV_498,38.8036575,101.0299911,2571.8167,2,False
13,UAV_499,38.8947029,100.9751358,2576.3887,1,False
13,UAV_500,38.7971954,101.0775452,2571.3345,4,False
14,UAV_001,38.8304176,101.0929108,2575.0303,4,False
14,UAV_002,38.8888588,101.0022507,2564.9365,0,False
14,UAV_003,38.8956146,101.0758286,2567.0864,0,False
14,UAV_004,38.8061981,101.0012207,2572.9624,3,False
14,UAV_005,38.8167725,101.0995941,2570.6123,4,False
14,UAV_006,38.7835655,101.0941544,2568.1487,4,False
14,UAV_007,38.8842697,101.099617,2565.1426,0,False
14,UAV_008,38.8881493,101.0689392,2568.238,0,False
14,UAV_009,38.916214,101.1031418,2573.6577,1,False
14,UAV_010,38.8462753,100.9586868,2572.1997,3,False
14,UAV_011,38.8944931,101.0370636,2574.4871,5,False
14,UAV_012,38.8468475,101.0257568,2566.6501,0,False
14,UAV_013,38.856575,101.0551758,2572.249,1,False
14,UAV_014,38.8132095,101.0009003,2575.249,3,False
14,UAV_015,38.8800049,100.9766159,2573.635,2,False
14,UAV_016,38.9639969,100.9770279,2570.1716,2,False
14,UAV_017,38.8725662,101.0301514,2578.0659,5,False
14,UAV_018,38.8438416,100.9973831,2569.9978,0,False
14,UAV_019,38.8879013,100.9937592,2574.2839,2,False
14,UAV_020,38.7991028,100.9960709,2568.5566,0,False
14,UAV_021,38.893261,101.1292953,2574.6233,1,False
14,UAV_022,38.9030609,100.9850616,2576.6096,2,False
14,UAV_023,38.8721237,100.9593506,2567.6096,0,False
14,UAV_024,38.8808212,101.0308456,2574.2458,5,False
14,UAV_025,38.8924103,101.0133743,2577.2771,5,False
14,UAV_026,38.8935776,101.0792084,2572.8206,1,False
14,UAV_027,38.8779907,101.0623093,2575.614,5,False
14,UAV_028,38.9043655,101.1265564,2568.3914,1,False
14,UAV_029,38.8363419,101.0330276,2571.7424,0,False
14,UAV_030,38.8506622,101.0222397,2573.8857,5,False
14,UAV_031,38.8589096,101.0255661,2575.6775,5,False
14,UAV_032,38.8556404,101.0956421,2569.3506,1,False
14,UAV_033,38.8853722,101.0784454,2572.5388,1,False
14,UAV_034,38.9052238,101.0443192,2574.4326,2,False
14,UAV_035,38.8319855,101.0319824,2575.9497,5,False
14,UAV_036,38.9281235,100.974472,2571.6409,2,False
14,UAV_037,38.9209366,100.9917603,2568.5068,2,False
14,UAV_038,38.9068604,101.0195618,2573.7729,2,False
14,UAV_039,38.9471436,100.9927139,2571.9414,2,False
14,UAV_040,38.8518486,100.9886169,2575.1936,5,False
14,UAV_041,38.8658104,100.986702,2569.4158,0,False
14,UAV_042,38.8917999,101.0470505,2566.1775,0,False
14,UAV_043,38.884594,101.0947418,2571.9895,1,False
14,UAV_044,38.7367516,101.0224228,2570.0217,3,False
14,UAV_045,38.9484711,101.0390167,2570.9407,2,False
14,UAV_046,38.7813454,100.9679871,2567.0227,0,False
14,UAV_047,38.8865166,100.9911652,2566.6426,0,False
14,UAV_048,38.9037628,101.0439224,2571.5002,2,False
14,UAV_049,38.7807426,101.0386505,2571.323,3,False
14,UAV_050,38.8941574,101.0336609,2567.6035,0,False
14,UAV_051,38.8874588,101.0553665,2578.1753,5,False
14,UAV_052,38.7958565,101.0328522,2570.5317,3,False
14,UAV_053,38.9161949,101.0751419,2572.1057,1,False
14,UAV_054,38.8254051,101.0635147,2574.0244,4,False
14,UAV_055,38.7868042,101.0797272,2570.7913,4,False
14,UAV_056,38.8897171,101.0166779,2572.8145,2,True
14,UAV_057,38.8026543,101.0846176,2569.6016,4,False
14,UAV_058,38.8229828,101.0282669,2573.9778,3,False
14,UAV_059,38.8415337,101.0312195,2575.229,5,False
14,UAV_060,38.7840309,101.0298843,2569.574,0,False
14,UAV_061,38.834259,101.048584,2574.3401,5,False
14,UAV_062,38.8775864,101.0777435,2574.4795,1,False
14,UAV_063,38.9210281,100.9554749,2575.6401,2,False
14,UAV_064,38.8766289,101.1260147,2572.3416,1,False
14,UAV_065,38.9226265,101.019455,2573.0835,2,False
14,UAV_066,38.9218521,101.1285782,2570.8694,1,False
14,UAV_067,38.915062,101.0056458,2573.3647,2,False
14,UAV_068,38.8939095,101.0366364,2568.1296,0,False
14,UAV_069,38.9383049,101.0561752,2572.7109,1,False
14,UAV_070,38.7972069,101.0199738,2577.8831,5,False
14,UAV_071,38.82724,101.1289825,2576.47,4,False
14,UAV_072,38.8487167,101.0144272,2571.748,3,False
14,UAV_073,38.8153534,101.0124207,2575.23,3,False
14,UAV_074,38.7928314,100.9788437,2573.1162,3,False
14,UAV_075,38.8146324,100.9830933,2574.844,3,False
14,UAV_076,38.8892975,101.0106659,2576.3208,5,False
14,UAV_077,38.8037033,101.0691071,2571.4043,4,False
14,UAV_078,38.9092865,101.0111008,2578.2595,5,False
14,UAV_079,38.9114304,101.0475082,2577.957,5,False
14,UAV_080,38.9577904,101.1017609,2567.6296,1,False
14,UAV_081,38.8009834,100.9874878,2573.3308,3,False
14,UAV_082,38.8024559,101.0700989,2569.2983,0,False
14,UAV_083,38.7366447,101.0208969,2572.0984,3,False
14,UAV_084,38.8339005,101.071022,2576.873,5,True
14,UAV_085,38.8978691,101.0327682,2569.7461,0,False
14,UAV_086,38.8788681,101.083786,2571.8147,1,False
14,UAV_087,38.8371964,101.1041565,2571.6155,4,False
14,UAV_088,38.8260956,100.9703751,2573.8442,3,False
14,UAV_089,38.8609238,101.0642548,2567.5154,0,False
14,UAV_090,38.8760643,101.0214157,2572.5994,2,False
14,UAV_091,38.8308029,101.0243225,2571.0879,0,False
14,UAV_092,38.8248405,100.9967499,2571.5771,3,False
14,UAV_093,38.9524384,100.9395294,2574.718,2,False
14,UAV_094,38.8129807,101.0180588,2570.7322,3,False
14,UAV_095,38.8541832,101.1058426,2574.5835,4,False
14,UAV_096,38.8637848,101.0678864,2568.6377,0,False
14,UAV_097,38.769001,100.9976883,2575.1521,3,False
14,UAV_098,38.8586845,101.0809021,2569.7905,1,False
14,UAV_099,38.8976936,101.0277863,2574.9888,5,False
14,UAV_100,38.9078712,101.1165543,2570.1418,1,False
14,UAV_101,38.8812256,100.9892044,2571.1057,2,False
14,UAV_102,38.8084908,101.0780563,2580.1848,5,False
14,UAV_103,38.8675308,100.9927216,2576.0178,5,False
14,UAV_104,38.7997398,101.0186462,2571.8535,3,False
14,UAV_105,38.8912544,101.0054855,2572.9277,2,False
14,UAV_106,38.8991928,101.002037,2568.146,0,False
14,UAV_107,38.7852859,101.073349,2578.2207,4,False
14,UAV_108,38.9480438,100.9874191,2572.3003,2,False
14,UAV_109,38.9014702,101.0456085,2578.5579,5,False
14,UAV_110,38.8283615,101.0958939,2570.0923,4,False
14,UAV_111,38.8289566,101.0326614,2576.9419,5,False
14,UAV_112,38.8131485,100.9559326,2575.2739,3,False
14,UAV_113,38.7724228,100.9846802,2570.1743,3,False
14,UAV_114,38.8968353,101.0121384,2571.073,2,False
14,UAV_115,38.8792267,101.0386276,2577.5049,5,False
14,UAV_116,38.8115616,101.0390396,2568.8694,0,False
14,UAV_117,38.8826485,100.9448471,2570.8992,2,False
14,UAV_118,38.7976227,101.0216141,2569.0066,0,False
14,UAV_119,38.8154526,101.0776443,2568.5146,0,False
14,UAV_120,38.8542557,101.0686874,2576.4729,5,False
14,UAV_121,38.78619,101.1058731,2572.6978,4,False
14,UAV_122,38.7876434,101.03685,2574.9768,3,False
14,UAV_123,38.8769608,101.0375137,2573.1184,2,False
14,UAV_124,38.87323,101.1216202,2579.8293,5,False
14,UAV_125,38.8430443,100.9984894,2572.8501,3,True
14,UAV_126,38.7976036,101.0273209,2569.2817,0,False
14,UAV_127,38.914959,101.0160828,2573.3528,2,False
14,UAV_128,38.8546791,100.9734573,2576.0786,5,False
14,UAV_129,38.9190178,101.0106201,2572.1306,2,False
14,UAV_130,38.7935219,101.0126038,2573.1165,3,False
14,UAV_131,38.9044685,100.9835205,2569.8347,2,False
14,UAV_132,38.9416885,100.9892731,2573.925,2,False
14,UAV_133,38.8731079,101.0562515,2572.7471,1,False
14,UAV_134,38.7515221,101.0144958,2567.7566,0,False
14,UAV_135,38.7932663,101.0456161,2577.6609,5,False
14,UAV_136,38.8332901,101.0553818,2572.6953,4,False
14,UAV_137,38.8349915,100.9943466,2573.4417,3,False
14,UAV_138,38.8159409,101.0637589,2567.3699,0,False
14,UAV_139,38.8238335,101.0436096,2566.406,0,False
14,UAV_140,38.8538933,101.0874939,2570.7007,1,False
14,UAV_141,38.8094597,101.0033569,2568.8235,0,False
14,UAV_142,38.8733177,101.0920944,2575.5034,1,False
14,UAV_143,38.8118401,100.9662399,2574.3484,3,False
14,UAV_144,38.8467903,101.080246,2568.5884,0,False
14,UAV_145,38.8685341,101.1117401,2568.9038,1,False
14,UAV_146,38.9484062,100.9605255,2574.9988,2,False
14,UAV_147,38.9211273,100.9951859,2574.3242,2,False
14,UAV_148,38.8055916,100.989212,2575.4695,3,False
14,UAV_149,38.7986603,101.0765762,2576.3069,4,False
14,UAV_150,38.7830582,101.1090775,2576.4858,4,False
14,UAV_151,38.8381996,101.0847321,2572.1318,4,False
14,UAV_152,38.9014282,100.9574356,2573.946,2,False
14,UAV_153,38.8405075,101.099472,2572.3423,4,False
14,UAV_154,38.8081894,101.0762863,2570.6489,4,False
14,UAV_155,38.8760109,100.9728241,2571.8298,2,False
14,UAV_156,38.8295479,101.0706558,2569.9617,0,False
14,UAV_157,38.7955208,101.124054,2574.4521,4,False
14,UAV_158,38.8429642,101.0905151,2573.2539,4,False
14,UAV_159,38.8352547,101.0803146,2569.2939,0,False
14,UAV_160,38.8309898,101.007988,2572.1633,3,False
14,UAV_161,38.9427834,101.0926743,2573.0269,1,False
14,UAV_162,38.8814926,101.0177841,2569.988,0,False
14,UAV_163,38.7488899,101.0646133,2574.3291,4,False
14,UAV_164,38.7743568,100.9948502,2574.5049,3,False
14,UAV_165,38.8498497,100.9715576,2571.7917,3,False
14,UAV_166,38.8972969,101.0861359,2576.5718,5,False
14,UAV_167,38.9084702,101.0180817,2573.1702,2,False
14,UAV_168,38.7952805,101.0953445,2574.8843,4,False
14,UAV_169,38.8823395,101.0115204,2578.1379,5,False
14,UAV_170,38.8372269,101.0820236,2579.5056,5,False
14,UAV_171,38.8639832,101.0480728,2574.9084,5,False
14,UAV_172,38.8207588,101.0530472,2570.8013,0,False
14,UAV_173,38.7743111,100.9728165,2574.02,3,False
14,UAV_174,38.8396187,101.0044403,2571.5188,3,False
14,UAV_175,38.8659744,101.0953751,2576.8984,5,False
14,UAV_176,38.786541,101.1155396,2575.9895,4,False
14,UAV_177,38.8026123,101.0893936,2576.8748,4,False
14,UAV_178,38.8828583,101.019371,2575.8508,5,False
14,UAV_179,38.8393097,101.0220032,2567.9204,0,False
14,UAV_180,38.8627739,100.9943771,2573.291,2,False
14,UAV_181,38.9241753,101.0099411,2567.3557,0,False
14,UAV_182,38.8587646,101.0543442,2567.3889,0,False
14,UAV_183,38.8531837,100.9665604,2569.7119,0,False
14,UAV_184,38.7357864,101.0136566,2573.8057,3,False
14,UAV_185,38.9040833,101.0309143,2572.405,2,False
14,UAV_186,38.8663826,101.0330582,2563.2336,0,False
14,UAV_187,38.8582726,101.0944595,2570.2014,1,False
14,UAV_188,38.9149323,101.0072861,2571.9636,2,False
14,UAV_189,38.7900124,100.9963226,2572.657,3,False
14,UAV_190,38.9186211,100.9902878,2578.9646,5,False
14,UAV_191,38.8905487,100.9647217,2568.9849,2,False
14,UAV_192,38.7780037,100.9897003,2573.5618,3,False
14,UAV_193,38.7971001,100.9864044,2573.2739,3,False
14,UAV_194,38.8825912,101.0572433,2574.8389,5,False
14,UAV_195,38.962204,101.1554947,2572.1094,1,False
14,UAV_196,38.9038582,101.1335297,2572.915,1,False
14,UAV_197,38.9278564,101.0308228,2572.0664,2,False
14,UAV_198,38.8073349,101.0307846,2572.3496,3,False
14,UAV_199,38.8765945,101.0398941,2578.9458,5,False
14,UAV_200,38.7675362,101.1037216,2571.0273,4,False
14,UAV_201,38.9133644,101.0181122,2569.5664,2,False
14,UAV_202,38.7666473,100.9773331,2574.0188,3,False
14,UAV_203,38.8429489,101.0340958,2573.9336,5,False
14,UAV_204,38.8532677,101.0409241,2575.6941,5,False
14,UAV_205,38.7774773,101.1178589,2574.3027,4,False
14,UAV_206,38.9072952,101.0440598,2567.1733,0,False
14,UAV_207,38.8465042,101.0403366,2574.2952,5,False
14,UAV_208,38.847847,101.0810928,2575.282,4,False
14,UAV_209,38.8399658,101.1463699,2572.3184,4,False
14,UAV_210,38.9229813,101.0363083,2567.3699,0,False
14,UAV_211,38.7403107,100.9789047,2567.5249,3,False
14,UAV_212,38.7525063,100.996582,2577.4204,3,False
14,UAV_213,38.8281631,101.0373383,2573.7092,3,False
14,UAV_214,38.8273926,101.0593872,2573.6531,4,False
14,UAV_215,38.8672981,101.0946655,2573.3342,1,False
14,UAV_216,38.7986031,100.9965591,2564.9443,0,False
14,UAV_217,38.8828049,101.1526337,2572.4097,1,False
14,UAV_218,38.8004074,100.9813995,2577.7402,3,False
14,UAV_219,38.771656,101.0795593,2573.9834,4,False
14,UAV_220,38.892704,101.0348206,2571.7542,2,False
14,UAV_221,38.8730888,101.0369492,2574.6289,5,False
14,UAV_222,38.855442,101.057373,2572.0051,1,False
14,UAV_223,38.8428497,101.08638,2570.6494,4,False
14,UAV_224,38.7866859,100.9494705,2572.4858,3,False
14,UAV_225,38.8765678,101.0545807,2575.8367,5,False
14,UAV_226,38.7971153,100.9983597,2572.6365,3,False
14,UAV_227,38.8480148,101.1154404,2568.2322,1,False
14,UAV_228,38.8174858,101.0564346,2573.1704,4,False
14,UAV_229,38.9138145,100.9995117,2575.7583,2,False
14,UAV_230,38.8373985,101.1034927,2569.6912,4,False
14,UAV_231,38.8636246,101.0602417,2578.7419,5,False
14,UAV_232,38.7827187,100.970726,2569.5769,3,False
14,UAV_233,38.7683029,100.9900208,2568.4607,3,False
14,UAV_234,38.8572311,100.9954071,2576.7991,5,False
14,UAV_235,38.7986259,101.0075226,2574.0676,3,False
14,UAV_236,38.8460922,100.9740524,2569.6606,0,False
14,UAV_237,38.8723717,101.1136475,2574.269,1,False
14,UAV_238,38.9037666,101.0832214,2574.5911,1,False
14,UAV_239,38.8291359,101.0686111,2567.1641,0,False
14,UAV_240,38.8457565,101.0364685,2573.229,5,False
14,UAV_241,38.8570786,100.9834518,2567.5945,0,False
14,UAV_242,38.7802048,101.0208511,2574.4124,3,False
14,UAV_243,38.8228302,100.9986801,2572.6233,3,False
14,UAV_244,38.7868423,101.0941544,2571.0359,4,False
14,UAV_245,38.9112206,100.9618378,2574.3235,2,False
14,UAV_246,38.8893929,101.0036774,2576.6897,5,False
14,UAV_247,38.9258232,101.0630569,2574.2126,1,False
14,UAV_248,38.8357964,101.0954285,2577.1018,4,False
14,UAV_249,38.9358864,100.9436035,2568.9644,2,False
14,UAV_250,38.9598503,100.9679108,2572.2307,2,False
14,UAV_251,38.8494415,100.988884,2567.5693,0,False
14,UAV_252,38.7841911,101.1332626,2571.9695,4,False
14,UAV_253,38.8033981,101.1092606,2574.0059,4,False
14,UAV_254,38.874279,101.0515747,2566.5449,0,False
14,UAV_255,38.8626709,101.0265579,2570.3711,0,False
14,UAV_256,38.8990021,101.1167603,2570.0669,1,False
14,UAV_257,38.8550568,101.0758514,2573.3384,1,False
14,UAV_258,38.9053764,101.1238861,2570.8667,1,False
14,UAV_259,38.7641373,101.1326981,2573.1748,4,False
14,UAV_260,38.8239403,101.0638199,2573.7056,4,False
14,UAV_261,38.9121361,101.0779495,2572.7043,1,False
14,UAV_262,38.8814812,101.0503159,2568.385,0,True
14,UAV_263,38.7929077,101.1391373,2574.9202,4,False
14,UAV_264,38.9156799,101.0585022,2571.2039,1,False
14,UAV_265,38.8337135,101.0597534,2574.4116,4,False
14,UAV_266,38.879303,101.1017456,2573.3967,1,False
14,UAV_267,38.8830147,101.0993042,2569.7742,1,False
14,UAV_268,38.9243355,100.9683609,2575.7483,2,False
14,UAV_269,38.9274292,100.9951324,2574.802,2,False
14,UAV_270,38.8058434,101.0151215,2567.8354,0,False
14,UAV_271,38.8656349,100.9976883,2568.9241,0,False
14,UAV_272,38.7872887,100.9886398,2573.4324,3,False
14,UAV_273,38.8438911,101.0294266,2575.9573,5,False
14,UAV_274,38.8517418,101.0212708,2571.8909,0,False
14,UAV_275,38.9102745,100.9519424,2574.2273,2,False
14,UAV_276,38.8021049,101.0509415,2573.6711,4,False
14,UAV_277,38.7873001,100.9917831,2570.6667,3,False
14,UAV_278,38.7921104,101.101593,2564.1089,0,False
14,UAV_279,38.9003601,101.0902786,2574.0459,1,False
14,UAV_280,38.8394012,100.9678955,2576.0432,3,False
14,UAV_281,38.8695641,101.0494232,2570.7832,0,False
14,UAV_282,38.8294945,101.1362762,2575.1233,4,False
14,UAV_283,38.9075203,101.0921326,2575.0359,1,False
14,UAV_284,38.9026642,100.991272,2572.0994,2,False
14,UAV_285,38.8493805,101.0835342,2568.9297,0,False
14,UAV_286,38.7949219,100.9738159,2574.4346,3,False
14,UAV_287,38.8469276,101.1139374,2571.6116,1,False
14,UAV_288,38.9073334,101.08918,2575.6816,1,False
14,UAV_289,38.924984,101.0938492,2577.8892,5,False
14,UAV_290,38.764267,100.9644775,2572.8142,3,False
14,UAV_291,38.8068237,101.0210114,2572.3699,3,False
14,UAV_292,38.8593941,101.00103,2568.1741,0,False
14,UAV_293,38.8485718,101.1066055,2571.8899,1,False
14,UAV_294,38.8396606,101.1347122,2575.8462,4,False
14,UAV_295,38.8779373,101.0508804,2569.0618,0,False
14,UAV_296,38.8408356,101.1059723,2571.6326,4,False
14,UAV_297,38.7789612,101.0015717,2570.2581,3,False
14,UAV_298,38.7942886,101.1239243,2575.8281,4,False
14,UAV_299,38.7869148,101.0541916,2572.9683,4,False
14,UAV_300,38.824707,100.9612656,2571.4055,3,False
14,UAV_301,38.819706,101.0527267,2573.6289,4,False
14,UAV_302,38.7975159,101.1522141,2575.5591,4,False
14,UAV_303,38.9005699,101.1083679,2570.6125,1,False
14,UAV_304,38.9053078,101.0469589,2574.7131,5,False
14,UAV_305,38.8622208,100.9730759,2573.4473,2,False
14,UAV_306,38.8385315,100.9988403,2571.4082,3,False
14,UAV_307,38.8296852,100.9246063,2571.5051,3,False
14,UAV_308,38.8766937,101.1136398,2569.5181,1,False
14,UAV_309,38.9097061,101.0629959,2569.6421,1,False
14,UAV_310,38.8191452,100.9911652,2566.9163,0,False
14,UAV_311,38.7610741,101.0390244,2567.6521,0,False
14,UAV_312,38.9068489,101.0475464,2573.0774,2,False
14,UAV_313,38.8852463,101.0113678,2576.9536,5,False
14,UAV_314,38.9054413,100.9571686,2571.0088,2,False
14,UAV_315,38.8887978,100.9571457,2573.6868,2,False
14,UAV_316,38.9072952,101.0228958,2570.0349,2,False
14,UAV_317,38.9206924,101.0162659,2577.9121,5,False
14,UAV_318,38.8118248,101.0751648,2571.656,4,False
14,UAV_319,38.8485718,101.0001373,2573.4453,3,False
14,UAV_320,38.8440056,101.0127182,2571.8027,3,False
14,UAV_321,38.9619484,101.0093689,2571.8442,2,False
14,UAV_322,38.8129158,101.1074524,2569.3491,4,False
14,UAV_323,38.8111496,101.0165405,2576.9153,5,False
14,UAV_324,38.8790398,101.0267487,2567.6399,0,False
14,UAV_325,38.7988281,101.1136475,2578.6077,4,False
14,UAV_326,38.8682671,101.1290436,2574.4695,1,False
14,UAV_327,38.8815231,100.9912415,2572.0916,2,False
14,UAV_328,38.7585602,100.9671021,2570.4194,3,False
14,UAV_329,38.8228722,101.0854263,2569.8618,4,False
14,UAV_330,38.9229126,101.0041962,2573.3176,2,False
14,UAV_331,38.9261284,101.1226807,2569.9817,1,False
14,UAV_332,38.8997498,101.0430603,2571.4465,2,False
14,UAV_333,38.9494705,100.9900818,2569.2334,2,False
14,UAV_334,38.9142609,100.9840012,2576.5063,2,False
14,UAV_335,38.7643127,101.0332489,2571.0586,3,False
14,UAV_336,38.8058167,101.0048141,2578.4199,5,False
14,UAV_337,38.8828697,101.0359192,2575.2622,5,False
14,UAV_338,38.7871132,101.0399551,2574.2783,3,False
14,UAV_339,38.7909012,101.1369247,2573.1353,4,False
14,UAV_340,38.8487778,100.9990158,2571.4712,3,False
14,UAV_341,38.8103409,101.0123138,2576.5156,5,False
14,UAV_342,38.9062805,101.0506821,2574.2708,1,False
14,UAV_343,38.876709,101.0749664,2576.887,5,False
14,UAV_344,38.9284668,101.1278305,2574.6638,1,False
14,UAV_345,38.8275795,101.0179138,2571.853,3,False
14,UAV_346,38.8731537,101.0381088,2569.5093,0,False
14,UAV_347,38.8384399,101.0273056,2573.4578,3,False
14,UAV_348,38.8343697,101.0613327,2572.5542,4,False
14,UAV_349,38.8970108,100.9925842,2569.959,2,False
14,UAV_350,38.8380394,101.0911102,2575.251,4,False
14,UAV_351,38.9141235,101.1353226,2576.7991,1,False
14,UAV_352,38.7737236,101.0338821,2571.8896,3,False
14,UAV_353,38.8043175,100.9469452,2569.7136,3,False
14,UAV_354,38.7959862,100.9836121,2570.4512,3,False
14,UAV_355,38.8793831,101.0341492,2574.6245,5,False
14,UAV_356,38.8198357,101.0401001,2567.5403,0,False
14,UAV_357,38.7709312,100.9760437,2569.8125,3,False
14,UAV_358,38.8680992,101.0602036,2578.384,5,False
14,UAV_359,38.8199615,100.9655609,2575.9639,3,False
14,UAV_360,38.842514,101.1254883,2571.9436,4,False
14,UAV_361,38.9086037,101.0578766,2576.915,5,False
14,UAV_362,38.8333855,101.0949326,2570.4414,4,False
14,UAV_363,38.8354874,101.1245117,2574.5286,4,False
14,UAV_364,38.8630562,101.0574265,2576.4441,5,False
14,UAV_365,38.7774277,101.0398483,2571.0439,3,False
14,UAV_366,38.7703438,101.1007233,2571.0811,4,False
14,UAV_367,38.897522,100.981102,2573.1094,2,False
14,UAV_368,38.8699913,101.0681305,2576.3433,5,False
14,UAV_369,38.9051933,101.0952377,2573.502,1,False
14,UAV_370,38.853447,101.026001,2569.7712,0,False
14,UAV_371,38.8766518,101.0312958,2576.9961,5,False
14,UAV_372,38.879818,101.0357208,2577.8689,5,False
14,UAV_373,38.8529053,101.127388,2574.7273,4,False
14,UAV_374,38.8112183,101.0523605,2576.9639,5,False
14,UAV_375,38.8086891,101.0400238,2578.8716,5,False
14,UAV_376,38.7943954,101.0153427,2567.8066,0,False
14,UAV_377,38.8568764,101.0660553,2567.2449,0,False
14,UAV_378,38.8765907,101.0913467,2574.7344,1,False
14,UAV_379,38.7911148,100.9998856,2571.106,3,False
14,UAV_380,38.8319588,101.0063477,2577.0635,5,False
14,UAV_381,38.8619194,100.9751129,2567.6226,0,False
14,UAV_382,38.8663902,100.9736176,2576.7627,5,False
14,UAV_383,38.9206619,101.0162354,2574.9702,2,False
14,UAV_384,38.8888206,100.9891357,2570.1829,2,False
14,UAV_385,38.7958679,101.0838852,2576.2952,4,False
14,UAV_386,38.8463783,101.0881195,2573.4597,4,True
14,UAV_387,38.8901367,101.0642624,2569.7073,1,False
14,UAV_388,38.8037643,101.0854492,2568.7441,0,False
14,UAV_389,38.7998352,101.1221085,2575.0798,4,False
14,UAV_390,38.8290825,100.9970245,2571.3755,3,False
14,UAV_391,38.7731628,101.0751572,2574.698,4,False
14,UAV_392,38.8029861,101.0613556,2574.9548,4,False
14,UAV_393,38.9022408,100.9906998,2573.1687,2,False
14,UAV_394,38.9476318,101.0637131,2572.7947,1,False
14,UAV_395,38.8823509,100.9782028,2575.3574,2,False
14,UAV_396,38.957798,101.0125198,2568.3738,2,False
14,UAV_397,38.8317719,101.0218353,2572.1328,3,False
14,UAV_398,38.8912163,101.0776138,2572.6377,1,False
14,UAV_399,38.8591766,101.0799637,2568.0955,0,False
14,UAV_400,38.8499985,101.0271606,2577.5017,5,False
14,UAV_401,38.9064636,101.0149155,2576.175,5,False
14,UAV_402,38.8624573,101.0422974,2571.9436,0,False
14,UAV_403,38.877121,101.0734024,2570.0652,1,False
14,UAV_404,38.878006,101.0278015,2579.5352,5,False
14,UAV_405,38.9443817,101.0401306,2575.3608,2,False
14,UAV_406,38.8460617,101.0574646,2570.0691,0,False
14,UAV_407,38.7799225,101.0129852,2570.9983,3,False
14,UAV_408,38.7993813,101.0639191,2572.364,4,False
14,UAV_409,38.8795738,101.0174866,2577.2249,5,False
14,UAV_410,38.7752914,101.0505524,2576.5618,4,False
14,UAV_411,38.8933525,101.0623093,2578.6189,5,False
14,UAV_412,38.8053169,100.9592743,2576.72,3,False
14,UAV_413,38.8096924,101.0975037,2572.4478,4,False
14,UAV_414,38.8125877,100.9987717,2574.2056,3,False
14,UAV_415,38.8330383,100.9619064,2569.5002,3,False
14,UAV_416,38.8507233,101.0183716,2578.7363,5,False
14,UAV_417,38.9103165,101.1213531,2573.8137,1,False
14,UAV_418,38.9197998,101.0133896,2572.3484,2,False
14,UAV_419,38.8526192,100.9540634,2576.2642,3,False
14,UAV_420,38.7988205,101.0067368,2577.6433,5,False
14,UAV_421,38.7639313,101.0458221,2577.5481,4,False
14,UAV_422,38.8560257,100.9939041,2568.7466,0,False
14,UAV_423,38.8674622,101.0810242,2573.2837,1,False
14,UAV_424,38.7675362,100.9666138,2570.938,3,False
14,UAV_425,38.8876839,101.0592194,2569.6409,0,False
14,UAV_426,38.8546562,101.0621567,2572.5781,1,False
14,UAV_427,38.8409081,101.0349579,2578.5796,5,False
14,UAV_428,38.8335457,100.9668884,2571.3782,3,False
14,UAV_429,38.8478355,101.0052338,2575.5215,5,False
14,UAV_430,38.7650833,101.0607452,2573.7415,4,False
14,UAV_431,38.8110924,101.0118332,2574.6055,3,False
14,UAV_432,38.8755569,101.0686188,2574.7681,5,False
14,UAV_433,38.9590073,101.0037994,2569.6829,2,False
14,UAV_434,38.838131,100.9891891,2569.7046,0,False
14,UAV_435,38.8344307,100.9832764,2570.074,3,False
14,UAV_436,38.7837143,101.0055237,2575.616,3,False
14,UAV_437,38.8918533,101.119278,2579.6365,5,False
14,UAV_438,38.8764648,101.0088501,2569.7332,0,False
14,UAV_439,38.9483986,101.0076294,2574.8333,2,False
14,UAV_440,38.9186096,101.0299072,2573.8679,2,False
14,UAV_441,38.7861633,100.9557877,2572.9663,3,False
14,UAV_442,38.8640175,101.0104446,2571.231,0,False
14,UAV_443,38.929081,101.0883484,2576.0588,1,False
14,UAV_444,38.8162918,100.9906235,2581.157,5,False
14,UAV_445,38.818203,101.0052185,2567.2852,0,False
14,UAV_446,38.8754387,101.0888596,2569.9048,1,False
14,UAV_447,38.9198456,101.1168823,2573.6533,1,False
14,UAV_448,38.7801628,101.0408478,2566.7642,0,False
14,UAV_449,38.8074265,101.0644684,2574.4614,4,False
14,UAV_450,38.8165207,101.0889587,2573.0488,4,False
14,UAV_451,38.7678795,100.9888306,2566.3176,0,False
14,UAV_452,38.8713531,101.0892868,2573.6799,1,False
14,UAV_453,38.9226532,101.0359802,2572.8318,2,False
14,UAV_454,38.861927,101.0969391,2574.4551,1,False
14,UAV_455,38.8386688,100.9858475,2575.771,3,False
14,UAV_456,38.8179779,101.0506592,2575.8481,5,False
14,UAV_457,38.8432541,101.0426407,2572.1853,0,False
14,UAV_458,38.8574715,101.0543213,2562.5183,0,False
14,UAV_459,38.8927612,101.0019379,2572.8958,2,False
14,UAV_460,38.7709389,101.0851593,2571.2363,4,False
14,UAV_461,38.8706551,100.9615631,2571.9385,2,False
14,UAV_462,38.8304062,101.0993881,2573.2729,4,False
14,UAV_463,38.7797318,100.991539,2577.6453,3,False
14,UAV_464,38.8535004,100.9558487,2573.2961,3,False
14,UAV_465,38.846344,100.9749069,2571.5771,3,False
14,UAV_466,38.8992386,101.0738525,2576.6526,5,False
14,UAV_467,38.8241692,101.0619202,2576.137,5,False
14,UAV_468,38.7722168,101.0124054,2573.4368,3,False
14,UAV_469,38.845314,101.0558472,2573.8398,4,False
14,UAV_470,38.8473282,101.0624847,2572.1372,4,False
14,UAV_471,38.8086128,100.9827118,2573.8645,3,False
14,UAV_472,38.8954086,101.1049728,2572.314,1,True
14,UAV_473,38.8581963,101.0730286,2575.9412,5,False
14,UAV_474,38.8200455,100.9503403,2573.2495,3,False
14,UAV_475,38.9196587,101.0278397,2568.7361,2,False
14,UAV_476,38.945713,101.0520248,2575.3496,2,False
14,UAV_477,38.8353577,101.0270996,2571.1997,0,False
14,UAV_478,38.9025917,100.9860916,2574.8965,2,False
14,UAV_479,38.8797798,101.084877,2573.3928,1,False
14,UAV_480,38.8266525,101.0372086,2574.7214,5,False
14,UAV_481,38.8202019,100.9768295,2576.6228,3,False
14,UAV_482,38.7910385,101.09095,2575.6794,4,False
14,UAV_483,38.9004631,101.1099472,2571.6082,1,False
14,UAV_484,38.809948,101.0611038,2568.7747,0,False
14,UAV_485,38.8041573,101.0284653,2567.6013,0,False
14,UAV_486,38.9057159,101.0322571,2573.947,2,False
14,UAV_487,38.9169464,101.0112,2572.9861,2,False
14,UAV_488,38.8614998,100.9961319,2571.7664,2,False
14,UAV_489,38.8230553,101.0264893,2570.0811,0,False
14,UAV_490,38.8085594,100.9824905,2573.51,3,False
14,UAV_491,38.9278069,101.0387344,2580.5115,5,False
14,UAV_492,38.8524208,101.0452576,2569.1287,0,False
14,UAV_493,38.8354645,101.0502701,2575.3398,5,False
14,UAV_494,38.7982597,100.9981003,2576.7297,3,False
14,UAV_495,38.9246674,100.9698792,2577.8789,2,False
14,UAV_496,38.8224716,101.0543747,2574.3918,4,False
14,UAV_497,38.8157463,101.0242767,2567.7283,0,False
14,UAV_498,38.8054771,101.0283585,2572.387,3,False
14,UAV_499,38.8924141,100.9751282,2579.2573,5,False
14,UAV_500,38.7983513,101.0802536,2575.6604,4,False
15,UAV_001,38.8303871,101.0923233,2572.7244,3,False
15,UAV_002,38.8882828,101.000351,2571.5422,4,False
15,UAV_003,38.895546,101.0738907,2571.6301,0,True
15,UAV_004,38.8042679,101.0012131,2571.8086,2,False
15,UAV_005,38.8166656,101.0996933,2570.3481,2,False
15,UAV_006,38.7799568,101.0922241,2571.7383,2,False
15,UAV_007,38.8852081,101.0989685,2569.9302,0,False
15,UAV_008,38.8871651,101.0678558,2565.9338,4,False
15,UAV_009,38.9160309,101.1029663,2572.6533,0,False
15,UAV_010,38.8476257,100.955162,2570.2949,4,False
15,UAV_011,38.896019,101.0371704,2571.7522,4,False
15,UAV_012,38.8164825,101.007225,2571.5452,2,False
15,UAV_013,38.8557968,101.0553513,2574.1277,3,False
15,UAV_014,38.8128204,100.9932327,2569.5037,2,False
15,UAV_015,38.8802338,100.9751587,2568.6179,4,False
15,UAV_016,38.9645615,100.9760208,2568.6941,4,False
15,UAV_017,38.8710365,101.0317154,2575.3953,5,False
15,UAV_018,38.847065,100.9965439,2569.0483,4,False
15,UAV_019,38.8618622,101.0136871,2574.1978,5,False
15,UAV_020,38.8018799,100.9933929,2568.3591,2,False
15,UAV_021,38.8776245,101.1414795,2580.927,3,False
15,UAV_022,38.8962975,100.9853287,2573.8452,5,False
15,UAV_023,38.8717155,100.9590378,2570.9946,4,False
15,UAV_024,38.8788872,101.0308533,2573.3635,5,False
15,UAV_025,38.8914757,101.0148468,2576.5864,5,False
15,UAV_026,38.8949051,101.0804062,2573.5051,0,False
15,UAV_027,38.883255,101.065155,2575.7954,3,False
15,UAV_028,38.9036293,101.1253357,2572.3293,0,False
15,UAV_029,38.8359146,101.0350876,2571.0317,2,False
15,UAV_030,38.8490601,101.0223312,2578.1218,1,False
15,UAV_031,38.8578453,101.0260849,2574.2661,5,False
15,UAV_032,38.8552284,101.0936966,2572.6575,0,False
15,UAV_033,38.8853874,101.078125,2571.303,0,False
15,UAV_034,38.9042892,101.0447769,2571.2532,0,False
15,UAV_035,38.8321228,101.0321732,2575.3301,1,True
15,UAV_036,38.9249496,100.980423,2575.3306,5,False
15,UAV_037,38.9225273,100.9896927,2571.7239,5,False
15,UAV_038,38.9057846,101.0201035,2574.2639,5,False
15,UAV_039,38.9481506,100.9926834,2573.2688,5,False
15,UAV_040,38.8595009,100.9920578,2571.1621,4,False
15,UAV_041,38.8639412,100.9864807,2574.7336,5,False
15,UAV_042,38.8971825,101.0463638,2570.4094,4,False
15,UAV_043,38.8867493,101.0940018,2569.6262,0,False
15,UAV_044,38.7375221,101.0186386,2566.6089,2,False
15,UAV_045,38.9486122,101.0372543,2568.3843,4,False
15,UAV_046,38.7838287,100.9680862,2571.7339,1,False
15,UAV_047,38.8858833,100.9903336,2574.9219,5,True
15,UAV_048,38.9024887,101.0413208,2567.8984,4,False
15,UAV_049,38.7805672,101.0402985,2572.9612,2,False
15,UAV_050,38.8944016,101.033493,2573.7012,5,False
15,UAV_051,38.8901901,101.0536118,2575.24,5,False
15,UAV_052,38.7922325,101.0354004,2575.1052,1,False
15,UAV_053,38.9151039,101.0779953,2570.3967,0,False
15,UAV_054,38.825489,101.0637436,2578.1257,3,False
15,UAV_055,38.7871933,101.0787201,2570.4758,2,False
15,UAV_056,38.8911324,101.0190811,2566.4917,4,False
15,UAV_057,38.8022461,101.0831833,2571.8613,2,False
15,UAV_058,38.8224258,101.0286407,2575.4766,1,False
15,UAV_059,38.866188,101.0745926,2576.2056,3,False
15,UAV_060,38.7829742,101.0277481,2568.21,2,False
15,UAV_061,38.8376694,101.0511322,2577.021,3,False
15,UAV_062,38.8712769,101.0773849,2575.6382,3,False
15,UAV_063,38.9244614,100.9573898,2577.2683,5,False
15,UAV_064,38.8753853,101.128685,2571.2476,0,False
15,UAV_065,38.9189491,101.0230484,2574.2705,5,False
15,UAV_066,38.9222832,101.1272964,2572.5479,0,False
15,UAV_067,38.8977623,101.0082626,2575.1787,5,False
15,UAV_068,38.8918686,101.0354614,2567.4751,4,False
15,UAV_069,38.9389191,101.0591736,2574.9236,5,False
15,UAV_070,38.796608,101.020256,2574.1802,1,False
15,UAV_071,38.8267822,101.1292267,2576.1606,3,False
15,UAV_072,38.8514595,101.0143661,2573.7598,1,False
15,UAV_073,38.8129158,101.0123367,2573.314,1,False
15,UAV_074,38.7998543,100.9797211,2573.9797,1,False
15,UAV_075,38.8145218,100.9835281,2577.9358,1,False
15,UAV_076,38.8902893,101.0127258,2573.8083,5,False
15,UAV_077,38.8439255,101.120491,2576.7393,3,False
15,UAV_078,38.9089165,101.0112534,2570.5085,4,False
15,UAV_079,38.9109955,101.0479889,2576.168,5,False
15,UAV_080,38.958107,101.1002197,2572.2925,0,False
15,UAV_081,38.809269,100.9874954,2578.3364,1,False
15,UAV_082,38.8010864,101.0696411,2570.8435,2,False
15,UAV_083,38.7368927,101.0191269,2570.8809,2,False
15,UAV_084,38.831955,101.0710068,2573.1565,3,False
15,UAV_085,38.8949966,101.0327988,2572.3811,5,False
15,UAV_086,38.8917351,101.086235,2569.6226,0,False
15,UAV_087,38.8338051,101.1068497,2570.4084,0,False
15,UAV_088,38.834404,100.9703445,2576.2832,1,False
15,UAV_089,38.8600082,101.0639191,2571.0315,0,False
15,UAV_090,38.8760796,101.0217133,2573.9089,5,False
15,UAV_091,38.8305473,101.0242844,2571.8164,2,False
15,UAV_092,38.8248787,100.9964447,2574.2236,1,False
15,UAV_093,38.9609718,100.9265366,2577.4675,5,False
15,UAV_094,38.8119316,101.0165787,2573.8757,1,False
15,UAV_095,38.8540726,101.1057434,2573.0256,0,False
15,UAV_096,38.8633804,101.0676117,2570.4277,0,False
15,UAV_097,38.7541046,100.9723282,2571.9934,1,False
15,UAV_098,38.8433609,101.1098938,2574.3994,3,False
15,UAV_099,38.8989029,101.0278244,2572.5032,5,False
15,UAV_100,38.9069824,101.115242,2569.6646,0,False
15,UAV_101,38.8787079,100.989212,2574.718,5,False
15,UAV_102,38.8078995,101.0791855,2578.1284,3,False
15,UAV_103,38.887764,100.9601364,2572.3521,5,False
15,UAV_104,38.7995911,101.0188751,2572.6135,2,False
15,UAV_105,38.8915405,101.0038986,2568.2061,4,False
15,UAV_106,38.9002037,101.0011749,2572.241,5,False
15,UAV_107,38.7858925,101.07341,2572.5696,2,False
15,UAV_108,38.9486198,100.9864349,2568.4055,4,False
15,UAV_109,38.8992615,101.0455856,2577.0464,5,False
15,UAV_110,38.8291359,101.0948563,2567.4719,2,False
15,UAV_111,38.8153114,101.0337296,2576.187,1,False
15,UAV_112,38.7945747,100.9817886,2573.0085,1,False
15,UAV_113,38.7636337,100.980835,2568.2561,2,False
15,UAV_114,38.8952637,101.0117416,2572.6658,5,False
15,UAV_115,38.8792992,101.0387115,2569.6443,4,False
15,UAV_116,38.8147888,101.0354385,2569.8572,2,False
15,UAV_117,38.8813133,100.9437332,2573.2493,5,False
15,UAV_118,38.7998619,101.02005,2571.2549,2,False
15,UAV_119,38.8142548,101.0754089,2569.8169,2,False
15,UAV_120,38.8541565,101.068924,2573.7195,3,False
15,UAV_121,38.7855797,101.1059647,2572.679,3,False
15,UAV_122,38.7878609,101.0365143,2570.0967,2,False
15,UAV_123,38.8753128,101.0368958,2570.8738,4,False
15,UAV_124,38.8737717,101.1218338,2573.6772,0,False
15,UAV_125,38.841404,100.9984436,2574.906,1,False
15,UAV_126,38.7977676,101.0259171,2564.6797,2,False
15,UAV_127,38.9143715,101.0161285,2577.4893,5,False
15,UAV_128,38.8550606,100.9728622,2569.8389,4,False
15,UAV_129,38.9239311,101.0106735,2570.4543,4,False
15,UAV_130,38.7932549,101.0134659,2572.3008,2,False
15,UAV_131,38.903038,100.9818649,2568.9133,4,False
15,UAV_132,38.9335403,101.0222092,2574.9351,5,False
15,UAV_133,38.873703,101.0546722,2564.2686,4,False
15,UAV_134,38.75103,101.0134201,2572.2476,2,False
15,UAV_135,38.7916489,101.046257,2576.2122,1,False
15,UAV_136,38.8326683,101.054512,2576.2827,3,False
15,UAV_137,38.8355713,100.9934769,2574.2271,1,False
15,UAV_138,38.8157005,101.0629807,2569.9189,2,False
15,UAV_139,38.8222542,101.0428391,2568.7046,2,False
15,UAV_140,38.853878,101.0856857,2568.5381,0,False
15,UAV_141,38.8084564,101.0018082,2569.4741,2,False
15,UAV_142,38.8738747,101.0945358,2578.4758,3,False
15,UAV_143,38.8082809,100.9692993,2575.1675,1,False
15,UAV_144,38.8465347,101.0802307,2573.7253,3,False
15,UAV_145,38.8680496,101.1101913,2571.0801,0,False
15,UAV_146,38.9561005,100.940834,2572.0696,5,False
15,UAV_147,38.920475,100.9951706,2575.2039,5,False
15,UAV_148,38.8059654,100.9892578,2574.1519,1,False
15,UAV_149,38.7962303,101.0765686,2573.9949,3,False
15,UAV_150,38.7820168,101.1094208,2576.1946,3,False
15,UAV_151,38.858799,101.083519,2571.5237,0,False
15,UAV_152,38.9087143,100.9574814,2576.4951,5,False
15,UAV_153,38.837822,101.1077728,2571.7656,0,False
15,UAV_154,38.7981949,101.0762787,2575.5249,3,False
15,UAV_155,38.8740883,100.9696884,2567.0278,4,False
15,UAV_156,38.8279152,101.0680542,2569.6711,2,False
15,UAV_157,38.7955742,101.124382,2570.6138,2,False
15,UAV_158,38.8435974,101.0897675,2568.9622,0,False
15,UAV_159,38.8358536,101.0800247,2572.4045,0,False
15,UAV_160,38.8307228,101.0042953,2568.8572,4,False
15,UAV_161,38.9409828,101.092308,2574.1023,0,False
15,UAV_162,38.8805542,101.0161896,2572.395,5,False
15,UAV_163,38.7472382,101.0621262,2577.3948,3,False
15,UAV_164,38.7742844,100.9935684,2576.052,1,False
15,UAV_165,38.8512077,100.9678116,2572.9822,1,False
15,UAV_166,38.8943977,101.0862274,2573.3284,0,False
15,UAV_167,38.9098625,101.0180359,2573.2151,5,False
15,UAV_168,38.7933311,101.0953293,2573.1675,3,False
15,UAV_169,38.8794823,101.0115509,2574.0039,5,False
15,UAV_170,38.8396988,101.0867386,2577.8301,3,False
15,UAV_171,38.8638458,101.0483322,2578.3118,3,False
15,UAV_172,38.8195763,101.0522537,2571.1313,2,False
15,UAV_173,38.7740936,100.9729614,2579.623,1,False
15,UAV_174,38.8397675,101.0048828,2576.6326,1,False
15,UAV_175,38.8650055,101.0958328,2579.0029,3,False
15,UAV_176,38.7864265,101.1156387,2575.4722,3,False
15,UAV_177,38.8027229,101.0895615,2578.1907,3,False
15,UAV_178,38.8821564,101.0175552,2568.1746,4,False
15,UAV_179,38.8375359,101.0208054,2572.426,2,False
15,UAV_180,38.8624496,100.9947815,2574.1296,5,False
15,UAV_181,38.922657,101.0091019,2568.5562,4,False
15,UAV_182,38.8589363,101.0541687,2567.4573,4,False
15,UAV_183,38.8528442,100.9645996,2566.7095,4,False
15,UAV_184,38.7355347,101.0100708,2570.5508,2,False
15,UAV_185,38.9032974,101.028801,2569.6763,4,False
15,UAV_186,38.8668289,101.0317993,2569.3113,4,False
15,UAV_187,38.8595047,101.0933609,2572.1147,0,False
15,UAV_188,38.9149475,101.0071182,2571.27,4,False
15,UAV_189,38.7886658,100.9960632,2570.3818,2,False
15,UAV_190,38.9149971,100.99366,2579.8987,5,False
15,UAV_191,38.8904991,100.9644547,2574.5059,5,False
15,UAV_192,38.7600594,100.9857254,2571.9097,2,False
15,UAV_193,38.79245,100.9877777,2571.3113,2,False
15,UAV_194,38.8802605,101.0571899,2576.3308,5,False
15,UAV_195,38.9021759,101.0853195,2576.1509,3,False
15,UAV_196,38.952961,101.0647354,2572.0718,0,False
15,UAV_197,38.9273605,101.0310593,2575.6021,5,False
15,UAV_198,38.8073425,101.0308228,2574.093,1,False
15,UAV_199,38.8762016,101.0401382,2576.8501,5,False
15,UAV_200,38.7660255,101.1042709,2573.8987,3,False
15,UAV_201,38.9089241,101.0217361,2580.321,5,False
15,UAV_202,38.7878571,100.9424896,2572.2603,1,False
15,UAV_203,38.8417015,101.0338974,2573.6179,1,False
15,UAV_204,38.8489761,101.0420456,2578.7727,3,False
15,UAV_205,38.7769585,101.1185608,2575.7788,3,False
15,UAV_206,38.9067726,101.0431137,2572.6455,5,False
15,UAV_207,38.8470535,101.0403976,2573.915,1,False
15,UAV_208,38.8479919,101.0805588,2571.7852,0,False
15,UAV_209,38.8284111,101.1321335,2575.2737,3,False
15,UAV_210,38.9239578,101.0356522,2566.9187,4,False
15,UAV_211,38.7639656,101.012001,2575.7751,1,False
15,UAV_212,38.7520485,100.9992065,2578.9888,1,False
15,UAV_213,38.8301353,101.0428543,2572.8794,2,False
15,UAV_214,38.8273392,101.0593948,2577.7664,3,False
15,UAV_215,38.8718529,101.0946579,2573.6589,0,False
15,UAV_216,38.7973061,100.9938049,2570.5352,2,True
15,UAV_217,38.9055481,101.126564,2574.1697,0,False
15,UAV_218,38.8078613,100.9814301,2575.2234,1,False
15,UAV_219,38.771534,101.0797272,2575.0552,3,False
15,UAV_220,38.8930664,101.0346527,2570.0608,4,False
15,UAV_221,38.8731308,101.037262,2578.6013,5,False
15,UAV_222,38.857132,101.0565338,2574.0808,3,False
15,UAV_223,38.8411179,101.0853271,2572.6943,0,False
15,UAV_224,38.7898636,100.9463806,2567.8213,2,False
15,UAV_225,38.8687782,101.1081314,2574.4685,3,False
15,UAV_226,38.799015,100.9977341,2576.5044,1,False
15,UAV_227,38.8478775,101.1157761,2572.1951,0,False
15,UAV_228,38.8220558,101.056488,2571.0264,2,False
15,UAV_229,38.9072533,100.9996796,2574.6929,5,False
15,UAV_230,38.8456802,101.103508,2576.825,3,False
15,UAV_231,38.8607292,101.0647812,2569.3435,0,False
15,UAV_232,38.7865448,100.9699783,2569.5581,2,False
15,UAV_233,38.7684097,100.9889832,2567.363,2,False
15,UAV_234,38.8551331,100.9953995,2576.9421,1,False
15,UAV_235,38.8012657,101.0097809,2576.7017,1,False
15,UAV_236,38.8491211,100.9719009,2568.7119,4,False
15,UAV_237,38.863842,101.1167679,2576.134,3,False
15,UAV_238,38.9024963,101.0820084,2573.7771,0,False
15,UAV_239,38.8307457,101.0679703,2571.9656,2,False
15,UAV_240,38.8450012,101.0380936,2578.0879,3,False
15,UAV_241,38.8562737,100.98172,2566.2939,4,False
15,UAV_242,38.7797585,101.0214539,2577.8269,1,False
15,UAV_243,38.8230019,100.9986496,2575.0759,1,False
15,UAV_244,38.7874565,101.0930634,2569.5938,2,False
15,UAV_245,38.9182358,100.9588165,2573.9238,5,False
15,UAV_246,38.8893814,101.0091629,2573.0806,5,False
15,UAV_247,38.9269638,101.0629959,2573.4041,0,False
15,UAV_248,38.8536568,101.0965271,2572.5093,0,False
15,UAV_249,38.9388161,100.9481888,2576.1968,5,False
15,UAV_250,38.9646339,100.9816971,2574.5925,5,False
15,UAV_251,38.8500328,100.9879761,2571.719,4,False
15,UAV_252,38.7827072,101.1330566,2578.0388,3,False
15,UAV_253,38.8031845,101.1060333,2568.3176,2,False
15,UAV_254,38.8741913,101.0505295,2567.0867,4,False
15,UAV_255,38.8618813,101.024086,2570.6274,4,False
15,UAV_256,38.8987236,101.1168442,2577.9329,3,False
15,UAV_257,38.8544655,101.0759735,2576.498,3,False
15,UAV_258,38.9309883,101.0629425,2570.5283,0,False
15,UAV_259,38.765831,101.1397476,2577.4216,3,False
15,UAV_260,38.8237228,101.0639343,2576.8652,3,False
15,UAV_261,38.9117661,101.0528107,2569.9001,0,False
15,UAV_262,38.8885689,101.0507431,2572.9612,0,False
15,UAV_263,38.7928009,101.1397705,2575.6843,3,False
15,UAV_264,38.9159698,101.0607147,2575.1648,5,False
15,UAV_265,38.8369637,101.0613632,2572.3613,2,False
15,UAV_266,38.8788147,101.1010513,2569.6973,0,False
15,UAV_267,38.8834229,101.099205,2569.5967,0,False
15,UAV_268,38.9241409,100.9686127,2578.4338,5,False
15,UAV_269,38.9253349,100.9947815,2572.7632,5,False
15,UAV_270,38.805088,101.0146561,2565.7029,2,False
15,UAV_271,38.8658752,100.9975662,2571.3904,4,False
15,UAV_272,38.7885475,100.9817505,2574.5396,1,False
15,UAV_273,38.844326,101.0290146,2568.4819,4,False
15,UAV_274,38.8511467,101.0215988,2573.4604,1,False
15,UAV_275,38.9069519,100.9546127,2576.0698,5,False
15,UAV_276,38.8010368,101.0544205,2572.8396,2,False
15,UAV_277,38.7859344,100.9912109,2571.054,2,False
15,UAV_278,38.7922859,101.101059,2569.6365,2,False
15,UAV_279,38.8978424,101.090271,2574.2849,0,False
15,UAV_280,38.8357544,100.9709244,2573.5583,1,False
15,UAV_281,38.8788986,101.047287,2573.1848,0,False
15,UAV_282,38.8252029,101.1344833,2573.3071,3,False
15,UAV_283,38.9066544,101.0922394,2578.6541,3,False
15,UAV_284,38.9031029,100.9940338,2570.9626,4,False
15,UAV_285,38.8485489,101.0838165,2574.9966,3,False
15,UAV_286,38.7901497,100.970787,2574.8987,1,False
15,UAV_287,38.8465004,101.1131134,2572.0266,0,False
15,UAV_288,38.9071884,101.0894318,2571.0244,0,False
15,UAV_289,38.9279137,101.0989151,2573.7671,0,False
15,UAV_290,38.750145,100.9545822,2570.0024,2,False
15,UAV_291,38.8099403,101.0901947,2571.8333,2,False
15,UAV_292,38.8584518,101.0014954,2575.6084,5,False
15,UAV_293,38.8513756,101.1081924,2571.1641,0,False
15,UAV_294,38.8401871,101.1352692,2576.1812,3,False
15,UAV_295,38.9019547,101.0272827,2570.7173,4,False
15,UAV_296,38.8410339,101.1057968,2573.4888,3,False
15,UAV_297,38.7804184,101.0008087,2572.1997,2,False
15,UAV_298,38.797596,101.1218338,2576.6589,3,False
15,UAV_299,38.7864075,101.0544205,2573.5076,2,False
15,UAV_300,38.8245468,100.961235,2571.6821,1,False
15,UAV_301,38.8410263,101.0515289,2575.2393,3,False
15,UAV_302,38.7958031,101.1523819,2581.1785,3,False
15,UAV_303,38.9009285,101.1069031,2572.4014,0,False
15,UAV_304,38.904377,101.0484848,2571.6921,0,False
15,UAV_305,38.8619843,100.9729156,2571.4373,4,False
15,UAV_306,38.8402214,100.9988708,2575.656,1,False
15,UAV_307,38.8317871,100.9273529,2570.2566,4,False
15,UAV_308,38.8752022,101.11306,2570.4751,0,False
15,UAV_309,38.9082069,101.064682,2577.4331,5,False
15,UAV_310,38.8238792,100.9876022,2570.0945,2,False
15,UAV_311,38.7601242,101.03685,2566.5144,2,False
15,UAV_312,38.9064102,101.0464706,2571.1584,0,False
15,UAV_313,38.8859787,101.0138092,2575.0308,5,False
15,UAV_314,38.9032326,100.9571228,2576.0134,5,False
15,UAV_315,38.8273354,101.0069504,2575.2654,1,False
15,UAV_316,38.9091644,101.0231857,2575.1177,5,False
15,UAV_317,38.9232635,101.0176773,2568.9702,4,False
15,UAV_318,38.8111992,101.0754776,2571.2439,2,False
15,UAV_319,38.8564301,101.0005035,2577.3052,1,False
15,UAV_320,38.8349228,101.0083008,2576.4675,1,False
15,UAV_321,38.9683533,100.9928665,2571.5178,5,False
15,UAV_322,38.8141022,101.1058121,2567.592,2,False
15,UAV_323,38.7404022,101.0155411,2566.7539,2,False
15,UAV_324,38.8801041,101.0265579,2568.0938,4,False
15,UAV_325,38.7989197,101.1137238,2576.9241,3,False
15,UAV_326,38.867981,101.129425,2572.8877,0,False
15,UAV_327,38.880291,100.9927673,2575.9153,5,False
15,UAV_328,38.7736626,100.9779129,2576.6665,1,False
15,UAV_329,38.7615585,101.1401596,2576.8923,3,False
15,UAV_330,38.9222641,101.0043793,2577.8633,5,False
15,UAV_331,38.9264259,101.1211243,2572.9124,0,False
15,UAV_332,38.9004555,101.0430756,2574.3777,5,False
15,UAV_333,38.9500656,100.9892197,2568.8169,4,False
15,UAV_334,38.8849983,101.0132446,2575.073,5,False
15,UAV_335,38.7678909,101.0323105,2572.8164,2,False
15,UAV_336,38.8100395,101.0048752,2572.272,2,False
15,UAV_337,38.8827248,101.0356598,2574.6772,5,False
15,UAV_338,38.7845993,101.0399628,2576.5444,1,False
15,UAV_339,38.7934265,101.1389847,2572.7708,3,False
15,UAV_340,38.8495445,100.997612,2570.1558,4,False
15,UAV_341,38.8103104,101.0205994,2576.9734,1,False
15,UAV_342,38.9333611,101.1051407,2571.7983,0,False
15,UAV_343,38.8711395,101.080307,2576.0327,3,True
15,UAV_344,38.9285583,101.1280975,2574.1389,0,False
15,UAV_345,38.8275299,101.0182495,2572.0547,2,False
15,UAV_346,38.886776,101.0368652,2573.2712,5,False
15,UAV_347,38.8376312,101.0255585,2569.384,2,False
15,UAV_348,38.832634,101.0613708,2576.2163,3,False
15,UAV_349,38.8715973,100.9973679,2574.7634,5,False
15,UAV_350,38.8453674,101.0946045,2571.3689,0,False
15,UAV_351,38.9128952,101.135376,2567.7019,0,False
15,UAV_352,38.7498856,101.0731049,2569.8413,2,False
15,UAV_353,38.801754,100.9485016,2574.9407,1,False
15,UAV_354,38.7954559,100.9833908,2577.5378,1,False
15,UAV_355,38.8800621,101.0356827,2570.5469,4,False
15,UAV_356,38.8196526,101.0396729,2573.4812,2,False
15,UAV_357,38.802124,100.9964142,2576.9958,1,False
15,UAV_358,38.8694077,101.0630722,2572.0027,0,False
15,UAV_359,38.8418121,100.9586182,2577.6506,1,False
15,UAV_360,38.8452034,101.1218491,2570.8101,0,False
15,UAV_361,38.9079437,101.0662079,2575.9199,5,False
15,UAV_362,38.8327484,101.0947342,2571.7527,0,False
15,UAV_363,38.833683,101.12397,2575.0537,3,False
15,UAV_364,38.8565407,101.0636597,2575.5396,3,False
15,UAV_365,38.7822647,101.0362778,2570.2224,2,False
15,UAV_366,38.776741,101.0988846,2570.3748,2,False
15,UAV_367,38.8951111,100.9819489,2572.4443,5,False
15,UAV_368,38.8725052,101.0675659,2570.3728,0,False
15,UAV_369,38.9238777,101.096817,2574.3164,0,False
15,UAV_370,38.8530846,101.0256958,2573.1536,5,False
15,UAV_371,38.8762856,101.0315018,2577.416,5,False
15,UAV_372,38.880043,101.0359116,2571.5525,4,False
15,UAV_373,38.8526268,101.1239014,2572.457,0,False
15,UAV_374,38.8122215,101.0524216,2572.7444,2,False
15,UAV_375,38.8087616,101.0400467,2575.1472,1,False
15,UAV_376,38.7946014,101.0151749,2570.8474,2,False
15,UAV_377,38.8627167,101.0636292,2571.1487,0,False
15,UAV_378,38.8757515,101.0932465,2575.2756,3,False
15,UAV_379,38.7885399,100.9998703,2574.8027,1,False
15,UAV_380,38.8301239,101.0063324,2575.5569,1,False
15,UAV_381,38.8690491,100.9730225,2575.4016,5,False
15,UAV_382,38.844059,100.9950714,2577.9661,1,False
15,UAV_383,38.9211044,101.0164032,2573.0991,5,False
15,UAV_384,38.8887825,100.9888916,2570.762,4,False
15,UAV_385,38.7922821,101.0869217,2574.8696,3,False
15,UAV_386,38.8459435,101.0886307,2573.051,0,False
15,UAV_387,38.8919449,101.0641174,2571.5198,0,False
15,UAV_388,38.8038292,101.0849457,2572.3499,2,False
15,UAV_389,38.80299,101.1237946,2575.1113,3,False
15,UAV_390,38.8304443,100.996521,2569.2024,4,True
15,UAV_391,38.7730789,101.0755005,2570.4639,2,False
15,UAV_392,38.8029823,101.0614395,2572.7517,2,False
15,UAV_393,38.9018478,100.9906769,2569.5037,4,False
15,UAV_394,38.9480667,101.0634613,2575.4446,5,False
15,UAV_395,38.88311,100.9766617,2569.3254,4,False
15,UAV_396,38.9577522,101.0105667,2565.7441,4,False
15,UAV_397,38.8316231,101.0215836,2573.0459,1,False
15,UAV_398,38.8905792,101.0765305,2572.9172,0,False
15,UAV_399,38.8597488,101.0782166,2568.385,0,False
15,UAV_400,38.8495064,101.0279083,2570.9995,4,False
15,UAV_401,38.9044838,101.0137405,2566.5,4,False
15,UAV_402,38.8691444,101.0395203,2571.2502,4,False
15,UAV_403,38.8812943,101.0727615,2569.0652,0,False
15,UAV_404,38.8754883,101.0277939,2572.3147,5,False
15,UAV_405,38.938652,101.0418549,2576.3149,5,False
15,UAV_406,38.84375,101.0574341,2574.5649,3,False
15,UAV_407,38.7800446,100.9945068,2570.2864,2,False
15,UAV_408,38.7994766,101.0641632,2570.3296,2,False
15,UAV_409,38.8796387,101.0171432,2570.884,4,False
15,UAV_410,38.774868,101.0507126,2573.5466,2,False
15,UAV_411,38.8915901,101.0622864,2571.7744,0,False
15,UAV_412,38.8036308,100.9607239,2577.7913,1,False
15,UAV_413,38.8094025,101.0967178,2567.1409,2,False
15,UAV_414,38.7985802,101.0147476,2578.5518,1,False
15,UAV_415,38.8385925,100.9579697,2570.6174,4,False
15,UAV_416,38.8479118,101.0183716,2576.4038,1,False
15,UAV_417,38.9101982,101.12146,2574.2361,0,False
15,UAV_418,38.9187889,101.0180359,2575.6538,5,False
15,UAV_419,38.8571701,100.9539948,2570.6985,4,False
15,UAV_420,38.7964287,101.0067291,2575.6638,1,False
15,UAV_421,38.7616272,101.04673,2576.6467,1,False
15,UAV_422,38.8564568,100.9927597,2570.2046,4,False
15,UAV_423,38.8694992,101.0810852,2571.5415,0,False
15,UAV_424,38.7662697,100.9637909,2568.8103,2,False
15,UAV_425,38.8876839,101.0595627,2576.468,5,False
15,UAV_426,38.8623123,101.0549622,2575.4282,3,False
15,UAV_427,38.841156,101.0351334,2571.4028,2,False
15,UAV_428,38.8347855,100.9653931,2569.9363,4,False
15,UAV_429,38.840641,101.0038071,2577.7822,1,False
15,UAV_430,38.7634583,101.0600815,2569.9607,2,False
15,UAV_431,38.8087769,101.0126343,2574.6292,1,False
15,UAV_432,38.8905525,101.0560455,2577.6211,5,False
15,UAV_433,38.9590149,100.9998779,2572.5776,5,False
15,UAV_434,38.8380775,100.9872589,2568.0764,4,False
15,UAV_435,38.8353462,100.9815445,2568.9775,4,False
15,UAV_436,38.7797432,101.0086136,2573.9753,1,False
15,UAV_437,38.8907585,101.119812,2569.821,0,False
15,UAV_438,38.8748474,101.0082321,2565.406,4,False
15,UAV_439,38.9452744,101.0093155,2573.8943,5,False
15,UAV_440,38.9216957,101.028511,2574.3611,5,False
15,UAV_441,38.7896652,100.9556503,2575.8738,1,False
15,UAV_442,38.8626671,101.0084839,2571.7117,4,False
15,UAV_443,38.8995247,101.086647,2568.7219,0,False
15,UAV_444,38.8137741,100.9906311,2569.7415,2,False
15,UAV_445,38.8167801,101.0026169,2573.103,1,False
15,UAV_446,38.8744621,101.088295,2572.6514,0,False
15,UAV_447,38.9129982,101.1170883,2570.5637,0,False
15,UAV_448,38.7796822,101.0401611,2573.0981,2,False
15,UAV_449,38.807415,101.0644455,2572.8354,2,False
15,UAV_450,38.8259239,101.0894852,2574.9412,3,False
15,UAV_451,38.770443,100.9883881,2574.9053,1,False
15,UAV_452,38.8706741,101.0894165,2575.4519,3,False
15,UAV_453,38.9236107,101.0383835,2580.5776,5,False
15,UAV_454,38.8702507,101.0969086,2573.3455,0,False
15,UAV_455,38.8362694,100.9858475,2577.5796,1,False
15,UAV_456,38.8195953,101.0498047,2577.7283,3,False
15,UAV_457,38.8437157,101.0422516,2569.5984,2,False
15,UAV_458,38.8562164,101.051918,2569.7773,4,False
15,UAV_459,38.8920288,101.0018234,2575.2527,5,False
15,UAV_460,38.7688904,101.0839844,2574.0955,3,False
15,UAV_461,38.8720512,100.9602356,2575.907,5,False
15,UAV_462,38.8348694,101.0960693,2573.5146,3,False
15,UAV_463,38.7797241,100.9922943,2571.5615,2,False
15,UAV_464,38.872715,101.0208969,2569.9778,4,False
15,UAV_465,38.8473167,100.973465,2570.0972,4,False
15,UAV_466,38.9032669,101.0710449,2570.5791,0,False
15,UAV_467,38.8679924,101.0217819,2573.3645,5,False
15,UAV_468,38.8212204,100.9847794,2575.7827,1,False
15,UAV_469,38.8453445,101.055954,2573.4412,3,False
15,UAV_470,38.8474846,101.0623398,2568.2336,2,False
15,UAV_471,38.8092308,100.9818954,2572.6655,1,False
15,UAV_472,38.8911819,101.1126328,2572.3977,0,False
15,UAV_473,38.8591652,101.0797653,2571.657,0,False
15,UAV_474,38.8199692,100.9523926,2572.54,1,False
15,UAV_475,38.9203377,101.0276794,2564.6848,4,False
15,UAV_476,38.9436111,101.0516586,2572.925,5,False
15,UAV_477,38.8323975,101.0228729,2571.0981,2,False
15,UAV_478,38.9024048,100.9864502,2573.7815,5,False
15,UAV_479,38.8798332,101.0830231,2569.9556,0,False
15,UAV_480,38.8297386,101.0386581,2568.3088,2,False
15,UAV_481,38.8204613,100.9769592,2574.6584,1,False
15,UAV_482,38.7900124,101.0932236,2573.4597,3,False
15,UAV_483,38.9004021,101.1094894,2569.2124,0,False
15,UAV_484,38.8132858,101.0608902,2579.2217,3,False
15,UAV_485,38.8039398,101.0271683,2569.4631,2,False
15,UAV_486,38.9067078,101.0322571,2575.8608,5,False
15,UAV_487,38.915844,101.0108795,2574.1707,5,False
15,UAV_488,38.8579216,101.0060349,2575.0015,5,False
15,UAV_489,38.8237877,101.0255127,2570.459,2,False
15,UAV_490,38.8159409,100.9825134,2576.9604,1,False
15,UAV_491,38.9265366,101.0391846,2573.8408,5,False
15,UAV_492,38.8512878,101.0451584,2570.6411,2,False
15,UAV_493,38.8613892,101.0073471,2573.7239,5,False
15,UAV_494,38.7972412,100.9981995,2572.5261,1,False
15,UAV_495,38.9286308,100.9730377,2573.3357,5,False
15,UAV_496,38.8228378,101.0506744,2572.4585,2,False
15,UAV_497,38.813797,101.0230942,2569.782,2,False
15,UAV_498,38.8076363,101.0269012,2572.2798,2,False
15,UAV_499,38.8901253,100.9751129,2575.2336,5,False
15,UAV_500,38.7999001,101.0827255,2572.3428,2,False
16,UAV_001,38.8303566,101.0917511,2568.8943,1,False
16,UAV_002,38.8875351,100.998642,2569.1619,3,False
16,UAV_003,38.895359,101.0719986,2570.3667,1,False
16,UAV_004,38.8023338,101.0012054,2574.6169,4,False
16,UAV_005,38.8165283,101.0997238,2571.3376,1,False
16,UAV_006,38.7778816,101.0899506,2573.3083,2,False
16,UAV_007,38.8862534,101.0984344,2569.677,1,False
16,UAV_008,38.8862419,101.0667267,2569.7285,1,False
16,UAV_009,38.915844,101.1027985,2568.8345,1,False
16,UAV_010,38.8493271,100.9518585,2570.4402,3,False
16,UAV_011,38.8971062,101.0371857,2573.376,0,False
16,UAV_012,38.7951202,100.9902344,2570.4912,4,False
16,UAV_013,38.8551979,101.0554123,2575.7095,2,False
16,UAV_014,38.8142776,100.9857941,2574.3091,4,False
16,UAV_015,38.8804893,100.9737015,2575.0212,0,True
16,UAV_016,38.9650536,100.9749451,2567.2212,3,False
16,UAV_017,38.8699036,101.0337982,2571.0095,3,False
16,UAV_018,38.8504829,100.9959106,2576.1875,0,False
16,UAV_019,38.8266029,101.035141,2571.9861,4,False
16,UAV_020,38.8049011,100.9910889,2573.8445,4,False
16,UAV_021,38.8625946,101.148941,2577.4304,5,False
16,UAV_022,38.8897057,100.984375,2572.1431,3,False
16,UAV_023,38.8712769,100.958786,2569.9377,3,False
16,UAV_024,38.8769226,101.0307999,2577.2415,0,False
16,UAV_025,38.8907547,101.0163651,2572.9307,0,False
16,UAV_026,38.8956451,101.0817719,2574.4324,5,False
16,UAV_027,38.8866615,101.0690536,2576.4114,5,False
16,UAV_028,38.9029808,101.1240158,2566.9661,1,False
16,UAV_029,38.8357468,101.0371857,2574.0232,2,False
16,UAV_030,38.8474541,101.0223541,2571.73,3,False
16,UAV_031,38.8567619,101.0265732,2579.2415,0,False
16,UAV_032,38.8546867,101.091835,2567.8264,1,False
16,UAV_033,38.8853264,101.0779953,2567.792,1,False
16,UAV_034,38.9033508,101.0452118,2574.8132,0,False
16,UAV_035,38.8321419,101.0323105,2574.1758,2,False
16,UAV_036,38.9207726,100.9855423,2569.2383,3,False
16,UAV_037,38.9236412,100.9875336,2568.0366,3,False
16,UAV_038,38.9046936,101.0206146,2574.6807,0,False
16,UAV_039,38.9495239,100.9927292,2573.3582,0,False
16,UAV_040,38.8653069,100.9977341,2569.9507,3,False
16,UAV_041,38.8619461,100.9860611,2576.2271,0,False
16,UAV_042,38.9025383,101.046402,2572.6482,0,False
16,UAV_043,38.8889771,101.0935516,2570.595,1,False
16,UAV_044,38.7386589,101.0149765,2572.5149,4,False
16,UAV_045,38.9486809,101.0354614,2572.7681,0,False
16,UAV_046,38.786335,100.9686813,2574.1685,4,False
16,UAV_047,38.8853607,100.9894562,2570.8831,3,False
16,UAV_048,38.9027863,101.0386429,2572.9912,0,False
16,UAV_049,38.7806206,101.0418854,2575.6147,2,False
16,UAV_050,38.8946266,101.0333176,2567.0193,3,False
16,UAV_051,38.8924561,101.0514221,2574.5977,0,False
16,UAV_052,38.7891655,101.0388336,2576.9602,2,False
16,UAV_053,38.9134102,101.0805588,2576.3464,5,False
16,UAV_054,38.8255653,101.0639648,2574.3008,2,False
16,UAV_055,38.7877007,101.0777359,2571.175,1,False
16,UAV_056,38.8904037,101.020813,2576.7393,0,False
16,UAV_057,38.801899,101.0817337,2573.1064,2,False
16,UAV_058,38.8217621,101.0289307,2576.8853,2,False
16,UAV_059,38.8817101,101.086647,2577.0891,5,False
16,UAV_060,38.7820358,101.02565,2574.3274,4,False
16,UAV_061,38.8406792,101.0540009,2573.4458,2,False
16,UAV_062,38.8650703,101.07547,2575.988,5,False
16,UAV_063,38.9272919,100.959404,2579.8813,0,False
16,UAV_064,38.8752403,101.1315079,2574.3101,5,False
16,UAV_065,38.9153137,101.0266876,2576.2708,0,False
16,UAV_066,38.9226685,101.1258926,2572.2166,5,False
16,UAV_067,38.8804207,101.0058975,2568.9487,3,False
16,UAV_068,38.8899879,101.0341721,2570.3635,3,False
16,UAV_069,38.938942,101.0624542,2571.9548,0,False
16,UAV_070,38.7960281,101.0206146,2575.6667,2,False
16,UAV_071,38.8261604,101.1295547,2577.5901,5,False
16,UAV_072,38.8539581,101.0151291,2572.2458,3,False
16,UAV_073,38.8104897,101.0123062,2579.1716,2,False
16,UAV_074,38.8059349,100.9826813,2575.002,4,False
16,UAV_075,38.8145523,100.9836578,2575.561,4,False
16,UAV_076,38.8915138,101.0145416,2575.7886,0,False
16,UAV_077,38.8658485,101.0448761,2571.2,1,False
16,UAV_078,38.9086761,101.0115662,2576.7695,0,False
16,UAV_079,38.9105415,101.0483398,2571.1062,3,False
16,UAV_080,38.9583702,101.0986023,2565.9912,1,False
16,UAV_081,38.8093147,100.9937363,2573.7654,4,False
16,UAV_082,38.7996178,101.0699692,2573.25,2,False
16,UAV_083,38.7371979,101.0173798,2571.019,4,False
16,UAV_084,38.8300133,101.0709915,2577.9844,2,False
16,UAV_085,38.8922005,101.0327148,2576.1804,0,False
16,UAV_086,38.9011421,101.0930252,2575.103,5,False
16,UAV_087,38.8304596,101.1098251,2576.676,2,False
16,UAV_088,38.8344231,100.9753571,2577.7507,0,False
16,UAV_089,38.8593025,101.0633774,2571.9873,1,False
16,UAV_090,38.8760605,101.0220718,2578.6704,0,False
16,UAV_091,38.8304558,101.0239334,2576.4731,2,False
16,UAV_092,38.8250046,100.9962311,2570.1086,4,False
16,UAV_093,38.9654846,100.9318924,2570.1858,3,False
16,UAV_094,38.8107605,101.0153122,2569.4954,4,False
16,UAV_095,38.8543205,101.1057663,2574.5122,5,False
16,UAV_096,38.8629875,101.0673141,2566.7366,1,False
16,UAV_097,38.7427483,100.9404297,2566.9097,4,False
16,UAV_098,38.8295898,101.1271744,2577.283,5,False
16,UAV_099,38.8998337,101.0277863,2574.6799,0,False
16,UAV_100,38.9060402,101.1138229,2568.5186,1,False
16,UAV_101,38.8761902,100.9892044,2576.1863,0,False
16,UAV_102,38.8074074,101.0803757,2576.1218,2,False
16,UAV_103,38.8922272,100.942421,2567.7852,3,False
16,UAV_104,38.7994614,101.0191269,2575.6384,2,False
16,UAV_105,38.8918037,101.0022278,2572.0264,3,False
16,UAV_106,38.9012489,101.0003281,2568.7209,3,False
16,UAV_107,38.7858849,101.0733948,2577.7959,2,False
16,UAV_108,38.949131,100.9853973,2570.165,3,False
16,UAV_109,38.8970757,101.0455933,2572.5596,0,False
16,UAV_110,38.8300476,101.0939178,2570.1838,1,False
16,UAV_111,38.8028793,101.0311737,2577.4963,2,False
16,UAV_112,38.77145,101.0315933,2573.989,4,False
16,UAV_113,38.7606277,100.9760513,2573.4392,4,False
16,UAV_114,38.8936424,101.0114365,2569.041,3,False
16,UAV_115,38.8790169,101.0389862,2576.3635,0,False
16,UAV_116,38.8191986,101.0327072,2571.7939,4,False
16,UAV_117,38.879837,100.942894,2571.707,3,False
16,UAV_118,38.801487,101.0182419,2572.2051,4,False
16,UAV_119,38.8131142,101.0731506,2567.7864,1,False
16,UAV_120,38.8540764,101.0692368,2573.2356,5,False
16,UAV_121,38.7848015,101.1060486,2573.2529,2,False
16,UAV_122,38.7879868,101.0362091,2571.4407,4,False
16,UAV_123,38.8735161,101.036644,2574.4844,0,False
16,UAV_124,38.8744087,101.1217651,2571.3418,1,False
16,UAV_125,38.8397598,100.9984131,2575.7891,0,False
16,UAV_126,38.7979584,101.0245209,2571.1357,4,False
16,UAV_127,38.9137306,101.0161819,2572.189,0,False
16,UAV_128,38.8554382,100.9722748,2567.8762,3,False
16,UAV_129,38.9287148,101.0115738,2572.9443,0,False
16,UAV_130,38.7931137,101.0143051,2576.7742,2,False
16,UAV_131,38.9016609,100.9802017,2575.5872,0,False
16,UAV_132,38.9012718,101.0097809,2568.4365,3,False
16,UAV_133,38.8743553,101.0531311,2570.1689,1,False
16,UAV_134,38.7505646,101.0123215,2568.97,4,False
16,UAV_135,38.7896919,101.04702,2570.0188,4,False
16,UAV_136,38.8319931,101.0537186,2566.9929,1,False
16,UAV_137,38.8361702,100.9926071,2570.0347,3,False
16,UAV_138,38.8154755,101.0621643,2568.3586,1,False
16,UAV_139,38.8206062,101.0419846,2568.1194,1,False
16,UAV_140,38.8539085,101.0838699,2568.5115,1,False
16,UAV_141,38.8073273,101.0004959,2567.6355,4,False
16,UAV_142,38.8747635,101.0968857,2576.3674,5,False
16,UAV_143,38.8047905,100.9725876,2574.5862,4,False
16,UAV_144,38.8462868,101.0801926,2572.5127,1,False
16,UAV_145,38.8675804,101.1086121,2575.6191,5,True
16,UAV_146,38.9597206,100.9497833,2573.0486,0,False
16,UAV_147,38.919754,100.9948578,2573.1455,0,False
16,UAV_148,38.8063049,100.9893417,2578.1082,2,False
16,UAV_149,38.7937813,101.0765152,2574.8599,2,False
16,UAV_150,38.7811356,101.1098785,2573.1335,2,False
16,UAV_151,38.8768539,101.0865097,2576.1567,5,False
16,UAV_152,38.9159737,100.9574585,2575.6433,0,False
16,UAV_153,38.8306007,101.1134109,2577.2832,5,False
16,UAV_154,38.7881622,101.0763245,2575.2646,2,False
16,UAV_155,38.8713531,100.9672165,2571.1382,3,False
16,UAV_156,38.8280334,101.0653152,2572.0095,1,False
16,UAV_157,38.7959251,101.1240845,2573.8386,2,False
16,UAV_158,38.8441925,101.0889664,2570.4827,1,False
16,UAV_159,38.8364563,101.0797195,2571.8796,1,False
16,UAV_160,38.83078,101.0006409,2567.3718,3,False
16,UAV_161,38.9390488,101.0917435,2573.8711,5,False
16,UAV_162,38.8794785,101.0147934,2573.4783,0,False
16,UAV_163,38.7457542,101.0595398,2570.6704,4,False
16,UAV_164,38.7742729,100.9922714,2571.9211,4,False
16,UAV_165,38.8539619,100.9643173,2568.792,3,False
16,UAV_166,38.8915749,101.0862122,2576.3528,5,False
16,UAV_167,38.9113846,101.0181122,2573.0437,0,False
16,UAV_168,38.7913857,101.095314,2573.7224,2,False
16,UAV_169,38.8766899,101.011467,2573.8323,0,False
16,UAV_170,38.8410988,101.0918427,2574.074,2,False
16,UAV_171,38.8642426,101.0483017,2573.7742,0,False
16,UAV_172,38.818409,101.0514755,2574.9824,2,False
16,UAV_173,38.7739983,100.9735794,2576.3914,4,False
16,UAV_174,38.8399429,101.0050888,2572.6243,4,False
16,UAV_175,38.8640862,101.0962143,2574.2109,5,False
16,UAV_176,38.7866783,101.1156998,2573.625,2,False
16,UAV_177,38.8029861,101.0896759,2580.1052,2,False
16,UAV_178,38.881321,101.0159225,2570.9412,3,False
16,UAV_179,38.8359032,101.0194855,2563.7119,3,False
16,UAV_180,38.8621788,100.995163,2574.6995,0,False
16,UAV_181,38.9210014,101.0085831,2568.0986,3,False
16,UAV_182,38.8591232,101.0539627,2569.7073,1,False
16,UAV_183,38.8524208,100.9626999,2572.6709,3,False
16,UAV_184,38.7355881,101.0065231,2570.0449,4,False
16,UAV_185,38.9025726,101.0266724,2574.2112,0,False
16,UAV_186,38.8672333,101.0304489,2569.27,3,False
16,UAV_187,38.8609123,101.0924072,2570.9319,1,False
16,UAV_188,38.9149895,101.0069275,2571.9338,3,False
16,UAV_189,38.7873344,100.9957886,2568.4834,4,False
16,UAV_190,38.9114037,100.9971695,2576.7402,0,False
16,UAV_191,38.8906403,100.9647522,2575.7036,0,False
16,UAV_192,38.7532997,100.9788971,2571.0261,4,False
16,UAV_193,38.7881927,100.9903564,2577.2339,4,False
16,UAV_194,38.8779373,101.0571442,2574.8608,5,False
16,UAV_195,38.9039383,101.1139832,2574.2429,5,False
16,UAV_196,38.8821907,101.1308823,2569.1567,1,False
16,UAV_197,38.9268799,101.0312729,2578.2498,0,False
16,UAV_198,38.8072319,101.031044,2567.0159,1,False
16,UAV_199,38.8756371,101.0403595,2572.7727,0,False
16,UAV_200,38.764225,101.1048813,2575.4561,2,False
16,UAV_201,38.9053917,101.0264969,2577.3035,0,False
16,UAV_202,38.8209496,100.9424973,2577.343,4,False
16,UAV_203,38.8405533,101.0336609,2575.0442,2,False
16,UAV_204,38.8444519,101.0423965,2574.6909,2,False
16,UAV_205,38.7764931,101.1193085,2576.9023,2,False
16,UAV_206,38.9063148,101.0421295,2572.4282,0,False
16,UAV_207,38.8471565,101.0404892,2577.1724,2,False
16,UAV_208,38.8481293,101.0800247,2566.4023,1,False
16,UAV_209,38.8237228,101.0767975,2574.2676,2,False
16,UAV_210,38.9250374,101.0351334,2569.6006,3,False
16,UAV_211,38.7907715,100.9996796,2569.7703,4,False
16,UAV_212,38.7519417,101.0017929,2573.5901,4,False
16,UAV_213,38.8281784,101.0490875,2576.7808,2,False
16,UAV_214,38.8272743,101.0593872,2571.0605,1,False
16,UAV_215,38.8764076,101.0946426,2571.8127,1,False
16,UAV_216,38.7962341,100.9909592,2570.8987,4,False
16,UAV_217,38.9440804,101.0885696,2578.7302,5,False
16,UAV_218,38.8152466,100.9814224,2571.5344,4,False
16,UAV_219,38.7714462,101.0800171,2577.6165,2,False
16,UAV_220,38.89328,101.0345459,2568.7734,3,False
16,UAV_221,38.8732071,101.0374527,2576.3508,0,False
16,UAV_222,38.858654,101.0557327,2570.1628,1,False
16,UAV_223,38.8394203,101.0842056,2570.8538,1,False
16,UAV_224,38.7933388,100.9437027,2572.4568,4,False
16,UAV_225,38.8453674,101.1307907,2571.5791,1,False
16,UAV_226,38.8003502,100.9963531,2574.0139,4,False
16,UAV_227,38.8477325,101.1161118,2571.9153,1,False
16,UAV_228,38.8266106,101.0563965,2572.8857,2,False
16,UAV_229,38.9004822,100.9998322,2574.0232,0,False
16,UAV_230,38.8457184,101.1091156,2576.0356,5,False
16,UAV_231,38.8570709,101.0685577,2574.894,5,False
16,UAV_232,38.7906532,100.9693069,2571.2922,4,False
16,UAV_233,38.7685928,100.9879532,2571.2708,4,False
16,UAV_234,38.8530235,100.9953842,2574.3037,0,False
16,UAV_235,38.8031807,101.0122757,2574.8618,4,False
16,UAV_236,38.8523216,100.9701538,2569.2388,3,False
16,UAV_237,38.8552322,101.1159439,2574.6343,5,False
16,UAV_238,38.9010811,101.0810928,2575.4661,5,False
16,UAV_239,38.8323898,101.0673904,2565.3003,1,False
16,UAV_240,38.8444023,101.0397797,2576.9272,2,False
16,UAV_241,38.8553429,100.9801712,2572.3459,3,False
16,UAV_242,38.779335,101.0220871,2573.6233,4,False
16,UAV_243,38.8231125,100.9984055,2577.6636,2,False
16,UAV_244,38.7881203,101.0920181,2571.1213,1,False
16,UAV_245,38.9260674,100.9580078,2569.8618,3,False
16,UAV_246,38.8925362,101.0091248,2571.1604,3,False
16,UAV_247,38.9281654,101.0630646,2573.0681,0,False
16,UAV_248,38.8667717,101.099617,2576.9268,5,False
16,UAV_249,38.9402084,100.9531937,2576.8647,0,False
16,UAV_250,38.9631271,101.0085983,2573.7874,0,False
16,UAV_251,38.8505707,100.9870071,2569.9998,3,False
16,UAV_252,38.7812233,101.1327438,2572.8938,2,False
16,UAV_253,38.8032455,101.1028519,2569.8699,1,False
16,UAV_254,38.8742485,101.0494843,2572.7659,0,False
16,UAV_255,38.8612709,101.0215683,2570.6296,3,False
16,UAV_256,38.8987427,101.1170731,2580.5181,5,False
16,UAV_257,38.8539619,101.0760269,2574.0769,5,False
16,UAV_258,38.8986549,101.0933533,2574.7366,5,False
16,UAV_259,38.7696762,101.1458817,2575.9316,2,False
16,UAV_260,38.8236237,101.063942,2572.0408,1,False
16,UAV_261,38.8739586,101.0377579,2568.9968,3,False
16,UAV_262,38.8950081,101.053009,2571.9214,0,False
16,UAV_263,38.7926331,101.1404648,2574.0408,2,False
16,UAV_264,38.9170685,101.0628204,2576.9509,5,False
16,UAV_265,38.8404732,101.0623627,2574.5471,2,False
16,UAV_266,38.8783646,101.1004028,2572.4529,5,False
16,UAV_267,38.8835373,101.0990524,2573.1597,5,False
16,UAV_268,38.9240608,100.9688187,2577.9941,0,False
16,UAV_269,38.9229774,100.995491,2571.4565,3,False
16,UAV_270,38.8042793,101.0143051,2573.3728,4,False
16,UAV_271,38.8661118,100.9974823,2569.416,3,False
16,UAV_272,38.7868118,100.9748535,2570.8894,4,False
16,UAV_273,38.8447533,101.0286026,2571.1785,3,False
16,UAV_274,38.850338,101.0220032,2575.2251,0,False
16,UAV_275,38.9036255,100.9575577,2574.8945,0,False
16,UAV_276,38.7994118,101.0575638,2574.5715,2,False
16,UAV_277,38.784523,100.990715,2567.5591,4,False
16,UAV_278,38.7924652,101.1005173,2568.8784,1,False
16,UAV_279,38.8953094,101.090271,2573.2283,5,False
16,UAV_280,38.8322144,100.9742508,2575.4036,4,False
16,UAV_281,38.8891487,101.0465546,2571.3315,3,False
16,UAV_282,38.8212852,101.1316986,2567.6797,1,False
16,UAV_283,38.9058533,101.0923386,2577.2651,5,False
16,UAV_284,38.9029083,100.9971237,2575.396,0,False
16,UAV_285,38.8476906,101.0840683,2575.1897,5,False
16,UAV_286,38.7872925,100.9672546,2573.522,4,False
16,UAV_287,38.8461494,101.1121902,2568.1248,1,False
16,UAV_288,38.9068794,101.0897369,2574.1375,5,False
16,UAV_289,38.9292831,101.1043777,2576.4219,5,False
16,UAV_290,38.7399406,100.9471207,2572.6731,4,False
16,UAV_291,38.8358154,101.050293,2574.2271,2,False
16,UAV_292,38.8574867,101.0019302,2571.0811,3,False
16,UAV_293,38.8542099,101.109314,2580.9229,5,False
16,UAV_294,38.8406906,101.1357803,2571.2908,1,False
16,UAV_295,38.9350128,101.0160751,2574.9087,0,False
16,UAV_296,38.8412323,101.1056442,2567.7163,1,False
16,UAV_297,38.7820625,101.0003662,2568.6267,4,False
16,UAV_298,38.8038177,101.1129608,2576.8433,2,False
16,UAV_299,38.7859039,101.0546951,2573.6775,2,False
16,UAV_300,38.8243752,100.9611359,2568.2039,3,False
16,UAV_301,38.8470192,101.0604553,2574.7825,2,False
16,UAV_302,38.7940826,101.1524734,2570.958,1,False
16,UAV_303,38.9012222,101.1053925,2568.408,1,False
16,UAV_304,38.9036674,101.0500793,2575.6897,0,False
16,UAV_305,38.8618889,100.9732895,2579.4827,0,False
16,UAV_306,38.8417664,100.9995041,2574.4475,4,False
16,UAV_307,38.8219185,100.9343185,2572.5696,4,False
16,UAV_308,38.8736801,101.1124496,2577.2305,5,False
16,UAV_309,38.9068909,101.0664902,2573.7378,5,False
16,UAV_310,38.8304253,100.9849319,2574.9744,4,False
16,UAV_311,38.7593269,101.0346222,2569.8899,4,False
16,UAV_312,38.906044,101.0453415,2566.813,3,False
16,UAV_313,38.8863525,101.0166702,2578.4827,0,False
16,UAV_314,38.9010391,100.9571152,2576.1238,0,False
16,UAV_315,38.8288116,101.032608,2573.6396,2,False
16,UAV_316,38.9109802,101.0242386,2576.3254,0,False
16,UAV_317,38.9256363,101.0194778,2575.5498,0,False
16,UAV_318,38.8106499,101.0757141,2574.1213,2,False
16,UAV_319,38.8637047,101.0022964,2574.9221,0,False
16,UAV_320,38.8175812,101.0077972,2569.0432,4,False
16,UAV_321,38.9645767,100.9938202,2576.054,0,False
16,UAV_322,38.8155251,101.1042862,2569.1362,1,False
16,UAV_323,38.8183136,101.0715256,2576.0737,2,False
16,UAV_324,38.8811569,101.0264053,2571.0044,3,False
16,UAV_325,38.799633,101.1136093,2572.5081,2,False
16,UAV_326,38.8677673,101.1297607,2577.2505,5,False
16,UAV_327,38.8792458,100.9943848,2572.3809,3,False
16,UAV_328,38.7914925,101.0353088,2572.9897,4,False
16,UAV_329,38.7599754,101.0896912,2572.73,2,False
16,UAV_330,38.9216957,101.0044861,2575.8706,0,False
16,UAV_331,38.9266548,101.1195068,2572.3398,5,False
16,UAV_332,38.901371,101.0430832,2574.0562,0,False
16,UAV_333,38.9506416,100.9883499,2572.3186,0,False
16,UAV_334,38.8615646,101.0346298,2570.0867,3,False
16,UAV_335,38.7716751,101.0315552,2571.9053,4,False
16,UAV_336,38.8137703,101.0046005,2579.2996,2,False
16,UAV_337,38.8826256,101.0352554,2572.5515,0,False
16,UAV_338,38.7820778,101.0399551,2572.0691,4,False
16,UAV_339,38.7962303,101.1407089,2578.373,2,False
16,UAV_340,38.8503456,100.9962158,2567.9614,3,False
16,UAV_341,38.8135452,101.0205154,2575.1165,2,False
16,UAV_342,38.9051666,101.123436,2576.0408,5,False
16,UAV_343,38.8563004,101.083931,2580.0137,5,False
16,UAV_344,38.9286919,101.1283112,2576.0547,5,False
16,UAV_345,38.8273506,101.0184326,2578.0635,2,False
16,UAV_346,38.8987007,101.0399551,2570.1782,3,False
16,UAV_347,38.8366966,101.024025,2569.3721,3,False
16,UAV_348,38.8310013,101.0613785,2580.8845,2,False
16,UAV_349,38.8950005,100.9588852,2570.7104,3,False
16,UAV_350,38.8501205,101.0993652,2579.2185,5,False
16,UAV_351,38.9116554,101.135376,2571.3855,5,False
16,UAV_352,38.7607422,101.0011063,2575.9548,4,False
16,UAV_353,38.7989311,100.9503632,2571.948,4,False
16,UAV_354,38.7948837,100.9831772,2573.3989,4,False
16,UAV_355,38.8809319,101.0371323,2574.2842,0,False
16,UAV_356,38.8194656,101.039238,2572.2473,4,True
16,UAV_357,38.8097916,101.0393219,2575.011,2,False
16,UAV_358,38.8703499,101.0661011,2579.7996,5,False
16,UAV_359,38.8463364,101.0175705,2572.116,3,False
16,UAV_360,38.8469238,101.1178665,2566.8564,1,False
16,UAV_361,38.9044762,101.0739059,2578.7629,5,False
16,UAV_362,38.8320274,101.094635,2570.9663,1,False
16,UAV_363,38.8319473,101.1233444,2571.5264,1,False
16,UAV_364,38.8488007,101.0668869,2569.3672,1,True
16,UAV_365,38.7889481,101.0336151,2572.0286,4,False
16,UAV_366,38.7838898,101.0981903,2571.9558,2,False
16,UAV_367,38.892601,100.9833908,2574.5466,0,False
16,UAV_368,38.8748474,101.0662384,2575.0317,5,False
16,UAV_369,38.9332275,101.1033249,2574.5215,5,False
16,UAV_370,38.8532677,101.0253143,2568.2832,3,False
16,UAV_371,38.8760948,101.031517,2580.9912,0,False
16,UAV_372,38.8802795,101.0361633,2577.7981,0,False
16,UAV_373,38.8526497,101.1204376,2573.4797,5,False
16,UAV_374,38.8133163,101.0523834,2571.1025,1,False
16,UAV_375,38.8087921,101.0401611,2574.5181,2,False
16,UAV_376,38.7948723,101.0150375,2568.459,4,False
16,UAV_377,38.8692322,101.0627289,2567.1541,1,False
16,UAV_378,38.875103,101.0952148,2569.0374,1,False
16,UAV_379,38.785965,100.999794,2575.23,4,False
16,UAV_380,38.8284149,101.0062943,2576.0071,2,False
16,UAV_381,38.876194,100.9731522,2572.9487,3,False
16,UAV_382,38.8265419,101.0098724,2574.4155,4,False
16,UAV_383,38.9210014,101.0165787,2569.1011,3,False
16,UAV_384,38.8887444,100.9886398,2568.4978,3,False
16,UAV_385,38.7887764,101.09021,2576.0461,2,False
16,UAV_386,38.8457642,101.0889664,2575.2686,5,False
16,UAV_387,38.8939247,101.063858,2572.7861,5,False
16,UAV_388,38.803875,101.0845718,2572.8574,2,False
16,UAV_389,38.8063431,101.1250076,2570.7336,1,False
16,UAV_390,38.8318214,100.9960709,2568.5569,3,False
16,UAV_391,38.7730255,101.0758286,2574.7764,2,False
16,UAV_392,38.8029747,101.0612488,2575.0239,2,False
16,UAV_393,38.9014549,100.9906616,2569.2395,3,False
16,UAV_394,38.9492416,101.0637512,2574.1169,0,False
16,UAV_395,38.8839226,100.9751968,2566.9441,3,False
16,UAV_396,38.9575844,101.0086975,2570.7783,3,False
16,UAV_397,38.8314095,101.0217285,2575.4099,2,True
16,UAV_398,38.8899689,101.0753937,2569.8933,1,False
16,UAV_399,38.860569,101.0765991,2571.0369,1,False
16,UAV_400,38.849144,101.0286331,2574.0132,0,False
16,UAV_401,38.9025345,101.0125732,2570.0659,3,False
16,UAV_402,38.8766098,101.0385132,2568.7517,3,False
16,UAV_403,38.8854866,101.072525,2574.647,5,False
16,UAV_404,38.8729668,101.0278015,2573.9292,0,False
16,UAV_405,38.9322777,101.0429764,2576.0662,0,False
16,UAV_406,38.8414497,101.0574036,2569.7734,1,False
16,UAV_407,38.7948914,100.9799271,2569.4512,4,False
16,UAV_408,38.7996597,101.0639572,2574.5317,2,False
16,UAV_409,38.8795815,101.0171204,2575.5286,0,False
16,UAV_410,38.7742844,101.0508881,2577.4106,2,False
16,UAV_411,38.8898544,101.0622864,2574.3882,5,False
16,UAV_412,38.8021317,100.9622421,2577.2041,4,False
16,UAV_413,38.8091583,101.0959244,2565.207,1,False
16,UAV_414,38.7888374,101.0358582,2571.0693,4,False
16,UAV_415,38.8484039,100.9554138,2569.3303,3,False
16,UAV_416,38.8451118,101.0182419,2575.2527,0,False
16,UAV_417,38.9103737,101.1213684,2575.5979,5,False
16,UAV_418,38.916851,101.0223999,2574.9751,0,False
16,UAV_419,38.8617401,100.953949,2574.229,0,False
16,UAV_420,38.7940292,101.0067215,2573.782,4,False
16,UAV_421,38.7591324,101.0478134,2571.5974,4,False
16,UAV_422,38.8569298,100.9916153,2568.0896,3,False
16,UAV_423,38.8715515,101.0811768,2576.3691,5,False
16,UAV_424,38.7664948,100.9608154,2568.6265,4,False
16,UAV_425,38.887661,101.060051,2577.6741,5,False
16,UAV_426,38.8758659,101.0503082,2569.6475,1,False
16,UAV_427,38.8413773,101.0353775,2577.2363,2,False
16,UAV_428,38.8360558,100.9638977,2568.5823,3,False
16,UAV_429,38.8341789,101.0013733,2571.8816,4,False
16,UAV_430,38.7618256,101.0593338,2571.0117,4,False
16,UAV_431,38.806282,101.013504,2576.9961,2,False
16,UAV_432,38.9206047,101.0559006,2577.2646,0,False
16,UAV_433,38.9574776,100.9966431,2571.2131,3,False
16,UAV_434,38.8379555,100.9853439,2573.0615,4,False
16,UAV_435,38.8364944,100.9799042,2567.0774,3,False
16,UAV_436,38.7759666,101.0110397,2574.4329,4,False
16,UAV_437,38.8896408,101.1202927,2577.6816,5,False
16,UAV_438,38.8731651,101.0075836,2569.8459,3,False
16,UAV_439,38.9420662,101.0114288,2579.042,0,False
16,UAV_440,38.9242859,101.0268478,2574.0488,0,False
16,UAV_441,38.7941513,100.9557037,2573.3984,4,False
16,UAV_442,38.8613968,101.0064087,2568.5945,3,False
16,UAV_443,38.9573555,101.142807,2571.5042,5,False
16,UAV_444,38.8112221,100.9906769,2572.5144,4,False
16,UAV_445,38.8155212,100.9999008,2569.7271,4,False
16,UAV_446,38.8734322,101.0877914,2572.9724,5,False
16,UAV_447,38.9063339,101.1163864,2566.1475,1,False
16,UAV_448,38.7791557,101.0393982,2565.3774,1,False
16,UAV_449,38.8074913,101.0643311,2567.7314,1,False
16,UAV_450,38.8346138,101.0920029,2576.5134,2,False
16,UAV_451,38.77314,100.9880066,2569.2842,4,False
16,UAV_452,38.8700752,101.089447,2573.1724,5,False
16,UAV_453,38.9243393,101.041214,2571.7622,0,False
16,UAV_454,38.8702583,101.1024857,2579.24,5,False
16,UAV_455,38.8338661,100.9858398,2573.6992,4,False
16,UAV_456,38.821537,101.0489731,2574.229,2,False
16,UAV_457,38.844162,101.0418625,2570.6213,1,False
16,UAV_458,38.8551025,101.0493774,2573.9209,2,False
16,UAV_459,38.8914108,101.0016937,2572.9702,0,False
16,UAV_460,38.7670212,101.0826569,2572.6406,2,False
16,UAV_461,38.8737411,100.9590454,2574.2544,0,False
16,UAV_462,38.8410301,101.0935898,2572.7407,1,False
16,UAV_463,38.7798233,100.992981,2573.344,4,False
16,UAV_464,38.809536,100.9584122,2575.0757,4,False
16,UAV_465,38.8485756,100.9721603,2569.012,3,False
16,UAV_466,38.9075661,101.0687485,2568.624,1,False
16,UAV_467,38.8642654,100.9810638,2571.957,3,False
16,UAV_468,38.8100891,101.0523834,2575.7439,2,False
16,UAV_469,38.8451767,101.0556412,2571.1248,1,False
16,UAV_470,38.8475456,101.0622482,2572.6052,1,False
16,UAV_471,38.8097954,100.9809875,2568.6335,4,False
16,UAV_472,38.8798409,101.117836,2574.1553,5,False
16,UAV_473,38.8591194,101.086586,2575.9741,5,False
16,UAV_474,38.8196754,100.9546051,2574.2593,4,False
16,UAV_475,38.9209824,101.0275955,2570.5012,3,False
16,UAV_476,38.9412804,101.0523911,2573.5317,0,False
16,UAV_477,38.8305969,101.0178909,2571.2012,4,False
16,UAV_478,38.9025841,100.9862671,2576.5364,0,False
16,UAV_479,38.879818,101.0811462,2573.8894,5,False
16,UAV_480,38.832016,101.0402679,2568.6409,1,False
16,UAV_481,38.8204155,100.9771194,2573.2288,4,False
16,UAV_482,38.7892113,101.0955582,2576.8284,2,False
16,UAV_483,38.9003487,101.1093674,2569.3921,1,False
16,UAV_484,38.8166924,101.061058,2572.4607,2,False
16,UAV_485,38.8038254,101.0258484,2569.8123,4,False
16,UAV_486,38.9079971,101.0322571,2577.3916,0,False
16,UAV_487,38.9146652,101.0106506,2573.5869,0,False
16,UAV_488,38.8482437,101.0129166,2573.9382,0,False
16,UAV_489,38.8245621,101.0245667,2572.1631,4,False
16,UAV_490,38.8232384,100.9825287,2572.8901,4,False
16,UAV_491,38.9252357,101.0396118,2573.6975,0,False
16,UAV_492,38.8502007,101.0450745,2569.1121,1,False
16,UAV_493,38.8741341,101.004364,2569.8142,3,True
16,UAV_494,38.7962341,100.9982605,2570.3406,4,False
16,UAV_495,38.9320641,100.9765244,2571.5159,3,False
16,UAV_496,38.8235474,101.0470276,2568.6028,1,False
16,UAV_497,38.8120193,101.0217896,2572.5244,4,False
16,UAV_498,38.8101349,101.0254898,2566.1326,1,False
16,UAV_499,38.8878403,100.9751053,2575.0059,0,False
16,UAV_500,38.8017845,101.0849152,2575.1711,2,False
17,UAV_001,38.8303261,101.0911789,2568.084,3,False
17,UAV_002,38.886673,100.9971008,2567.8423,0,False
17,UAV_003,38.895092,101.0701523,2566.4089,1,False
17,UAV_004,38.8003693,101.0011673,2577.3313,4,False
17,UAV_005,38.8162842,101.0997849,2572.8674,5,False
17,UAV_006,38.7771759,101.0874786,2568.5002,3,False
17,UAV_007,38.8873405,101.0980835,2569.2861,1,False
17,UAV_008,38.8852501,101.0654984,2570.2881,1,False
17,UAV_009,38.915657,101.102623,2571.575,1,True
17,UAV_010,38.8513832,100.9486923,2570.7566,0,False
17,UAV_011,38.8982811,101.0371094,2572.3806,2,False
17,UAV_012,38.795063,100.9784393,2573.5696,4,False
17,UAV_013,38.8543892,101.0555267,2576.1104,5,False
17,UAV_014,38.8174629,100.9791183,2573.7588,4,False
17,UAV_015,38.8807678,100.9722137,2568.6836,0,False
17,UAV_016,38.9654922,100.9738007,2573.7871,2,False
17,UAV_017,38.8689728,101.0363464,2578.3594,2,False
17,UAV_018,38.8541107,100.9953156,2569.1277,0,False
17,UAV_019,38.8083,101.0525513,2570.7556,3,False
17,UAV_020,38.8081169,100.9891663,2570.4438,3,False
17,UAV_021,38.8504448,101.1504517,2581.5325,5,False
17,UAV_022,38.8836823,100.9825439,2575.4321,2,False
17,UAV_023,38.8708076,100.9585953,2565.6267,0,False
17,UAV_024,38.8749962,101.0308075,2572.8638,2,False
17,UAV_025,38.8902206,101.0179596,2575.7622,2,False
17,UAV_026,38.8960915,101.0832901,2572.4795,1,False
17,UAV_027,38.8889923,101.0760422,2576.9785,2,False
17,UAV_028,38.9023933,101.122673,2570.5898,1,False
17,UAV_029,38.8358383,101.0393066,2573.8477,5,False
17,UAV_030,38.845974,101.02211,2572.0803,3,False
17,UAV_031,38.8556671,101.0270233,2573.6465,2,False
17,UAV_032,38.8540268,101.090126,2569.1218,1,False
17,UAV_033,38.8854446,101.0778656,2569.7881,1,False
17,UAV_034,38.9023972,101.0456161,2568.0308,0,False
17,UAV_035,38.8321762,101.0323486,2575.0991,4,False
17,UAV_036,38.9157524,100.9896469,2573.8464,2,False
17,UAV_037,38.9241714,100.9852982,2573.0142,2,False
17,UAV_038,38.903595,101.0210876,2574.0188,2,False
17,UAV_039,38.9508743,100.9927673,2573.304,2,False
17,UAV_040,38.8687706,101.0049286,2576.8501,2,False
17,UAV_041,38.8597145,100.9867096,2577.8679,2,False
17,UAV_042,38.9076958,101.0470505,2568.5852,0,False
17,UAV_043,38.8912582,101.0933456,2570.7456,1,False
17,UAV_044,38.7401466,101.011467,2570.8164,3,False
17,UAV_045,38.9486923,101.0336533,2569.1492,0,False
17,UAV_046,38.7887878,100.9696198,2577.6833,4,False
17,UAV_047,38.8848114,100.9885635,2568.4465,0,False
17,UAV_048,38.904438,101.0360031,2571.3301,0,False
17,UAV_049,38.780899,101.0434113,2580.6033,5,False
17,UAV_050,38.8948593,101.0331421,2571.9353,0,False
17,UAV_051,38.8940315,101.0488434,2568.8862,0,False
17,UAV_052,38.7864456,101.0431366,2578.1794,5,False
17,UAV_053,38.9111786,101.0827332,2572.8274,1,False
17,UAV_054,38.8256378,101.0641937,2575.8628,5,False
17,UAV_055,38.7883301,101.0767899,2569.6279,3,False
17,UAV_056,38.8894615,101.0233536,2570.7058,0,False
17,UAV_057,38.8016167,101.0802612,2568.6072,3,False
17,UAV_058,38.8207359,101.0292282,2577.3774,4,False
17,UAV_059,38.8792839,101.0542145,2572.4893,1,False
17,UAV_060,38.7812347,101.0235672,2571.5715,3,False
17,UAV_061,38.8431091,101.0571289,2573.4246,5,False
17,UAV_062,38.8592758,101.0721207,2570.821,1,False
17,UAV_063,38.9293594,100.961586,2576.5476,2,False
17,UAV_064,38.8759117,101.13414,2573.4727,1,False
17,UAV_065,38.9117012,101.0302963,2577.8098,2,False
17,UAV_066,38.9229851,101.1244659,2567.844,1,False
17,UAV_067,38.8733025,100.999588,2569.0781,0,False
17,UAV_068,38.8882713,101.0327454,2568.7644,0,False
17,UAV_069,38.9385147,101.065979,2574.7236,2,False
17,UAV_070,38.7953987,101.0208511,2571.3167,3,False
17,UAV_071,38.8256264,101.1298447,2576.2695,5,False
17,UAV_072,38.8565025,101.0165176,2575.2085,2,False
17,UAV_073,38.8080826,101.0122452,2576.0034,4,False
17,UAV_074,38.8104706,100.9873581,2574.9163,4,False
17,UAV_075,38.8146057,100.9837646,2577.135,4,False
17,UAV_076,38.8929443,101.0160828,2574.625,2,False
17,UAV_077,38.8462105,101.1110687,2574.1377,5,False
17,UAV_078,38.9085312,101.0115356,2574.4836,2,False
17,UAV_079,38.9101067,101.0487595,2578.4749,2,False
17,UAV_080,38.9585648,101.0969772,2571.2214,1,False
17,UAV_081,38.8009758,100.9937897,2580.1948,4,False
17,UAV_082,38.7982407,101.070549,2573.3977,5,False
17,UAV_083,38.7375603,101.0156174,2572.1177,4,False
17,UAV_084,38.8280792,101.0709839,2575.4175,5,False
17,UAV_085,38.8894081,101.032692,2575.6272,2,False
17,UAV_086,38.9043159,101.1030655,2574.0986,1,False
17,UAV_087,38.8271332,101.1129684,2572.1177,5,False
17,UAV_088,38.8260841,100.9754028,2574.1599,4,False
17,UAV_089,38.8585701,101.0628586,2571.4348,1,False
17,UAV_090,38.8760757,101.0222626,2572.1638,0,False
17,UAV_091,38.830349,101.0236206,2571.7625,3,False
17,UAV_092,38.8252106,100.9960556,2568.6555,3,False
17,UAV_093,38.9644165,100.953392,2576.3503,2,False
17,UAV_094,38.8094521,101.0143204,2573.2236,4,False
17,UAV_095,38.8545036,101.1053162,2571.8503,1,False
17,UAV_096,38.862587,101.0670395,2571.0632,1,False
17,UAV_097,38.7370796,100.9223709,2575.2595,4,False
17,UAV_098,38.8191566,101.1232147,2574.1377,5,False
17,UAV_099,38.9014168,101.0278168,2570.5596,0,False
17,UAV_100,38.9051781,101.1123581,2568.5735,1,False
17,UAV_101,38.8736496,100.9892273,2576.3445,2,False
17,UAV_102,38.8070107,101.0815964,2576.075,5,False
17,UAV_103,38.8791656,100.9523621,2574.5703,2,False
17,UAV_104,38.7993355,101.0194016,2572.3513,4,False
17,UAV_105,38.8919373,101.0005875,2569.1577,0,False
17,UAV_106,38.9023247,100.999527,2570.8977,0,False
17,UAV_107,38.7865829,101.0734329,2573.8933,5,False
17,UAV_108,38.9495964,100.9842834,2569.8521,0,False
17,UAV_109,38.8948288,101.0455246,2576.001,2,False
17,UAV_110,38.8311043,101.093071,2569.8921,1,False
17,UAV_111,38.7931709,101.0255737,2571.4463,3,False
17,UAV_112,38.751461,101.0166092,2573.6003,4,False
17,UAV_113,38.7639923,100.9712372,2571.6257,4,False
17,UAV_114,38.8919868,101.0112915,2573.1509,2,False
17,UAV_115,38.87854,101.03936,2575.9836,2,False
17,UAV_116,38.8244476,101.0310974,2566.3257,3,False
17,UAV_117,38.8782349,100.9423828,2568.9717,0,False
17,UAV_118,38.8025932,101.0164032,2569.4338,3,False
17,UAV_119,38.8120346,101.0709152,2570.48,3,False
17,UAV_120,38.8540039,101.0696259,2578.5977,5,False
17,UAV_121,38.7842522,101.105835,2571.5066,5,False
17,UAV_122,38.7880821,101.0360184,2570.4009,3,False
17,UAV_123,38.8715973,101.0361633,2577.0403,2,False
17,UAV_124,38.8746223,101.121788,2575.3027,1,False
17,UAV_125,38.8381348,100.9983902,2571.78,4,False
17,UAV_126,38.798172,101.0230942,2572.2209,3,False
17,UAV_127,38.9131851,101.0162277,2574.3469,2,False
17,UAV_128,38.8558235,100.9716721,2569.6938,0,False
17,UAV_129,38.9332275,101.0132141,2574.8831,2,False
17,UAV_130,38.7930946,101.0150909,2572.7908,4,False
17,UAV_131,38.900341,100.978508,2572.7305,0,False
17,UAV_132,38.8702507,100.9661713,2569.363,0,False
17,UAV_133,38.8750801,101.0516205,2569.6538,1,False
17,UAV_134,38.7501221,101.0112076,2568.8867,3,False
17,UAV_135,38.7879143,101.0479813,2577.8403,5,False
17,UAV_136,38.8312531,101.053009,2568.5071,3,False
17,UAV_137,38.836792,100.9917526,2565.2095,3,False
17,UAV_138,38.8152733,101.0613556,2568.0635,3,False
17,UAV_139,38.8189545,101.0411148,2574.3389,5,False
17,UAV_140,38.8539925,101.0820465,2577.0991,5,False
17,UAV_141,38.8060646,100.9994354,2569.9773,3,False
17,UAV_142,38.8759575,101.0990829,2574.5222,1,False
17,UAV_143,38.8013229,100.9759827,2573.437,4,False
17,UAV_144,38.8460312,101.080162,2571.4988,1,False
17,UAV_145,38.8671265,101.1070023,2573.2246,1,False
17,UAV_146,38.9567223,100.9812546,2575.7449,2,False
17,UAV_147,38.9191132,100.9945145,2571.251,0,False
17,UAV_148,38.8066788,100.9894943,2575.7429,4,False
17,UAV_149,38.7913475,101.0764923,2574.9414,5,False
17,UAV_150,38.7803917,101.1103668,2571.3635,5,False
17,UAV_151,38.8833275,101.0909653,2574.0593,1,False
17,UAV_152,38.9230804,100.9572067,2574.647,2,False
17,UAV_153,38.8205452,101.1147079,2573.657,5,False
17,UAV_154,38.7880898,101.0813904,2578.4209,5,False
17,UAV_155,38.8680153,100.9655991,2571.2029,0,False
17,UAV_156,38.8302155,101.0626678,2574.0471,5,False
17,UAV_157,38.7961121,101.1233826,2573.0896,5,False
17,UAV_158,38.8447533,101.0881195,2568.4468,1,False
17,UAV_159,38.8370514,101.0794296,2568.4675,3,False
17,UAV_160,38.8311577,100.9970322,2570.3152,3,False
17,UAV_161,38.9368858,101.0922394,2577.25,2,False
17,UAV_162,38.8782768,101.013649,2569.7861,0,False
17,UAV_163,38.744442,101.0568848,2573.6929,5,False
17,UAV_164,38.7743225,100.9909973,2569.9358,3,False
17,UAV_165,38.8580818,100.9613953,2568.2407,0,False
17,UAV_166,38.8887863,101.0861588,2574.3132,1,False
17,UAV_167,38.9112854,101.0348969,2572.6323,2,False
17,UAV_168,38.7894363,101.0952835,2575.6692,5,False
17,UAV_169,38.8738823,101.0114136,2576.887,2,False
17,UAV_170,38.8419838,101.0970917,2573.2954,5,False
17,UAV_171,38.8641624,101.0484924,2579.5256,2,False
17,UAV_172,38.8172569,101.0506058,2566.7358,3,False
17,UAV_173,38.7737083,100.9739532,2579.4175,4,False
17,UAV_174,38.840168,101.0051041,2573.9199,4,False
17,UAV_175,38.8631554,101.0965729,2571.6533,1,False
17,UAV_176,38.7869225,101.1157837,2572.3289,5,False
17,UAV_177,38.8036041,101.0896759,2576.4319,5,False
17,UAV_178,38.8803635,101.014473,2572.958,2,False
17,UAV_179,38.8343506,101.0180893,2574.4761,4,True
17,UAV_180,38.8618584,100.9955673,2570.75,0,False
17,UAV_181,38.9192123,101.0084305,2573.0649,2,False
17,UAV_182,38.8592949,101.0537796,2572.3384,1,False
17,UAV_183,38.8519096,100.9608765,2574.6531,4,False
17,UAV_184,38.7359505,101.0030212,2572.6672,4,False
17,UAV_185,38.9019127,101.0245132,2568.3208,0,False
17,UAV_186,38.867569,101.0290756,2569.6775,0,False
17,UAV_187,38.862442,101.0916748,2572.1128,1,False
17,UAV_188,38.915123,101.006813,2571.8525,0,False
17,UAV_189,38.7860222,100.9954987,2567.7224,3,False
17,UAV_190,38.907856,101.0007248,2574.1514,2,False
17,UAV_191,38.8908119,100.9648972,2572.0632,0,False
17,UAV_192,38.7601242,100.972084,2569.9922,3,False
17,UAV_193,38.7845383,100.993988,2573.9395,4,False
17,UAV_194,38.8756256,101.0570908,2575.2771,2,False
17,UAV_195,38.9642754,101.1526947,2574.8369,1,False
17,UAV_196,38.9162788,101.067688,2574.0747,2,False
17,UAV_197,38.926384,101.0314713,2573.1948,2,False
17,UAV_198,38.8072929,101.0308609,2571.4587,3,False
17,UAV_199,38.875267,101.0405121,2576.5764,2,False
17,UAV_200,38.7624054,101.1056519,2573.8271,5,False
17,UAV_201,38.9026184,101.032135,2573.0808,2,False
17,UAV_202,38.8437614,100.9775085,2572.8779,4,False
17,UAV_203,38.8394165,101.0334091,2567.2122,3,False
17,UAV_204,38.8400497,101.0417557,2575.7434,5,False
17,UAV_205,38.7760696,101.1200867,2573.553,5,False
17,UAV_206,38.9058914,101.0410995,2572.0947,2,False
17,UAV_207,38.8482132,101.0405121,2570.1055,3,False
17,UAV_208,38.8482742,101.0794983,2567.6543,3,False
17,UAV_209,38.8266144,101.089653,2571.79,5,False
17,UAV_210,38.9261665,101.0347824,2568.9561,0,False
17,UAV_211,38.808506,100.955658,2575.3181,4,False
17,UAV_212,38.7522087,101.0043259,2581.6384,4,False
17,UAV_213,38.8225288,101.0544662,2578.1863,5,False
17,UAV_214,38.8273315,101.0593719,2573.4966,5,False
17,UAV_215,38.8764458,101.0996246,2575.073,1,False
17,UAV_216,38.7953758,100.98806,2568.0132,3,False
17,UAV_217,38.9625206,101.0740662,2567.5801,1,False
17,UAV_218,38.8223915,100.9812851,2572.623,4,False
17,UAV_219,38.7713547,101.0802078,2571.3738,3,False
17,UAV_220,38.8934059,101.0344543,2569.9133,0,True
17,UAV_221,38.8732529,101.0377426,2574.6016,2,False
17,UAV_222,38.8600197,101.0548325,2571.0566,1,False
17,UAV_223,38.8377609,101.0830383,2568.6523,3,False
17,UAV_224,38.7970657,100.9414673,2570.9927,4,False
17,UAV_225,38.8175278,101.0737076,2573.7644,5,False
17,UAV_226,38.8008881,100.9945984,2574.7561,4,False
17,UAV_227,38.847599,101.1164551,2570.3884,1,False
17,UAV_228,38.8266449,101.0627365,2572.5186,5,False
17,UAV_229,38.9000359,101.0050125,2571.3333,0,False
17,UAV_230,38.837429,101.1092148,2575.2395,5,False
17,UAV_231,38.8528519,101.0714111,2576.0916,5,False
17,UAV_232,38.7948875,100.968895,2572.439,4,False
17,UAV_233,38.7688789,100.9869003,2572.8582,4,False
17,UAV_234,38.8508987,100.9953537,2573.7209,4,False
17,UAV_235,38.8042221,101.0150452,2573.7622,4,False
17,UAV_236,38.8556442,100.9688339,2575.0713,4,False
17,UAV_237,38.8479691,101.111702,2573.1458,1,False
17,UAV_238,38.8995438,101.0804672,2572.9951,1,False
17,UAV_239,38.834053,101.0669403,2566.3079,3,False
17,UAV_240,38.8439713,101.041481,2575.2332,5,False
17,UAV_241,38.85429,100.9788284,2571.8955,0,False
17,UAV_242,38.7789383,101.0227356,2573.7979,4,False
17,UAV_243,38.8232117,100.9982147,2574.9778,4,False
17,UAV_244,38.7888298,101.0909958,2572.0027,5,False
17,UAV_245,38.9338646,100.9598083,2571.9287,0,False
17,UAV_246,38.8957901,101.009079,2573.1597,2,False
17,UAV_247,38.9297142,101.0630417,2570.6287,1,False
17,UAV_248,38.8716316,101.1027832,2576.4402,5,False
17,UAV_249,38.9407883,100.9584656,2576.0964,2,False
17,UAV_250,38.9578056,101.0347824,2573.0088,2,False
17,UAV_251,38.851059,100.9859848,2572.1162,0,False
17,UAV_252,38.7796402,101.1325226,2570.0247,5,False
17,UAV_253,38.8035812,101.0997162,2569.9666,3,False
17,UAV_254,38.8743591,101.0483932,2570.1807,1,False
17,UAV_255,38.8608513,101.0190048,2568.3928,0,False
17,UAV_256,38.8983154,101.1175308,2578.0024,5,False
17,UAV_257,38.853363,101.0761108,2571.6636,1,False
17,UAV_258,38.8552513,101.1405106,2571.8008,1,False
17,UAV_259,38.7750854,101.1503143,2574.1069,5,False
17,UAV_260,38.8235855,101.063736,2573.3767,5,False
17,UAV_261,38.8406334,101.0393295,2571.3635,3,False
17,UAV_262,38.9001884,101.0569763,2574.001,2,False
17,UAV_263,38.7924995,101.1411285,2571.4277,5,False
17,UAV_264,38.9187965,101.0644608,2578.8716,2,False
17,UAV_265,38.8441315,101.0627975,2573.0815,5,False
17,UAV_266,38.8780174,101.0995636,2572.5125,1,False
17,UAV_267,38.883606,101.0990067,2571.1523,1,False
17,UAV_268,38.9240189,100.9690094,2579.3347,2,False
17,UAV_269,38.9206352,100.9967804,2574.4148,2,False
17,UAV_270,38.8034401,101.0139771,2569.3474,3,False
17,UAV_271,38.8661842,100.9974136,2569.2441,0,False
17,UAV_272,38.7822266,100.9690628,2571.8723,4,False
17,UAV_273,38.8451767,101.0282059,2570.5251,3,False
17,UAV_274,38.8497124,101.0223007,2573.5427,4,False
17,UAV_275,38.9002876,100.9606934,2571.9648,0,False
17,UAV_276,38.7972336,101.0602646,2579.6106,5,False
17,UAV_277,38.7830696,100.9903259,2572.3271,4,False
17,UAV_278,38.7926407,101.0999908,2570.0195,3,False
17,UAV_279,38.8927155,101.0903168,2576.1843,2,False
17,UAV_280,38.8287048,100.9776917,2569.4175,3,False
17,UAV_281,38.8994141,101.0472794,2574.2463,2,False
17,UAV_282,38.8180275,101.1279449,2568.9443,1,False
17,UAV_283,38.9049683,101.0923157,2578.2722,2,False
17,UAV_284,38.9024124,101.0003891,2575.4265,2,True
17,UAV_285,38.8468132,101.0842972,2571.6633,1,False
17,UAV_286,38.7862396,100.9634171,2566.5398,3,False
17,UAV_287,38.8458138,101.1112289,2570.834,1,False
17,UAV_288,38.906765,101.0899353,2576.4573,2,False
17,UAV_289,38.9299736,101.1101456,2578.5393,2,False
17,UAV_290,38.73526,100.942688,2569.4275,4,False
17,UAV_291,38.8676529,101.0198898,2572.5171,0,False
17,UAV_292,38.8565178,101.002327,2575.7568,2,False
17,UAV_293,38.8574524,101.1098938,2580.2249,5,False
17,UAV_294,38.8410645,101.1363831,2576.0076,5,False
17,UAV_295,38.954895,101.0220718,2573.9785,2,False
17,UAV_296,38.8414383,101.1054916,2574.325,5,False
17,UAV_297,38.7838669,101.0002594,2569.8796,3,False
17,UAV_298,38.8124924,101.0989914,2574.916,5,False
17,UAV_299,38.7852325,101.0548935,2574.9155,5,False
17,UAV_300,38.8240509,100.9608994,2570.073,0,False
17,UAV_301,38.8341293,101.077446,2575.7402,5,False
17,UAV_302,38.7923584,101.1524963,2575.7124,5,False
17,UAV_303,38.9014626,101.1038361,2568.5117,1,False
17,UAV_304,38.9031792,101.0517654,2575.9512,2,False
17,UAV_305,38.8617706,100.9735413,2574.3406,4,False
17,UAV_306,38.8431931,101.0005417,2576.3914,4,False
17,UAV_307,38.8031616,100.9446335,2573.0222,4,False
17,UAV_308,38.8723907,101.1116028,2574.2991,1,False
17,UAV_309,38.905777,101.0683975,2579.3916,2,False
17,UAV_310,38.8382835,100.9833069,2571.7173,4,False
17,UAV_311,38.7586861,101.0323257,2571.2061,3,False
17,UAV_312,38.9057617,101.04422,2572.0239,1,False
17,UAV_313,38.8866043,101.0197067,2573.9458,2,False
17,UAV_314,38.8988342,100.9570999,2576.8425,2,False
17,UAV_315,38.887989,100.9933014,2573.4927,2,False
17,UAV_316,38.9127808,101.0255508,2576.4695,2,False
17,UAV_317,38.9273376,101.0215836,2577.405,2,False
17,UAV_318,38.8100128,101.0759888,2576.593,5,False
17,UAV_319,38.869503,101.0053406,2575.2168,2,False
17,UAV_320,38.7966309,101.011261,2572.6106,4,False
17,UAV_321,38.9515533,101.0113831,2567.5901,0,False
17,UAV_322,38.8171616,101.1029282,2573.928,5,False
17,UAV_323,38.7378349,101.0759735,2573.2461,5,False
17,UAV_324,38.8821793,101.0262909,2569.5884,0,False
17,UAV_325,38.7996445,101.113739,2578.9373,5,False
17,UAV_326,38.8676338,101.1300354,2573.1794,1,False
17,UAV_327,38.8783684,100.9960938,2577.5493,2,False
17,UAV_328,38.8095169,101.0162735,2572.0833,3,False
17,UAV_329,38.8220634,101.0667725,2574.4724,5,False
17,UAV_330,38.9212036,101.0045471,2575.7925,2,False
17,UAV_331,38.926815,101.1178589,2570.1313,1,False
17,UAV_332,38.9023857,101.0430756,2574.5759,2,False
17,UAV_333,38.9511681,100.9873886,2567.1406,0,False
17,UAV_334,38.8565216,101.0367661,2573.8254,2,False
17,UAV_335,38.7755623,101.0309601,2571.8611,3,False
17,UAV_336,38.8176422,101.00457,2570.6729,3,False
17,UAV_337,38.8827286,101.0359726,2575.752,2,False
17,UAV_338,38.7795372,101.039978,2575.8491,5,False
17,UAV_339,38.7992897,101.1419525,2571.7878,5,False
17,UAV_340,38.8511925,100.9948425,2569.5308,0,False
17,UAV_341,38.8167725,101.0204773,2574.3689,4,False
17,UAV_342,38.8606911,101.0648193,2567.53,3,False
17,UAV_343,38.8368645,101.0846939,2577.2854,5,False
17,UAV_344,38.928791,101.1285782,2576.9023,1,False
17,UAV_345,38.8270378,101.0187302,2577.6821,4,False
17,UAV_346,38.9033089,101.0449905,2575.2161,2,False
17,UAV_347,38.83564,101.0226898,2571.636,3,False
17,UAV_348,38.8293953,101.0613861,2575.1282,5,True
17,UAV_349,38.9386024,100.923851,2572.0994,0,False
17,UAV_350,38.8512154,101.1054077,2574.7275,5,False
17,UAV_351,38.9105568,101.1351318,2572.1021,1,False
17,UAV_352,38.7965736,101.0558167,2570.1294,3,False
17,UAV_353,38.7956276,100.9525375,2577.8918,4,False
17,UAV_354,38.7941895,100.9830475,2574.4111,4,False
17,UAV_355,38.8819771,101.0384827,2576.4958,2,False
17,UAV_356,38.8192825,101.0388184,2568.7656,3,False
17,UAV_357,38.7892265,100.9675293,2571.4988,4,False
17,UAV_358,38.8710594,101.0690994,2573.842,1,False
17,UAV_359,38.8330765,101.01651,2570.8879,3,False
17,UAV_360,38.8476906,101.1137238,2575.2227,5,False
17,UAV_361,38.8992119,101.0795975,2573.8469,1,False
17,UAV_362,38.8315773,101.0942688,2575.6316,5,False
17,UAV_363,38.830307,101.1226501,2568.9314,1,False
17,UAV_364,38.8410072,101.0665436,2574.5415,5,False
17,UAV_365,38.7969589,101.0319901,2569.6128,3,True
17,UAV_366,38.7909393,101.0987778,2569.0664,3,False
17,UAV_367,38.8896599,100.9851074,2572.1389,0,False
17,UAV_368,38.8766632,101.0649719,2572.2183,1,False
17,UAV_369,38.9249001,101.1105042,2572.9058,1,False
17,UAV_370,38.8534584,101.0250549,2567.4333,3,False
17,UAV_371,38.8759727,101.0312653,2572.1406,0,False
17,UAV_372,38.8806152,101.0363617,2576.7153,2,False
17,UAV_373,38.8529663,101.1169968,2567.6079,1,False
17,UAV_374,38.813942,101.0524139,2575.9592,5,False
17,UAV_375,38.808815,101.0401535,2576.9333,5,False
17,UAV_376,38.7949715,101.0148239,2568.1838,3,False
17,UAV_377,38.8756981,101.0635834,2575.8491,2,False
17,UAV_378,38.8746834,101.0972214,2577.7756,5,False
17,UAV_379,38.7834282,100.9996109,2575.9592,4,False
17,UAV_380,38.8267517,101.0062637,2577.6223,4,False
17,UAV_381,38.8826065,100.9754868,2580.8469,2,False
17,UAV_382,38.8196068,101.0130768,2575.5603,4,False
17,UAV_383,38.9204559,101.0168915,2573.564,2,False
17,UAV_384,38.8887024,100.9883804,2568.0266,0,False
17,UAV_385,38.785305,101.0936279,2575.1472,5,False
17,UAV_386,38.8457909,101.0890579,2574.3772,5,False
17,UAV_387,38.895649,101.0643082,2571.1238,1,False
17,UAV_388,38.8039436,101.0840607,2570.4641,3,False
17,UAV_389,38.8098488,101.1257401,2575.1897,5,False
17,UAV_390,38.8332062,100.9956741,2574.7888,4,False
17,UAV_391,38.772953,101.0760269,2576.7974,5,False
17,UAV_392,38.8026962,101.0608063,2571.2734,3,False
17,UAV_393,38.901062,100.9906464,2568.1956,0,False
17,UAV_394,38.9502869,101.0639038,2570.1406,1,False
17,UAV_395,38.8847847,100.9738235,2572.2913,0,False
17,UAV_396,38.9573593,101.0068207,2569.4434,0,False
17,UAV_397,38.8313675,101.0213699,2575.9519,4,False
17,UAV_398,38.8893929,101.0742111,2569.3171,1,False
17,UAV_399,38.8616333,101.0751266,2570.5593,1,False
17,UAV_400,38.8488846,101.0293808,2570.8479,3,False
17,UAV_401,38.9006348,101.0113602,2574.4241,2,False
17,UAV_402,38.8839684,101.0394363,2570.8169,0,False
17,UAV_403,38.8895721,101.0725174,2574.0928,1,False
17,UAV_404,38.8703842,101.0278397,2572.3547,0,False
17,UAV_405,38.9255219,101.0434647,2575.6689,2,False
17,UAV_406,38.8391533,101.0573959,2569.7673,3,False
17,UAV_407,38.8187714,100.9723511,2573.5793,4,False
17,UAV_408,38.7999687,101.0637131,2572.6863,5,False
17,UAV_409,38.8796883,101.0169525,2569.4446,0,False
17,UAV_410,38.7737846,101.0510254,2570.1204,3,False
17,UAV_411,38.8881187,101.0622864,2574.1313,2,False
17,UAV_412,38.800827,100.9638062,2576.4189,4,False
17,UAV_413,38.8089867,101.0951309,2574.104,5,False
17,UAV_414,38.7861023,101.0560532,2576.6599,5,False
17,UAV_415,38.8602295,100.9547806,2571.4448,0,False
17,UAV_416,38.8423271,101.0182114,2571.894,3,False
17,UAV_417,38.9104385,101.1212234,2573.1497,1,False
17,UAV_418,38.9139824,101.0263672,2577.0413,2,False
17,UAV_419,38.8617744,100.9596329,2574.7334,4,False
17,UAV_420,38.7916298,101.0067139,2575.062,4,False
17,UAV_421,38.7569695,101.0491486,2576.675,5,False
17,UAV_422,38.85746,100.9905167,2570.8994,0,False
17,UAV_423,38.8733978,101.0822525,2575.6912,5,False
17,UAV_424,38.7684746,100.9579315,2577.5999,4,False
17,UAV_425,38.8876839,101.0603943,2570.9814,1,False
17,UAV_426,38.892189,101.0492401,2571.1877,1,False
17,UAV_427,38.8416595,101.035553,2576.1848,5,False
17,UAV_428,38.8373566,100.9624176,2570.3245,0,False
17,UAV_429,38.8286285,100.9981842,2571.8665,4,False
17,UAV_430,38.7603073,101.0584488,2573.7581,5,False
17,UAV_431,38.8035736,101.014534,2574.7126,4,False
17,UAV_432,38.9345589,101.0676804,2569.573,1,False
17,UAV_433,38.9547729,100.9946671,2569.6919,0,False
17,UAV_434,38.8377151,100.9834824,2569.1362,0,False
17,UAV_435,38.8378601,100.9783783,2568.7236,0,False
17,UAV_436,38.7723999,101.0127411,2572.811,4,False
17,UAV_437,38.8885117,101.1207352,2575.0376,1,False
17,UAV_438,38.8716049,101.0067673,2566.2998,0,False
17,UAV_439,38.9389305,101.0138855,2573.6423,2,False
17,UAV_440,38.9263992,101.0250549,2568.4111,0,False
17,UAV_441,38.798069,100.9557724,2577.1108,4,False
17,UAV_442,38.8602257,101.0042572,2569.1406,0,False
17,UAV_443,38.8819466,101.147522,2570.6438,1,False
17,UAV_444,38.8087158,100.9906693,2573.4956,4,False
17,UAV_445,38.8144455,100.997139,2571.9353,4,False
17,UAV_446,38.8723526,101.0873489,2571.2056,1,False
17,UAV_447,38.9002228,101.1151199,2569.9546,1,False
17,UAV_448,38.7785912,101.0386353,2571.7039,3,False
17,UAV_449,38.8075142,101.0642624,2567.6836,3,False
17,UAV_450,38.8415794,101.0962677,2570.9543,1,False
17,UAV_451,38.7757607,100.9878082,2569.927,3,False
17,UAV_452,38.8695602,101.0894623,2573.4807,1,False
17,UAV_453,38.9249382,101.0443268,2575.4421,2,False
17,UAV_454,38.8619385,101.1025391,2577.783,5,False
17,UAV_455,38.8314514,100.9858627,2574.6658,4,False
17,UAV_456,38.8230553,101.0478897,2575.9038,5,False
17,UAV_457,38.8446198,101.0414658,2570.4863,3,False
17,UAV_458,38.8541641,101.0467529,2571.0767,3,False
17,UAV_459,38.8908005,101.0015564,2566.9868,0,False
17,UAV_460,38.7652512,101.0812683,2571.7576,5,False
17,UAV_461,38.8757439,100.9578781,2573.9741,2,False
17,UAV_462,38.8484116,101.0921097,2570.9871,1,False
17,UAV_463,38.7800255,100.9935684,2570.6904,3,False
17,UAV_464,38.822937,101.0174332,2571.863,3,False
17,UAV_465,38.8501472,100.9708557,2571.6772,0,False
17,UAV_466,38.9120789,101.0670166,2573.3154,1,False
17,UAV_467,38.8178368,101.0218124,2574.2278,4,False
17,UAV_468,38.7579727,100.9817352,2578.3687,4,False
17,UAV_469,38.8454399,101.0554733,2569.0864,3,False
17,UAV_470,38.8475113,101.0621948,2563.1941,3,False
17,UAV_471,38.8103142,100.9800415,2571.8691,4,False
17,UAV_472,38.8645439,101.1189728,2572.9758,1,False
17,UAV_473,38.8580589,101.0932236,2575.2117,5,False
17,UAV_474,38.8190956,100.9568405,2573.7249,4,False
17,UAV_475,38.9216652,101.0274429,2570.0269,0,False
17,UAV_476,38.9389114,101.0536652,2572.9707,2,False
17,UAV_477,38.8301582,101.0124435,2568.6538,3,False
17,UAV_478,38.9028854,100.9859238,2568.364,0,False
17,UAV_479,38.879715,101.0793076,2571.0049,1,False
17,UAV_480,38.833477,101.0419006,2573.0371,5,False
17,UAV_481,38.8202896,100.977272,2573.292,4,False
17,UAV_482,38.788662,101.0979538,2576.9868,5,False
17,UAV_483,38.9005432,101.1100616,2571.6624,1,False
17,UAV_484,38.8200378,101.0609207,2576.8389,5,False
17,UAV_485,38.8038292,101.0245209,2568.8335,3,False
17,UAV_486,38.9098892,101.032341,2573.3496,2,False
17,UAV_487,38.9134789,101.0103912,2573.3928,2,False
17,UAV_488,38.8362045,101.0145721,2576.7947,4,False
17,UAV_489,38.8253746,101.0236511,2571.5278,3,False
17,UAV_490,38.8303947,100.9823151,2570.3716,3,False
17,UAV_491,38.9239388,101.039978,2580.7612,2,False
17,UAV_492,38.8492279,101.0447693,2567.5613,3,False
17,UAV_493,38.8661919,101.0522919,2571.8494,1,False
17,UAV_494,38.7952156,100.9982681,2575.77,4,False
17,UAV_495,38.9346085,100.9803772,2575.3523,2,False
17,UAV_496,38.8246002,101.0435333,2574.2148,5,False
17,UAV_497,38.8103561,101.020401,2568.0098,3,False
17,UAV_498,38.8129196,101.0242691,2569.2522,3,False
17,UAV_499,38.8855476,100.9751053,2578.2036,2,False
17,UAV_500,38.8039665,101.0867538,2576.4487,5,False
18,UAV_001,38.8302956,101.0906067,2571.5698,1,False
18,UAV_002,38.8856888,100.9957581,2572.1416,0,False
18,UAV_003,38.8947678,101.0683289,2573.3418,2,False
18,UAV_004,38.7984352,101.0011597,2574.6633,4,False
18,UAV_005,38.8161964,101.1000824,2577.8674,3,False
18,UAV_006,38.7781143,101.0850143,2566.8291,5,False
18,UAV_007,38.8885307,101.0978546,2570.0027,1,False
18,UAV_008,38.8843155,101.0642242,2570.7046,1,False
18,UAV_009,38.9154663,101.1024475,2571.6797,1,False
18,UAV_010,38.8537598,100.9457626,2569.1108,0,False
18,UAV_011,38.8994675,101.0371323,2571.8264,0,False
18,UAV_012,38.8164024,100.9743576,2573.7812,4,False
18,UAV_013,38.8536949,101.0555725,2574.5405,3,False
18,UAV_014,38.8222008,100.9737015,2568.0747,5,False
18,UAV_015,38.881073,100.9707184,2570.5791,0,False
18,UAV_016,38.965889,100.9725952,2571.875,0,False
18,UAV_017,38.8688011,101.0391769,2572.5017,0,False
18,UAV_018,38.8577652,100.9950562,2573.8357,4,False
18,UAV_019,38.8211861,101.0606461,2574.6897,3,False
18,UAV_020,38.8114777,100.987648,2571.8267,5,False
18,UAV_021,38.8431129,101.1457062,2573.0813,3,False
18,UAV_022,38.8783493,100.9801331,2570.3845,0,False
18,UAV_023,38.8703156,100.9584427,2567.6606,0,False
18,UAV_024,38.8730431,101.0307693,2571.9019,0,False
18,UAV_025,38.8898697,101.0195999,2577.7358,2,False
18,UAV_026,38.8964233,101.0847626,2572.3906,1,False
18,UAV_027,38.8874168,101.0804443,2574.0242,2,False
18,UAV_028,38.901886,101.1212997,2570.6631,1,False
18,UAV_029,38.8362045,101.0414276,2572.7952,5,False
18,UAV_030,38.8445282,101.0217743,2570.647,0,False
18,UAV_031,38.854557,101.0274429,2575.9302,4,False
18,UAV_032,38.8532486,101.088562,2570.5481,1,False
18,UAV_033,38.8857193,101.0778198,2567.1663,1,False
18,UAV_034,38.9014206,101.0459824,2575.2139,2,False
18,UAV_035,38.8321648,101.0324097,2579.4795,4,False
18,UAV_036,38.9101105,100.9925919,2575.5757,2,True
18,UAV_037,38.9241409,100.9830933,2566.7573,0,False
18,UAV_038,38.9024696,101.0215225,2576.0068,2,False
18,UAV_039,38.9523163,100.9927521,2572.8103,2,False
18,UAV_040,38.869175,101.0126724,2578.5779,2,False
18,UAV_041,38.8574562,100.9878693,2574.8103,4,False
18,UAV_042,38.9127312,101.0486755,2577.5854,2,False
18,UAV_043,38.8936234,101.0931854,2573.0122,1,False
18,UAV_044,38.7419891,101.0080872,2570.4705,5,False
18,UAV_045,38.9486046,101.0318909,2568.3672,0,False
18,UAV_046,38.7910461,100.9706726,2573.5867,4,False
18,UAV_047,38.8842316,100.9876251,2571.5347,0,False
18,UAV_048,38.9077568,101.0336685,2575.9893,2,False
18,UAV_049,38.7813873,101.0448532,2573.521,5,False
18,UAV_050,38.8951035,101.0329514,2566.3801,0,False
18,UAV_051,38.8948708,101.0460129,2568.741,0,False
18,UAV_052,38.7852592,101.0478745,2572.7131,5,False
18,UAV_053,38.9084587,101.0844879,2577.9214,2,False
18,UAV_054,38.8256798,101.0643539,2574.1921,3,False
18,UAV_055,38.7890892,101.0759048,2568.2551,5,False
18,UAV_056,38.8875885,101.0259247,2572.605,0,False
18,UAV_057,38.8013878,101.0787964,2573.3076,3,False
18,UAV_058,38.8196602,101.0296402,2575.8298,4,False
18,UAV_059,38.8608475,101.0144043,2571.6729,0,False
18,UAV_060,38.7805557,101.0215302,2568.3906,5,False
18,UAV_061,38.8446159,101.0605164,2576.939,3,False
18,UAV_062,38.854248,101.0673599,2568.7954,1,False
18,UAV_063,38.9304123,100.9639053,2575.6138,2,False
18,UAV_064,38.8772163,101.1364441,2574.9507,3,False
18,UAV_065,38.9081154,101.0337677,2574.2124,2,False
18,UAV_066,38.9232597,101.1230011,2568.7522,1,False
18,UAV_067,38.8804665,100.9932785,2569.3271,0,False
18,UAV_068,38.8866882,101.0312653,2570.6704,0,False
18,UAV_069,38.9376144,101.0695038,2573.6321,2,False
18,UAV_070,38.7947922,101.0211563,2574.8225,4,False
18,UAV_071,38.8250885,101.1301346,2578.5664,3,False
18,UAV_072,38.8589439,101.0183563,2569.9258,0,False
18,UAV_073,38.8056107,101.012291,2574.5374,4,False
18,UAV_074,38.8131142,100.9930954,2570.7278,5,False
18,UAV_075,38.81464,100.9839554,2576.6406,4,False
18,UAV_076,38.8945808,101.0173111,2572.1553,0,False
18,UAV_077,38.8061447,101.0836182,2569.9946,1,False
18,UAV_078,38.9085617,101.011467,2572.4287,0,False
18,UAV_079,38.9096642,101.0491943,2572.6643,2,False
18,UAV_080,38.9586487,101.0953598,2569.7485,1,False
18,UAV_081,38.7926712,100.9938431,2574.1384,4,False
18,UAV_082,38.7966843,101.071106,2577.554,3,False
18,UAV_083,38.7379761,101.0138702,2566.7478,5,False
18,UAV_084,38.8261337,101.070961,2578.8928,3,False
18,UAV_085,38.8865852,101.0326767,2573.7971,2,False
18,UAV_086,38.9006577,101.1123962,2571.5667,1,False
18,UAV_087,38.8237839,101.1162415,2578.9202,3,False
18,UAV_088,38.8177452,100.975441,2577.3438,4,False
18,UAV_089,38.8579254,101.0622864,2571.1338,1,False
18,UAV_090,38.8760757,101.0225449,2574.9248,2,False
18,UAV_091,38.8301163,101.0232391,2569.1135,5,False
18,UAV_092,38.8255196,100.9959412,2574.0193,4,False
18,UAV_093,38.9589081,100.9806213,2574.3943,2,False
18,UAV_094,38.8080177,101.0135956,2568.2214,5,False
18,UAV_095,38.8546944,101.1052017,2572.1282,1,False
18,UAV_096,38.8621902,101.0667419,2567.3225,1,False
18,UAV_097,38.7383499,100.9295197,2574.4578,4,False
18,UAV_098,38.8134308,101.0999603,2572.8008,3,False
18,UAV_099,38.9020882,101.0278168,2572.1572,0,False
18,UAV_100,38.9043808,101.110817,2571.3586,1,False
18,UAV_101,38.8711166,100.9892197,2576.9702,4,False
18,UAV_102,38.8067131,101.0828781,2578.3916,3,False
18,UAV_103,38.8531761,100.9826965,2570.9939,0,False
18,UAV_104,38.7991982,101.0197372,2573.4595,4,False
18,UAV_105,38.8920288,100.998909,2568.5317,0,False
18,UAV_106,38.9034233,100.9987717,2570.2449,0,False
18,UAV_107,38.7871933,101.0735397,2571.3191,5,False
18,UAV_108,38.9500084,100.9831314,2566.0579,0,False
18,UAV_109,38.8925896,101.045517,2575.8789,2,False
18,UAV_110,38.8322525,101.0924072,2568.1675,1,False
18,UAV_111,38.7879829,101.0180206,2570.0291,5,False
18,UAV_112,38.7411575,100.9631958,2571.9421,5,False
18,UAV_113,38.7728348,100.9673767,2575.7949,4,False
18,UAV_114,38.8903008,101.0112381,2572.564,0,False
18,UAV_115,38.8783989,101.039505,2575.3464,2,False
18,UAV_116,38.8300438,101.030632,2575.2053,4,False
18,UAV_117,38.8765068,100.9421844,2570.3508,0,False
18,UAV_118,38.8032608,101.0144806,2572.0039,5,False
18,UAV_119,38.8110275,101.0686798,2571.0737,5,False
18,UAV_120,38.8538933,101.0698013,2574.5247,3,False
18,UAV_121,38.7836914,101.1055984,2573.3088,3,False
18,UAV_122,38.7878532,101.0359573,2565.2397,5,False
18,UAV_123,38.8694382,101.0367203,2575.3652,2,False
18,UAV_124,38.8745346,101.1220398,2577.988,3,False
18,UAV_125,38.836544,100.9983902,2574.8184,4,False
18,UAV_126,38.7984123,101.0216522,2569.1758,5,False
18,UAV_127,38.9125328,101.0160294,2576.7661,2,False
18,UAV_128,38.8562012,100.9710922,2572.4431,0,False
18,UAV_129,38.9374542,101.0156021,2573.4226,2,False
18,UAV_130,38.7931824,101.0158539,2574.1418,4,False
18,UAV_131,38.8990707,100.9768143,2571.8965,0,False
18,UAV_132,38.8647346,100.9428711,2566.739,0,False
18,UAV_133,38.8758583,101.0501633,2570.748,1,False
18,UAV_134,38.7496986,101.0100708,2569.8625,5,False
18,UAV_135,38.7863235,101.0490952,2571.8684,5,False
18,UAV_136,38.8304672,101.0523682,2570.3132,5,False
18,UAV_137,38.8374405,100.9908981,2571.5811,0,False
18,UAV_138,38.8150864,101.0605316,2567.8049,5,False
18,UAV_139,38.8173027,101.0401459,2570.6128,5,False
18,UAV_140,38.8541374,101.0802002,2571.4629,1,False
18,UAV_141,38.8046875,100.9986267,2570.8772,5,False
18,UAV_142,38.8774338,101.1010742,2573.4185,1,False
18,UAV_143,38.7978897,100.9794312,2571.5894,5,False
18,UAV_144,38.8457794,101.0801468,2571.8435,1,False
18,UAV_145,38.8666916,101.1053848,2567.0701,1,False
18,UAV_146,38.950367,101.0118408,2576.4299,2,False
18,UAV_147,38.9183464,100.9944992,2569.9983,0,False
18,UAV_148,38.8071365,100.9895935,2575.9011,4,False
18,UAV_149,38.788887,101.0765228,2575.4607,3,False
18,UAV_150,38.7797165,101.1108246,2578.481,3,False
18,UAV_151,38.8761482,101.0966873,2576.1956,3,False
18,UAV_152,38.9301414,100.9570389,2575.2742,2,False
18,UAV_153,38.8119583,101.1112518,2573.5825,3,False
18,UAV_154,38.7980499,101.0816116,2572.9558,3,False
18,UAV_155,38.8642845,100.9649658,2565.8215,0,False
18,UAV_156,38.834362,101.0603256,2575.8159,3,True
18,UAV_157,38.7967529,101.12323,2577.2217,3,False
18,UAV_158,38.8452644,101.0872192,2570.9502,1,False
18,UAV_159,38.8376465,101.0791397,2567.2397,1,False
18,UAV_160,38.8318443,100.9935455,2566.6216,5,False
18,UAV_161,38.9347115,101.093277,2575.5593,2,False
18,UAV_162,38.8769531,101.012764,2570.7942,0,False
18,UAV_163,38.7433243,101.0541382,2573.6248,5,False
18,UAV_164,38.7744331,100.9897232,2570.4307,5,False
18,UAV_165,38.8632545,100.9592819,2569.8591,0,False
18,UAV_166,38.8860168,101.0861359,2575.1787,2,False
18,UAV_167,38.9096756,101.0349045,2573.7769,2,False
18,UAV_168,38.7874985,101.0952835,2578.3613,3,False
18,UAV_169,38.8710976,101.0114136,2569.2524,0,False
18,UAV_170,38.8420792,101.1024246,2576.9839,3,False
18,UAV_171,38.8643761,101.0484619,2575.1548,2,False
18,UAV_172,38.8161201,101.0497437,2572.1169,5,False
18,UAV_173,38.773201,100.9742203,2575.5994,4,False
18,UAV_174,38.8403206,101.0053711,2579.1831,4,False
18,UAV_175,38.8622131,101.0968933,2574.4617,3,False
18,UAV_176,38.7871246,101.1156082,2570.1426,1,False
18,UAV_177,38.8042488,101.0896835,2574.0876,3,False
18,UAV_178,38.8792915,101.0132294,2568.9893,0,False
18,UAV_179,38.8328857,101.0165787,2570.0281,5,False
18,UAV_180,38.861454,100.9960175,2572.2256,0,False
18,UAV_181,38.9173012,101.0080338,2574.1653,2,False
18,UAV_182,38.8594589,101.0535965,2565.6187,1,False
18,UAV_183,38.851265,100.9592133,2570.5037,0,False
18,UAV_184,38.7366066,100.9996338,2567.0913,5,False
18,UAV_185,38.9013138,101.0223618,2570.8591,0,False
18,UAV_186,38.8678665,101.0276337,2571.7214,0,False
18,UAV_187,38.8641319,101.0910645,2567.6384,1,False
18,UAV_188,38.9152603,101.0066986,2567.2502,0,False
18,UAV_189,38.7848854,100.9949875,2572.2109,5,False
18,UAV_190,38.9043427,101.0042419,2578.1196,2,False
18,UAV_191,38.8911667,100.9648438,2571.6299,0,False
18,UAV_192,38.7780266,100.9677734,2572.3367,5,False
18,UAV_193,38.7812347,100.9985657,2575.5652,4,False
18,UAV_194,38.8733101,101.0570755,2574.6646,2,False
18,UAV_195,38.9445457,101.0813675,2578.0662,2,False
18,UAV_196,38.9468422,101.1277161,2573.2622,1,False
18,UAV_197,38.9258919,101.0316544,2576.9014,2,False
18,UAV_198,38.8067551,101.0308304,2576.415,4,False
18,UAV_199,38.8747559,101.0407104,2570.604,0,False
18,UAV_200,38.7608223,101.1065826,2577.2563,3,False
18,UAV_201,38.9017868,101.0382385,2573.6113,2,False
18,UAV_202,38.8406143,101.0121307,2574.5356,4,False
18,UAV_203,38.8383789,101.0330429,2569.7881,5,False
18,UAV_204,38.8359756,101.0404358,2571.2791,5,False
18,UAV_205,38.7756767,101.1209106,2576.2786,3,False
18,UAV_206,38.9055328,101.0400543,2572.1597,2,False
18,UAV_207,38.8480873,101.0406876,2574.7981,4,False
18,UAV_208,38.8484154,101.0789795,2568.4221,1,False
18,UAV_209,38.8366508,101.1450272,2577.7324,3,False
18,UAV_210,38.9273911,101.0345306,2570.6506,0,False
18,UAV_211,38.8089218,100.9324112,2575.8098,4,False
18,UAV_212,38.7528076,101.006752,2575.9932,4,False
18,UAV_213,38.8133812,101.058342,2572.4434,5,False
18,UAV_214,38.8274918,101.0594254,2574.3945,3,False
18,UAV_215,38.8719368,101.0996552,2578.5496,3,False
18,UAV_216,38.794735,100.9851456,2572.2812,5,False
18,UAV_217,38.9437904,101.0965958,2576.2583,2,False
18,UAV_218,38.8294563,100.9810181,2573.3762,4,False
18,UAV_219,38.7712631,101.0805435,2573.9316,3,False
18,UAV_220,38.8936119,101.0343552,2570.6838,0,False
18,UAV_221,38.8733292,101.0379944,2572.7112,0,False
18,UAV_222,38.8610802,101.0538177,2571.7544,1,False
18,UAV_223,38.8361473,101.0818253,2570.6731,1,False
18,UAV_224,38.8009872,100.9397049,2573.5229,4,False
18,UAV_225,38.7990036,101.0621643,2569.7329,5,False
18,UAV_226,38.8002853,100.9927673,2568.741,5,False
18,UAV_227,38.8475189,101.116806,2574.6238,3,False
18,UAV_228,38.8221283,101.0627823,2579.6206,3,False
18,UAV_229,38.9064598,101.0049667,2571.5017,0,False
18,UAV_230,38.8291206,101.109375,2580.9709,3,False
18,UAV_231,38.8482819,101.0732803,2575.9741,3,False
18,UAV_232,38.7991409,100.9685745,2571.6094,5,False
18,UAV_233,38.7692833,100.9858551,2570.469,5,False
18,UAV_234,38.8487625,100.9953384,2578.7397,4,False
18,UAV_235,38.8048973,101.0180359,2571.925,5,False
18,UAV_236,38.8590546,100.9678574,2569.2703,0,False
18,UAV_237,38.8430672,101.1053696,2572.3213,1,False
18,UAV_238,38.8978729,101.0801544,2570.095,1,False
18,UAV_239,38.8357315,101.0665436,2570.8262,1,False
18,UAV_240,38.843708,101.0432205,2571.4011,1,False
18,UAV_241,38.8531189,100.9777222,2570.3418,0,True
18,UAV_242,38.7785683,101.0234375,2577.8933,4,False
18,UAV_243,38.8234215,100.9981155,2571.9822,5,False
18,UAV_244,38.7896004,101.0900116,2566.052,5,False
18,UAV_245,38.940918,100.9643326,2574.4722,2,False
18,UAV_246,38.8989029,101.0089569,2577.179,2,False
18,UAV_247,38.9304848,101.0630646,2575.3979,2,False
18,UAV_248,38.8667946,101.1070404,2574.8423,3,False
18,UAV_249,38.9409065,100.963768,2578.2532,2,False
18,UAV_250,38.9481163,101.0480881,2577.8889,2,False
18,UAV_251,38.8515015,100.9848633,2568.6157,0,False
18,UAV_252,38.7780914,101.1322479,2568.165,1,False
18,UAV_253,38.8041763,101.0967178,2571.8782,3,False
18,UAV_254,38.8745728,101.0473022,2570.8264,1,False
18,UAV_255,38.8606415,101.0164185,2569.5923,0,False
18,UAV_256,38.8978462,101.1179428,2577.6489,3,False
18,UAV_257,38.852623,101.0762482,2573.8618,3,False
18,UAV_258,38.8618622,101.0903778,2571.0681,1,False
18,UAV_259,38.7816391,101.1529694,2575.3992,3,False
18,UAV_260,38.8234482,101.0634689,2573.6592,3,False
18,UAV_261,38.8487015,101.0568314,2579.7346,3,False
18,UAV_262,38.9035187,101.0621567,2568.8215,1,False
18,UAV_263,38.7923622,101.1417847,2576.6086,3,False
18,UAV_264,38.9210472,101.0656433,2575.8108,2,False
18,UAV_265,38.8479233,101.0625839,2573.6934,3,False
18,UAV_266,38.8777428,101.0987625,2571.1008,1,False
18,UAV_267,38.8837013,101.098877,2571.1221,1,False
18,UAV_268,38.924015,100.9692001,2574.8997,2,False
18,UAV_269,38.918026,100.9983673,2574.0403,2,False
18,UAV_270,38.8025551,101.0137711,2568.9333,5,False
18,UAV_271,38.866127,100.9973068,2572.6953,0,False
18,UAV_272,38.775486,100.9654007,2571.9285,5,False
18,UAV_273,38.8456078,101.0278015,2567.5867,0,False
18,UAV_274,38.8488846,101.0226517,2572.1755,0,False
18,UAV_275,38.896946,100.9639893,2577.4485,2,False
18,UAV_276,38.7945786,101.0624619,2574.6658,3,False
18,UAV_277,38.7815857,100.9900055,2564.1753,5,False
18,UAV_278,38.7928162,101.0994644,2571.7947,3,False
18,UAV_279,38.8902054,101.0902634,2571.792,1,False
18,UAV_280,38.8252525,100.9811478,2576.4207,4,False
18,UAV_281,38.9087143,101.0493546,2577.3745,2,False
18,UAV_282,38.8157234,101.1233902,2570.1489,1,False
18,UAV_283,38.9041557,101.0922394,2571.4333,1,False
18,UAV_284,38.9015198,101.0034714,2572.5881,0,False
18,UAV_285,38.8459396,101.0845184,2572.0408,1,False
18,UAV_286,38.7874222,100.9595947,2565.7029,5,False
18,UAV_287,38.8454781,101.1101913,2567.2732,1,False
18,UAV_288,38.9065933,101.0902252,2579.4978,2,False
18,UAV_289,38.9300766,101.1158676,2574.73,2,False
18,UAV_290,38.7368279,100.9417801,2564.7104,5,False
18,UAV_291,38.8843002,101.0888977,2572.9348,1,False
18,UAV_292,38.8555298,101.0027008,2575.2605,4,True
18,UAV_293,38.860714,101.1098938,2569.9216,1,False
18,UAV_294,38.841713,101.1368561,2575.1812,3,False
18,UAV_295,38.9473953,101.0429306,2577.9849,2,False
18,UAV_296,38.8416405,101.1053314,2569.009,1,False
18,UAV_297,38.7858849,101.0000992,2570.3425,5,False
18,UAV_298,38.8230705,101.0823212,2576.7417,3,False
18,UAV_299,38.7847557,101.0550308,2570.4504,5,False
18,UAV_300,38.8237915,100.9605331,2568.5747,5,False
18,UAV_301,38.8090096,101.0978699,2571.0137,1,False
18,UAV_302,38.79076,101.1522827,2569.6316,1,False
18,UAV_303,38.9016304,101.1022568,2569.2454,1,False
18,UAV_304,38.9028931,101.0535202,2576.1548,2,False
18,UAV_305,38.861618,100.973587,2574.4536,4,False
18,UAV_306,38.8445587,101.0016861,2579.0908,4,False
18,UAV_307,38.7809868,100.9571991,2575.2676,4,False
18,UAV_308,38.8710823,101.1107559,2566.5466,1,False
18,UAV_309,38.9048424,101.0703659,2573.6328,2,False
18,UAV_310,38.8466301,100.983017,2577.1089,4,False
18,UAV_311,38.7582207,101.0299683,2565.1428,5,False
18,UAV_312,38.9055786,101.0430527,2569.7466,0,False
18,UAV_313,38.8864441,101.0227737,2574.019,2,False
18,UAV_314,38.8966408,100.9570694,2573.1814,0,False
18,UAV_315,38.8274689,100.9534302,2575.1152,4,False
18,UAV_316,38.9143944,101.0270462,2575.9812,2,False
18,UAV_317,38.9286118,101.0240173,2572.3608,2,False
18,UAV_318,38.8092499,101.0763016,2575.864,3,False
18,UAV_319,38.8732224,101.0093231,2572.938,0,False
18,UAV_320,38.7778702,101.0182648,2574.8562,4,False
18,UAV_321,38.9312592,101.0385437,2576.8882,2,False
18,UAV_322,38.8190002,101.1017685,2568.0259,1,False
18,UAV_323,38.8147202,101.0203171,2571.2942,5,False
18,UAV_324,38.8829956,101.0262375,2571.3511,0,False
18,UAV_325,38.7991371,101.1139526,2573.0056,3,False
18,UAV_326,38.8673058,101.1304398,2576.2998,3,False
18,UAV_327,38.8776665,100.9978409,2577.4551,2,False
18,UAV_328,38.8233604,100.9612579,2573.3083,4,False
18,UAV_329,38.7843895,101.1317596,2573.2068,3,False
18,UAV_330,38.9205437,101.0046539,2575.4902,2,False
18,UAV_331,38.9269142,101.1162033,2569.9094,1,False
18,UAV_332,38.9033012,101.0430832,2575.1746,2,False
18,UAV_333,38.9516449,100.9863739,2571.0217,0,False
18,UAV_334,38.8725967,101.0183487,2572.5642,0,False
18,UAV_335,38.7793846,101.0309677,2572.8015,5,False
18,UAV_336,38.8214302,101.0044937,2572.4514,4,False
18,UAV_337,38.8831482,101.0363846,2576.1814,2,False
18,UAV_338,38.7769966,101.0399628,2576.8555,4,False
18,UAV_339,38.8025093,101.1427689,2574.2207,3,False
18,UAV_340,38.8520737,100.9934616,2567.9666,0,False
18,UAV_341,38.8205109,101.0203705,2573.2529,4,False
18,UAV_342,38.8615341,101.058197,2573.3904,1,False
18,UAV_343,38.8188705,101.082634,2570.7104,1,False
18,UAV_344,38.9289169,101.1288223,2576.752,2,False
18,UAV_345,38.8269806,101.0187988,2571.2344,5,False
18,UAV_346,38.8986053,101.0509415,2575.1008,2,False
18,UAV_347,38.834465,101.0215759,2569.2334,5,False
18,UAV_348,38.8278046,101.0613785,2577.783,3,False
18,UAV_349,38.9494362,100.934967,2574.4822,2,False
18,UAV_350,38.8494415,101.1107864,2573.9678,3,False
18,UAV_351,38.9094276,101.1348267,2573.2632,1,False
18,UAV_352,38.8263741,101.0566864,2577.1831,3,False
18,UAV_353,38.7923126,100.955101,2576.1438,4,False
18,UAV_354,38.7936897,100.9827652,2569.9106,5,False
18,UAV_355,38.8831825,101.03965,2572.7854,2,False
18,UAV_356,38.8190994,101.0383911,2571.7371,5,False
18,UAV_357,38.7548523,101.0105286,2573.1721,5,False
18,UAV_358,38.8714371,101.0721741,2572.9285,1,False
18,UAV_359,38.8075409,100.957222,2565.1841,5,False
18,UAV_360,38.8475037,101.1096115,2571.6152,1,False
18,UAV_361,38.8925705,101.0827789,2580.8916,2,False
18,UAV_362,38.8310394,101.0939713,2567.9529,1,False
18,UAV_363,38.8287544,101.1219101,2570.3418,1,False
18,UAV_364,38.8342056,101.0632172,2576.5398,3,False
18,UAV_365,38.8054314,101.0316925,2569.8093,5,False
18,UAV_366,38.7972641,101.1005249,2574.1895,3,False
18,UAV_367,38.8865356,100.987175,2572.5432,0,False
18,UAV_368,38.8780403,101.0634613,2568.6072,1,False
18,UAV_369,38.9062843,101.1122894,2575.9314,2,False
18,UAV_370,38.8536148,101.0249863,2572.9595,0,False
18,UAV_371,38.875843,101.0309677,2568.7561,0,False
18,UAV_372,38.880909,101.0365524,2572.407,0,False
18,UAV_373,38.8535614,101.1137238,2569.9341,1,False
18,UAV_374,38.8152466,101.0524445,2573.2573,3,False
18,UAV_375,38.8089905,101.0398941,2573.606,4,False
18,UAV_376,38.7950134,101.0146866,2572.6855,5,False
18,UAV_377,38.8814621,101.0658188,2572.5554,1,False
18,UAV_378,38.8744736,101.0992661,2575.3394,3,False
18,UAV_379,38.7809181,100.9996185,2576.6338,4,False
18,UAV_380,38.8250923,101.0062332,2576.3105,4,False
18,UAV_381,38.8877907,100.9796829,2576.3513,2,False
18,UAV_382,38.8254433,101.0035095,2571.5427,5,False
18,UAV_383,38.9201927,101.0172348,2577.4519,2,False
18,UAV_384,38.8886642,100.9881287,2569.6074,0,False
18,UAV_385,38.7818527,101.097084,2574.7542,3,False
18,UAV_386,38.8457832,101.0889664,2572.9834,1,False
18,UAV_387,38.8973961,101.0653076,2576.9348,2,False
18,UAV_388,38.8043022,101.0838242,2577.5496,3,False
18,UAV_389,38.813324,101.1258469,2577.7703,3,False
18,UAV_390,38.8346138,100.9953156,2570.9287,5,False
18,UAV_391,38.772892,101.0763626,2575.012,3,False
18,UAV_392,38.802494,101.0606155,2572.5923,5,False
18,UAV_393,38.9006691,100.9906387,2573.0129,0,False
18,UAV_394,38.950058,101.0640717,2574.8506,2,False
18,UAV_395,38.8856964,100.9725113,2568.6711,0,False
18,UAV_396,38.9570618,101.0049973,2566.3308,0,False
18,UAV_397,38.8309441,101.0213242,2575.2317,4,False
18,UAV_398,38.8888779,101.0729904,2566.1987,1,False
18,UAV_399,38.8629265,101.0738144,2570.3813,1,True
18,UAV_400,38.8487167,101.030159,2572.2778,0,False
18,UAV_401,38.8987846,101.0101166,2567.6382,0,False
18,UAV_402,38.8905907,101.0420914,2577.2388,2,False
18,UAV_403,38.893692,101.0729675,2575.7622,2,False
18,UAV_404,38.8678017,101.0278397,2577.0732,2,False
18,UAV_405,38.9187698,101.0430679,2571.2236,0,False
18,UAV_406,38.8368568,101.0573883,2575.3093,3,False
18,UAV_407,38.8422508,100.9735336,2576.8579,4,False
18,UAV_408,38.8002853,101.0636673,2568.3218,5,False
18,UAV_409,38.8799248,101.0169373,2570.6292,0,False
18,UAV_410,38.7733383,101.0511246,2573.2202,5,False
18,UAV_411,38.8863602,101.0622482,2574.5432,2,False
18,UAV_412,38.7996902,100.9654617,2574.1506,4,False
18,UAV_413,38.8087082,101.0941925,2568.1699,1,False
18,UAV_414,38.7898827,101.0697556,2574.6121,3,False
18,UAV_415,38.8713188,100.956337,2576.1489,4,False
18,UAV_416,38.8395386,101.0182037,2572.8962,4,False
18,UAV_417,38.9105072,101.1208038,2571.9104,1,False
18,UAV_418,38.9102783,101.0297546,2573.9485,2,False
18,UAV_419,38.8572922,100.9597397,2578.6731,4,False
18,UAV_420,38.7892227,101.0067291,2573.634,4,False
18,UAV_421,38.7550354,101.0506439,2576.178,3,False
18,UAV_422,38.8580399,100.9894257,2564.8369,0,False
18,UAV_423,38.8752518,101.0836029,2572.5132,1,False
18,UAV_424,38.7722435,100.9553452,2569.0706,5,False
18,UAV_425,38.887661,101.0608749,2575.98,2,False
18,UAV_426,38.9075508,101.0520782,2573.7551,2,False
18,UAV_427,38.8419037,101.0357895,2574.5657,4,False
18,UAV_428,38.8386803,100.9609528,2567.7864,0,False
18,UAV_429,38.8244247,100.9943237,2572.9231,4,False
18,UAV_430,38.7588615,101.0574722,2573.3723,5,False
18,UAV_431,38.8011322,101.0158157,2575.8579,4,False
18,UAV_432,38.919548,101.0803223,2575.3535,2,False
18,UAV_433,38.9515419,100.9942932,2571.4531,0,False
18,UAV_434,38.8374023,100.9816742,2570.6394,0,False
18,UAV_435,38.839447,100.9769897,2568.9045,0,False
18,UAV_436,38.769104,101.0136108,2572.5081,5,False
18,UAV_437,38.8874588,101.1211014,2577.0752,3,False
18,UAV_438,38.8700676,101.0059052,2569.0625,0,False
18,UAV_439,38.9358292,101.0165558,2573.4575,2,False
18,UAV_440,38.928051,101.0230103,2570.5286,0,False
18,UAV_441,38.8017464,100.955658,2571.8845,4,False
18,UAV_442,38.8591881,101.0020065,2566.5725,0,False
18,UAV_443,38.9595642,101.0917892,2576.4124,2,False
18,UAV_444,38.8061371,100.9907074,2577.6165,4,False
18,UAV_445,38.8135757,100.9943085,2574.0271,4,False
18,UAV_446,38.8712196,101.0870056,2574.1377,3,False
18,UAV_447,38.8948288,101.1135712,2568.2363,1,False
18,UAV_448,38.7780457,101.0378189,2572.8022,5,False
18,UAV_449,38.8074989,101.0642014,2575.2344,3,False
18,UAV_450,38.8460426,101.1018677,2576.7598,3,False
18,UAV_451,38.7782135,100.9881973,2572.3787,5,False
18,UAV_452,38.868885,101.089241,2572.4353,1,False
18,UAV_453,38.9251823,101.0475006,2571.552,2,False
18,UAV_454,38.8535995,101.1026001,2579.5437,3,False
18,UAV_455,38.8290138,100.9859161,2575.1721,4,False
18,UAV_456,38.8243141,101.0468445,2574.5603,3,False
18,UAV_457,38.8450737,101.0410843,2571.6658,1,False
18,UAV_458,38.8534203,101.044075,2572.8384,1,False
18,UAV_459,38.8902893,101.001297,2569.8711,0,False
18,UAV_460,38.7636185,101.0797653,2567.8547,5,False
18,UAV_461,38.8780251,100.95681,2573.1848,0,False
18,UAV_462,38.8562355,101.0917892,2573.2319,1,False
18,UAV_463,38.7803154,100.9940491,2576.9917,4,False
18,UAV_464,38.8793831,100.9628067,2573.282,0,False
18,UAV_465,38.8519897,100.9696274,2567.5122,0,False
18,UAV_466,38.9167404,101.0657883,2567.6641,1,False
18,UAV_467,38.7934265,101.0617752,2573.1497,3,False
18,UAV_468,38.7541695,101.0162506,2569.0991,5,False
18,UAV_469,38.8454704,101.055336,2574.3577,3,False
18,UAV_470,38.8474693,101.0620804,2570.1597,1,False
18,UAV_471,38.8107948,100.9790344,2571.1636,5,False
18,UAV_472,38.8509521,101.11586,2572.7244,1,False
18,UAV_473,38.855896,101.0995178,2578.6606,3,False
18,UAV_474,38.8182449,100.9590988,2575.5718,4,False
18,UAV_475,38.9223938,101.0272598,2568.9854,0,False
18,UAV_476,38.9363403,101.0552521,2577.3867,2,False
18,UAV_477,38.8312454,101.0068741,2570.2317,5,True
18,UAV_478,38.9029465,100.9855042,2572.3569,0,False
18,UAV_479,38.879528,101.0774918,2569.623,1,False
18,UAV_480,38.8350334,101.0448456,2577.6201,3,False
18,UAV_481,38.8201561,100.9774017,2573.4026,4,False
18,UAV_482,38.7883644,101.1003799,2575.625,3,False
18,UAV_483,38.9003906,101.1107101,2577.8276,2,False
18,UAV_484,38.8242416,101.0610046,2574.2351,3,False
18,UAV_485,38.8039474,101.0232086,2573.5452,4,False
18,UAV_486,38.9107742,101.0323486,2574.304,2,False
18,UAV_487,38.9123459,101.0100937,2572.9009,2,False
18,UAV_488,38.825531,101.0102768,2574.9485,4,False
18,UAV_489,38.8262253,101.0227814,2570.7129,5,False
18,UAV_490,38.8374634,100.9821243,2574.6421,4,False
18,UAV_491,38.9226227,101.0402908,2575.1226,2,False
18,UAV_492,38.8481445,101.0445709,2569.5203,1,False
18,UAV_493,38.8429794,100.9786377,2575.1509,4,False
18,UAV_494,38.794323,100.9980774,2569.5681,5,False
18,UAV_495,38.9359016,100.984642,2575.4924,2,False
18,UAV_496,38.826004,101.0400848,2573.009,5,False
18,UAV_497,38.808754,101.018959,2571.0671,5,False
18,UAV_498,38.815979,101.0231781,2569.3293,5,False
18,UAV_499,38.8832474,100.9751129,2577.2537,2,False
18,UAV_500,38.8064117,101.0881729,2575.1467,3,False
19,UAV_001,38.830265,101.0900345,2567.0474,0,False
19,UAV_002,38.884594,100.994606,2570.9692,4,False
19,UAV_003,38.8943253,101.0666046,2568.5674,0,False
19,UAV_004,38.7964935,101.0011368,2578.7239,3,False
19,UAV_005,38.8162613,101.0999146,2573.4612,3,False
19,UAV_006,38.780674,101.0827026,2570.3792,0,False
19,UAV_007,38.8897629,101.0977478,2570.999,1,False
19,UAV_008,38.8834038,101.0628662,2570.5569,1,False
19,UAV_009,38.9152794,101.102272,2571.9548,1,False
19,UAV_010,38.8564262,100.9431,2568.0918,4,False
19,UAV_011,38.9006042,101.0370941,2573.4724,5,False
19,UAV_012,38.8467445,100.9788513,2577.4241,5,False
19,UAV_013,38.8529854,101.0555801,2575.0161,5,False
19,UAV_014,38.8279266,100.9698181,2573.0583,2,False
19,UAV_015,38.8813972,100.9692154,2569.6606,4,False
19,UAV_016,38.9662437,100.9713516,2566.4084,4,False
19,UAV_017,38.8697662,101.041954,2578.0615,5,False
19,UAV_018,38.8613358,100.9949265,2572.1169,4,False
19,UAV_019,38.8560448,101.0569534,2573.7915,1,False
19,UAV_020,38.8149414,100.9865494,2574.2151,2,False
19,UAV_021,38.8417816,101.1354065,2572.5911,1,False
19,UAV_022,38.8742523,100.9771652,2571.8967,4,False
19,UAV_023,38.8698006,100.9583511,2572.3318,4,False
19,UAV_024,38.8711052,101.030777,2575.5959,5,False
19,UAV_025,38.889698,101.0212708,2572.9907,4,False
19,UAV_026,38.8963928,101.0862198,2580.9441,5,False
19,UAV_027,38.883213,101.0845032,2577.4744,1,False
19,UAV_028,38.9014549,101.1198807,2565.8086,0,False
19,UAV_029,38.836834,101.0435104,2573.1675,2,False
19,UAV_030,38.8429298,101.0215149,2568.1777,0,False
19,UAV_031,38.8534317,101.0278168,2574.228,5,False
19,UAV_032,38.8523674,101.0871735,2570.9854,0,False
19,UAV_033,38.8855553,101.0777893,2573.5017,1,False
19,UAV_034,38.9005013,101.0462723,2570.7681,4,False
19,UAV_035,38.8321037,101.0324707,2576.4929,5,False
19,UAV_036,38.9040871,100.9942856,2572.239,4,False
19,UAV_037,38.9235764,100.9810104,2567.342,4,False
19,UAV_038,38.9013367,101.0219193,2574.4121,5,False
19,UAV_039,38.9536362,100.9928436,2572.0596,4,False
19,UAV_040,38.8668327,101.0201797,2574.4407,5,False
19,UAV_041,38.8548927,100.9893036,2576.9016,5,False
19,UAV_042,38.9174423,101.050827,2577.7178,5,False
19,UAV_043,38.8957329,101.0935211,2575.6213,1,False
19,UAV_044,38.7441597,101.0049133,2569.2441,2,False
19,UAV_045,38.9484749,101.0301056,2570.1289,4,False
19,UAV_046,38.7930717,100.9719009,2575.8853,2,False
19,UAV_047,38.8836823,100.9866333,2570.7881,4,False
19,UAV_048,38.9120369,101.0317535,2569.9238,4,False
19,UAV_049,38.7820587,101.0461731,2572.208,2,False
19,UAV_050,38.8953209,101.0328064,2572.6418,4,False
19,UAV_051,38.8949509,101.0431213,2567.3311,4,False
19,UAV_052,38.7855415,101.0525055,2571.1997,0,False
19,UAV_053,38.905365,101.0857086,2574.7693,1,False
19,UAV_054,38.8257179,101.0644989,2577.1763,3,False
19,UAV_055,38.7899513,101.0751572,2570.4685,0,False
19,UAV_056,38.885128,101.0284195,2575.5715,5,False
19,UAV_057,38.8012276,101.0773163,2569.5825,0,False
19,UAV_058,38.8187637,101.0301514,2578.7444,3,False
19,UAV_059,38.8343735,101.0128174,2573.5537,2,False
19,UAV_060,38.7800179,101.0195541,2570.689,2,False
19,UAV_061,38.8453979,101.0641174,2570.043,0,False
19,UAV_062,38.8503494,101.0613937,2575.6401,5,False
19,UAV_063,38.9326096,100.9641342,2577.9788,5,False
19,UAV_064,38.8790512,101.1384354,2576.3479,1,False
19,UAV_065,38.9045906,101.0369873,2573.6023,5,False
19,UAV_066,38.9234924,101.1214828,2572.75,1,False
19,UAV_067,38.8978233,100.9905548,2573.4397,4,False
19,UAV_068,38.8851509,101.0296936,2568.2178,4,False
19,UAV_069,38.9361687,101.0728073,2574.4929,1,False
19,UAV_070,38.7941704,101.0213852,2573.2051,2,False
19,UAV_071,38.8246574,101.1303864,2573.155,1,False
19,UAV_072,38.8611984,101.0205002,2577.6992,5,False
19,UAV_073,38.8031616,101.0122833,2571.5469,2,False
19,UAV_074,38.8138046,100.999115,2571.6426,2,False
19,UAV_075,38.8146744,100.9841385,2573.4783,2,False
19,UAV_076,38.8962364,101.0182037,2572.188,4,False
19,UAV_077,38.7854309,101.0599594,2573.0449,3,False
19,UAV_078,38.9086609,101.0113297,2565.7605,4,False
19,UAV_079,38.9092216,101.049614,2575.3369,5,False
19,UAV_080,38.9586945,101.0937042,2569.3315,1,False
19,UAV_081,38.7843666,100.993988,2574.3818,2,False
19,UAV_082,38.7948227,101.0717316,2574.5959,3,False
19,UAV_083,38.7384415,101.0121384,2573.6865,2,False
19,UAV_084,38.824192,101.0709534,2574.7866,3,False
19,UAV_085,38.8866272,101.037674,2576.8481,5,False
19,UAV_086,38.8904762,101.1193542,2578.1499,1,False
19,UAV_087,38.8204193,101.1195679,2578.8069,3,False
19,UAV_088,38.8094292,100.9755402,2575.6738,2,False
19,UAV_089,38.8573799,101.0616913,2565.0457,0,False
19,UAV_090,38.8760681,101.02285,2573.0486,5,False
19,UAV_091,38.8302574,101.0229492,2570.1509,0,False
19,UAV_092,38.8260193,100.9956741,2570.562,2,False
19,UAV_093,38.9498978,101.0013504,2573.3359,4,False
19,UAV_094,38.8064728,101.0131683,2569.2251,2,False
19,UAV_095,38.8548393,101.1050644,2573.7266,1,False
19,UAV_096,38.8617935,101.0664597,2564.3616,0,False
19,UAV_097,38.7454185,100.9582901,2574.271,2,False
19,UAV_098,38.8131866,101.0702057,2569.9756,0,False
19,UAV_099,38.9032059,101.0278168,2571.4851,4,False
19,UAV_100,38.9036674,101.1092148,2573.0312,1,False
19,UAV_101,38.8685875,100.9891739,2577.1614,5,False
19,UAV_102,38.8065186,101.0841751,2575.3518,3,False
19,UAV_103,38.8276863,101.0125809,2572.884,2,False
19,UAV_104,38.7990875,101.019989,2578.3735,3,False
19,UAV_105,38.8920517,100.9972229,2569.5862,4,False
19,UAV_106,38.9045563,100.9980545,2573.2954,4,False
19,UAV_107,38.7868919,101.0735397,2575.3059,3,False
19,UAV_108,38.9503784,100.981926,2565.5637,4,False
19,UAV_109,38.8904152,101.0455017,2572.8464,1,False
19,UAV_110,38.8335381,101.0918274,2573.231,1,False
19,UAV_111,38.7883453,101.0097351,2571.655,2,False
19,UAV_112,38.7439728,100.9670715,2570.6055,2,False
19,UAV_113,38.7856026,100.9651184,2572.5664,2,False
19,UAV_114,38.8886261,101.0107727,2573.2837,5,False
19,UAV_115,38.878479,101.0395508,2579.0952,5,False
19,UAV_116,38.835495,101.0313339,2574.2649,5,False
19,UAV_117,38.8746948,100.9417343,2573.3284,4,False
19,UAV_118,38.8034859,101.0125656,2576.0344,2,False
19,UAV_119,38.8100815,101.0664825,2571.2429,0,False
19,UAV_120,38.8537064,101.070137,2574.0847,1,False
19,UAV_121,38.7828674,101.1055527,2567.1719,0,False
19,UAV_122,38.7878494,101.0357285,2571.4805,2,False
19,UAV_123,38.8672752,101.0378036,2572.6125,5,False
19,UAV_124,38.8747368,101.1221848,2575.4084,1,False
19,UAV_125,38.8350525,100.9984818,2570.0229,2,False
19,UAV_126,38.7986717,101.0202103,2569.6982,2,False
19,UAV_127,38.9120407,101.0158005,2571.7468,4,False
19,UAV_128,38.8565826,100.9704971,2571.5405,4,False
19,UAV_129,38.9413795,101.0186539,2574.1714,5,False
19,UAV_130,38.7933846,101.0165558,2571.0566,2,False
19,UAV_131,38.8978615,100.9750977,2572.354,4,False
19,UAV_132,38.8894997,100.9674759,2578.6326,5,False
19,UAV_133,38.8767014,101.0487518,2572.3882,1,False
19,UAV_134,38.7493019,101.0089188,2571.1201,2,False
19,UAV_135,38.7848816,101.0502853,2573.7856,3,False
19,UAV_136,38.8296356,101.0518036,2572.4041,0,False
19,UAV_137,38.8381157,100.9900436,2569.1143,4,False
19,UAV_138,38.8149185,101.0596924,2573.6697,3,False
19,UAV_139,38.8156891,101.0391617,2566.655,0,False
19,UAV_140,38.8543243,101.0783844,2569.887,0,False
19,UAV_141,38.8031921,100.9981003,2574.6628,2,False
19,UAV_142,38.8791389,101.1028366,2578.7944,1,False
19,UAV_143,38.7944679,100.9828568,2573.1553,2,False
19,UAV_144,38.8455315,101.0801163,2570.4575,0,False
19,UAV_145,38.866272,101.1037598,2573.5515,1,False
19,UAV_146,38.9401245,101.0206909,2575.3108,5,False
19,UAV_147,38.9177628,100.9940262,2572.2034,4,False
19,UAV_148,38.8076668,100.9895401,2574.2756,2,False
19,UAV_149,38.7865105,101.0764618,2579.7656,3,False
19,UAV_150,38.7790756,101.1112747,2578.1038,3,False
19,UAV_151,38.8580704,101.0997314,2572.6294,1,False
19,UAV_152,38.937233,100.9568939,2574.2498,4,False
19,UAV_153,38.806881,101.1039734,2569.9263,0,False
19,UAV_154,38.808136,101.0815277,2574.6987,3,False
19,UAV_155,38.8603745,100.9651871,2576.7046,5,False
19,UAV_156,38.8402023,101.0584564,2572.1978,0,False
19,UAV_157,38.7970161,101.1233902,2576.2676,3,False
19,UAV_158,38.8457336,101.0862503,2570.8364,0,False
19,UAV_159,38.8382339,101.0788651,2571.5503,0,False
19,UAV_160,38.8328476,100.9901123,2571.9792,2,False
19,UAV_161,38.9322166,101.094574,2577.864,1,False
19,UAV_162,38.8755112,101.0121307,2567.5322,4,False
19,UAV_163,38.7424126,101.0513458,2573.7048,3,False
19,UAV_164,38.7746086,100.9884491,2570.5742,2,False
19,UAV_165,38.8693047,100.9582138,2573.0471,4,False
19,UAV_166,38.8860054,101.0961456,2571.3535,1,False
19,UAV_167,38.908226,101.0349426,2568.3184,4,False
19,UAV_168,38.7855568,101.0952759,2572.637,3,False
19,UAV_169,38.8711052,101.0185471,2575.7532,5,False
19,UAV_170,38.841423,101.1075668,2574.6055,1,False
19,UAV_171,38.8643951,101.0485687,2578.9475,5,False
19,UAV_172,38.8149948,101.0488129,2573.2256,3,False
19,UAV_173,38.7730675,100.974472,2573.4487,2,False
19,UAV_174,38.8404617,101.0057831,2578.2151,5,False
19,UAV_175,38.8613396,101.0971298,2572.532,1,False
19,UAV_176,38.7874985,101.1154633,2573.6812,3,False
19,UAV_177,38.8045464,101.0897217,2576.0007,3,True
19,UAV_178,38.8781013,101.0122223,2568.5625,4,False
19,UAV_179,38.83144,101.0149841,2570.6445,2,False
19,UAV_180,38.8611298,100.9964142,2572.0728,4,False
19,UAV_181,38.9151535,101.008667,2574.3967,5,False
19,UAV_182,38.8596306,101.0534286,2570.9441,0,False
19,UAV_183,38.8505058,100.957695,2566.9971,4,False
19,UAV_184,38.7375793,100.9962997,2569.1848,2,False
19,UAV_185,38.9007759,101.0201874,2571.2234,4,False
19,UAV_186,38.8680878,101.0261765,2574.8035,5,False
19,UAV_187,38.8659172,101.0906982,2571.7971,1,False
19,UAV_188,38.9153442,101.0065842,2565.917,4,False
19,UAV_189,38.7837372,100.9944534,2566.9133,2,False
19,UAV_190,38.9008675,101.007637,2578.3992,5,False
19,UAV_191,38.8915596,100.9648819,2572.4302,4,False
19,UAV_192,38.8000679,100.967659,2574.4966,2,False
19,UAV_193,38.7793045,101.0038147,2577.865,3,False
19,UAV_194,38.8709183,101.0571442,2573.4443,1,False
19,UAV_195,38.8899689,101.1207886,2573.4338,1,False
19,UAV_196,38.877018,101.0703812,2567.7551,0,False
19,UAV_197,38.9254379,101.0317993,2575.2781,5,False
19,UAV_198,38.8058167,101.0310669,2581.2366,3,False
19,UAV_199,38.8742523,101.0409012,2570.8281,4,False
19,UAV_200,38.7593918,101.1076126,2577.252,3,False
19,UAV_201,38.9028778,101.044136,2569.927,4,False
19,UAV_202,38.814518,101.0121841,2578.7786,5,False
19,UAV_203,38.8373222,101.0326538,2573.3062,2,False
19,UAV_204,38.8322525,101.0385437,2571.4382,0,False
19,UAV_205,38.7753334,101.1217575,2578.5247,3,False
19,UAV_206,38.9052429,101.0389633,2566.7891,4,False
19,UAV_207,38.8485565,101.0407944,2575.6226,5,False
19,UAV_208,38.8485565,101.0784607,2573.9565,1,False
19,UAV_209,38.8521233,101.1343765,2572.6736,1,False
19,UAV_210,38.92873,101.0343399,2569.3752,4,False
19,UAV_211,38.7915497,100.9574356,2576.011,2,False
19,UAV_212,38.753727,101.0090179,2572.4783,2,True
19,UAV_213,38.8024979,101.0602798,2572.6655,3,False
19,UAV_214,38.8275261,101.0595627,2577.7136,3,False
19,UAV_215,38.8674393,101.0997009,2573.3379,1,True
19,UAV_216,38.7943306,100.9821854,2568.8218,2,False
19,UAV_217,38.9051666,101.1352234,2572.002,1,False
19,UAV_218,38.8365021,100.9809799,2574.635,2,False
19,UAV_219,38.7711143,101.0807114,2577.6023,3,False
19,UAV_220,38.8930893,101.0347977,2578.8613,5,False
19,UAV_221,38.8733673,101.0383072,2576.3032,5,False
19,UAV_222,38.8616524,101.0527115,2573.6772,1,False
19,UAV_223,38.834568,101.0805969,2567.9607,0,False
19,UAV_224,38.8050461,100.9383926,2568.2307,2,False
19,UAV_225,38.7986298,101.1219864,2576.7505,3,False
19,UAV_226,38.7990379,100.9911804,2570.5173,2,False
19,UAV_227,38.8472824,101.117157,2570.1777,0,False
19,UAV_228,38.8176041,101.062851,2573.4294,3,False
19,UAV_229,38.9135437,101.004837,2574.6133,5,False
19,UAV_230,38.8207779,101.1095505,2573.02,3,False
19,UAV_231,38.8435516,101.0741272,2576.6516,3,False
19,UAV_232,38.8034363,100.9685745,2568.948,2,False
19,UAV_233,38.7698059,100.9848404,2570.6572,2,False
19,UAV_234,38.8466263,100.9952698,2574.8252,5,False
19,UAV_235,38.8037224,101.0237732,2574.3835,2,False
19,UAV_236,38.8624916,100.9673157,2569.0852,4,False
19,UAV_237,38.8412895,101.0979309,2573.0837,1,False
19,UAV_238,38.896122,101.0795822,2574.7473,1,False
19,UAV_239,38.8374329,101.0662384,2572.103,0,False
19,UAV_240,38.8436317,101.04496,2574.7732,5,False
19,UAV_241,38.8518295,100.9768448,2571.3821,4,False
19,UAV_242,38.778244,101.0241776,2577.1384,3,False
19,UAV_243,38.8241158,100.998085,2579.5022,5,False
19,UAV_244,38.7904091,101.0890732,2569.9634,0,False
19,UAV_245,38.9462852,100.9709396,2570.1375,4,False
19,UAV_246,38.9024277,101.0089722,2577.9304,5,False
19,UAV_247,38.9317245,101.0630264,2572.6875,1,False
19,UAV_248,38.8536758,101.1101685,2575.2935,1,False
19,UAV_249,38.9403152,100.9688721,2576.2087,5,False
19,UAV_250,38.9354973,101.0415649,2573.8013,5,False
19,UAV_251,38.8518982,100.9837189,2570.5684,4,False
19,UAV_252,38.7765617,101.131897,2574.4441,3,False
19,UAV_253,38.8050385,101.0937653,2566.3867,0,False
19,UAV_254,38.8748856,101.0462112,2575.7717,5,False
19,UAV_255,38.8606415,101.0138321,2575.2698,5,False
19,UAV_256,38.8983154,101.1178589,2572.259,1,False
19,UAV_257,38.8520088,101.0762711,2573.1289,1,False
19,UAV_258,38.9090118,101.0649567,2572.8982,1,False
19,UAV_259,38.788887,101.1534119,2575.2825,3,False
19,UAV_260,38.8231659,101.0633469,2569.8911,0,False
19,UAV_261,38.8906326,101.0823593,2574.5696,1,False
19,UAV_262,38.9040146,101.067749,2575.4072,1,False
19,UAV_263,38.7922287,101.1424484,2572.6384,3,False
19,UAV_264,38.9235001,101.0661621,2573.1709,1,False
19,UAV_265,38.8518829,101.0619431,2568.4055,0,False
19,UAV_266,38.8774452,101.0979004,2570.6279,1,False
19,UAV_267,38.8837318,101.0988922,2571.9756,1,False
19,UAV_268,38.9239655,100.9693222,2577.6069,5,False
19,UAV_269,38.9149323,101.0002136,2578.6128,5,False
19,UAV_270,38.8016472,101.0136337,2570.5273,2,False
19,UAV_271,38.8660202,100.9972458,2573.4375,5,False
19,UAV_272,38.7676353,100.9645386,2570.8845,2,False
19,UAV_273,38.8460503,101.0274124,2571.1687,0,False
19,UAV_274,38.8481445,101.022934,2575.3896,5,False
19,UAV_275,38.8935966,100.9673538,2573.3977,4,False
19,UAV_276,38.7915421,101.0640717,2574.7969,3,False
19,UAV_277,38.7800713,100.9898148,2576.3406,2,False
19,UAV_278,38.7929955,101.0989227,2572.6411,3,False
19,UAV_279,38.8876266,101.0902786,2574.1987,1,False
19,UAV_280,38.8218269,100.9845734,2571.9617,2,False
19,UAV_281,38.9160652,101.0525818,2577.4932,5,False
19,UAV_282,38.8145561,101.1182709,2570.1531,0,False
19,UAV_283,38.9033318,101.0920258,2572.1975,1,False
19,UAV_284,38.9000778,101.0062866,2570.2671,4,True
19,UAV_285,38.8450127,101.0846939,2576.6055,3,False
19,UAV_286,38.7907906,100.9560394,2566.6426,2,False
19,UAV_287,38.8451729,101.1091232,2570.8311,0,False
19,UAV_288,38.9063911,101.0904617,2570.1101,1,False
19,UAV_289,38.9293175,101.1214142,2572.6162,1,False
19,UAV_290,38.7444,100.9443817,2572.7219,2,False
19,UAV_291,38.8757935,101.0534821,2575.0383,5,False
19,UAV_292,38.8545456,101.0030212,2576.729,5,False
19,UAV_293,38.863987,101.1094818,2572.6768,1,False
19,UAV_294,38.8422546,101.1373978,2574.2598,1,False
19,UAV_295,38.919178,101.0692368,2571.8281,1,False
19,UAV_296,38.8418388,101.1051712,2572.6431,1,False
19,UAV_297,38.7877693,101.0008621,2574.4153,2,False
19,UAV_298,38.8344498,101.065834,2572.9663,0,False
19,UAV_299,38.784214,101.0552521,2577.1753,3,False
19,UAV_300,38.8236275,100.9602127,2570.3762,2,False
19,UAV_301,38.7830963,101.1162338,2577.6589,3,False
19,UAV_302,38.7891922,101.1519165,2570.7217,0,False
19,UAV_303,38.9017677,101.1006317,2571.8752,1,False
19,UAV_304,38.9028053,101.0553131,2572.0239,1,False
19,UAV_305,38.8614502,100.973877,2575.6267,5,False
19,UAV_306,38.8456192,101.0030594,2576.0139,5,False
19,UAV_307,38.7611465,100.970787,2573.9875,2,False
19,UAV_308,38.8698845,101.1098099,2569.4417,0,False
19,UAV_309,38.90411,101.0723877,2571.6121,1,False
19,UAV_310,38.8547516,100.9839249,2573.0845,2,False
19,UAV_311,38.7579346,101.0276108,2576.783,3,False
19,UAV_312,38.9054832,101.0418854,2568.5891,4,False
19,UAV_313,38.8857422,101.0257568,2580.7732,5,False
19,UAV_314,38.8944283,100.957077,2573.0916,4,False
19,UAV_315,38.8288422,100.9795609,2571.9468,2,False
19,UAV_316,38.9155083,101.028801,2575.9646,5,False
19,UAV_317,38.9298897,101.0267029,2573.8098,5,False
19,UAV_318,38.8086815,101.0764847,2576.635,3,False
19,UAV_319,38.8738747,101.0134964,2577.78,5,False
19,UAV_320,38.7661362,101.0282669,2575.4871,3,False
19,UAV_321,38.9109726,101.0616379,2571.3152,1,False
19,UAV_322,38.821022,101.1008072,2567.2664,0,False
19,UAV_323,38.7448769,101.013504,2572.8347,2,False
19,UAV_324,38.8839073,101.0263672,2570.1362,4,False
19,UAV_325,38.7987213,101.1141891,2573.4456,3,False
19,UAV_326,38.8670845,101.1307831,2574.5452,1,False
19,UAV_327,38.8771362,100.9996567,2574.0955,5,False
19,UAV_328,38.8292198,100.9893951,2572.9912,2,False
19,UAV_329,38.7462502,101.1134338,2574.1223,3,False
19,UAV_330,38.91996,101.0046997,2570.1172,4,False
19,UAV_331,38.9269447,101.1145325,2569.9482,1,False
19,UAV_332,38.9040337,101.0430603,2574.7505,5,False
19,UAV_333,38.952076,100.9853134,2568.5056,4,False
19,UAV_334,38.9011612,100.9893265,2573.2056,4,False
19,UAV_335,38.7832298,101.0311966,2576.1565,3,False
19,UAV_336,38.8252831,101.0043945,2573.7532,2,False
19,UAV_337,38.8840942,101.0361404,2574.2852,5,False
19,UAV_338,38.7743721,101.0400162,2577.4797,3,False
19,UAV_339,38.8059196,101.1431046,2575.209,3,False
19,UAV_340,38.8529968,100.9921036,2569.114,4,False
19,UAV_341,38.8241959,101.0203323,2565.9026,0,False
19,UAV_342,38.9065514,101.1183853,2573.6411,1,False
19,UAV_343,38.8082886,101.0779877,2574.552,3,False
19,UAV_344,38.9289703,101.1292038,2578.4375,1,False
19,UAV_345,38.8269539,101.0186462,2572.0425,2,False
19,UAV_346,38.8864059,101.0541229,2575.793,5,False
19,UAV_347,38.8331795,101.0207138,2572.0916,2,False
19,UAV_348,38.8262177,101.0613708,2581.4192,3,False
19,UAV_349,38.9143562,100.978447,2572.1355,4,False
19,UAV_350,38.8439903,101.1156311,2578.6428,3,False
19,UAV_351,38.9082527,101.1345749,2572.1567,1,False
19,UAV_352,38.8234444,100.9998703,2574.7747,2,False
19,UAV_353,38.7891121,100.9579697,2575.1956,2,False
19,UAV_354,38.7931213,100.9825287,2573.4019,2,False
19,UAV_355,38.884552,101.0406647,2575.8237,5,False
19,UAV_356,38.8189163,101.0379486,2568.8621,0,False
19,UAV_357,38.7321129,101.0307159,2572.9106,2,False
19,UAV_358,38.8714561,101.0753555,2577.5508,5,False
19,UAV_359,38.7814064,100.9664688,2574.0332,2,False
19,UAV_360,38.8463898,101.1057434,2568.3125,0,False
19,UAV_361,38.8855476,101.0832367,2578.2483,5,False
19,UAV_362,38.8305588,101.0935364,2572.7158,1,False
19,UAV_363,38.8272781,101.1211319,2575.3164,3,False
19,UAV_364,38.8293877,101.0578537,2571.7734,0,False
19,UAV_365,38.8137665,101.0325775,2572.8838,2,False
19,UAV_366,38.8023109,101.1034164,2580.5864,3,False
19,UAV_367,38.8834991,100.9896164,2572.7925,4,False
19,UAV_368,38.8788986,101.061821,2567.5139,0,False
19,UAV_369,38.8913231,101.1075668,2574.8716,1,False
19,UAV_370,38.853569,101.0248642,2567.4517,0,False
19,UAV_371,38.8756676,101.0307617,2570.5984,4,False
19,UAV_372,38.8811569,101.0367889,2575.4875,5,False
19,UAV_373,38.8544693,101.1104584,2569.2312,0,True
19,UAV_374,38.8159142,101.052475,2573.9302,3,False
19,UAV_375,38.8093185,101.039566,2571.4265,2,False
19,UAV_376,38.7951889,101.0144272,2569.5505,2,False
19,UAV_377,38.8859901,101.0694656,2573.7888,1,False
19,UAV_378,38.8744965,101.1013336,2574.8286,1,False
19,UAV_379,38.7784157,100.9996033,2574.7781,2,False
19,UAV_380,38.8234329,101.006218,2574.9238,2,False
19,UAV_381,38.8912544,100.9852066,2572.0498,4,False
19,UAV_382,38.8422012,100.9844742,2573.4048,2,False
19,UAV_383,38.920002,101.0174408,2576.9729,5,False
19,UAV_384,38.8886299,100.9878769,2566.8115,4,False
19,UAV_385,38.7784348,101.1005249,2574.9377,3,False
19,UAV_386,38.8460236,101.0887985,2576.6785,3,False
19,UAV_387,38.8991241,101.0665436,2575.0784,1,False
19,UAV_388,38.8043289,101.0836563,2568.2654,0,False
19,UAV_389,38.8171501,101.1257019,2570.145,0,False
19,UAV_390,38.8360405,100.9950104,2572.0083,2,False
19,UAV_391,38.7728233,101.0765839,2575.0222,3,False
19,UAV_392,38.8022079,101.060463,2569.1838,0,False
19,UAV_393,38.9002762,100.9906082,2569.6223,4,False
19,UAV_394,38.9512405,101.0639801,2571.7375,1,False
19,UAV_395,38.8866539,100.9712982,2571.9045,4,False
19,UAV_396,38.9566422,101.003273,2567.1287,4,False
19,UAV_397,38.8305359,101.0216217,2574.4238,2,False
19,UAV_398,38.8884468,101.0717468,2572.9404,1,False
19,UAV_399,38.8644447,101.07267,2571.4287,1,False
19,UAV_400,38.8486328,101.0309677,2577.665,5,False
19,UAV_401,38.8969841,101.0088959,2571.6331,4,False
19,UAV_402,38.8958473,101.0463791,2573.9751,5,False
19,UAV_403,38.897747,101.0737381,2573.9539,1,False
19,UAV_404,38.8652496,101.0278397,2571.4724,4,False
19,UAV_405,38.9123306,101.0420074,2570.2144,4,False
19,UAV_406,38.8345718,101.0573959,2576.3152,3,False
19,UAV_407,38.8563843,100.9831848,2576.146,5,True
19,UAV_408,38.8005142,101.0637207,2575.3501,3,False
19,UAV_409,38.880291,101.0168686,2568.7686,4,False
19,UAV_410,38.7727318,101.0512619,2577.7498,3,False
19,UAV_411,38.884613,101.0622253,2575.2947,5,False
19,UAV_412,38.7987175,100.9671783,2572.8457,2,False
19,UAV_413,38.8084831,101.093277,2573.0955,3,False
19,UAV_414,38.7998581,101.072998,2574.6516,3,False
19,UAV_415,38.8792191,100.9596252,2572.6777,4,False
19,UAV_416,38.8395424,101.0237503,2572.686,2,False
19,UAV_417,38.910553,101.120636,2569.084,1,False
19,UAV_418,38.9058533,101.0324097,2572.9199,4,False
19,UAV_419,38.8527603,100.959877,2574.2729,2,False
19,UAV_420,38.7868271,101.0067215,2575.5366,2,False
19,UAV_421,38.7533035,101.0522003,2574.8142,3,False
19,UAV_422,38.8586617,100.9883804,2571.6182,4,False
19,UAV_423,38.8769455,101.0851364,2574.3696,1,False
19,UAV_424,38.7775154,100.9532928,2569.4385,2,False
19,UAV_425,38.8876648,101.0612488,2573.6475,1,False
19,UAV_426,38.9184494,101.058136,2573.9785,1,False
19,UAV_427,38.8420181,101.0360413,2575.1523,5,False
19,UAV_428,38.8400269,100.9595108,2568.5537,4,False
19,UAV_429,38.8219414,100.9899063,2569.9126,2,False
19,UAV_430,38.7575607,101.0564041,2566.8669,0,False
19,UAV_431,38.7989502,101.0172501,2576.8181,3,False
19,UAV_432,38.889595,101.0802994,2578.7168,5,False
19,UAV_433,38.9485092,100.995491,2568.4138,4,False
19,UAV_434,38.8369789,100.9799423,2572.5852,2,False
19,UAV_435,38.8412209,100.9758148,2568.1187,4,False
19,UAV_436,38.7661057,101.0136108,2574.9294,2,False
19,UAV_437,38.8861961,101.1215286,2576.7827,1,False
19,UAV_438,38.86866,101.0049286,2567.5537,4,False
19,UAV_439,38.9327202,101.0194244,2575.8828,5,False
19,UAV_440,38.9291267,101.0207748,2569.5615,4,False
19,UAV_441,38.8051758,100.9553528,2574.0337,2,False
19,UAV_442,38.8583031,100.9996948,2563.7822,4,False
19,UAV_443,38.8932838,101.0850067,2573.2043,1,False
19,UAV_444,38.8035889,100.9906616,2572.0154,2,False
19,UAV_445,38.8129196,100.9914322,2567.5715,2,False
19,UAV_446,38.8700523,101.0867157,2567.4607,0,False
19,UAV_447,38.890686,101.111702,2574.6387,1,False
19,UAV_448,38.777523,101.0369644,2571.4966,2,False
19,UAV_449,38.8079376,101.0639114,2575.572,3,False
19,UAV_450,38.8503952,101.1080704,2578.0278,3,False
19,UAV_451,38.7807159,100.9889908,2576.8489,2,False
19,UAV_452,38.8683815,101.0889435,2579.168,5,False
19,UAV_453,38.9248199,101.0506897,2576.3564,5,False
19,UAV_454,38.8452873,101.1027527,2572.5596,1,False
19,UAV_455,38.8265533,100.9859009,2575.0098,2,False
19,UAV_456,38.8252335,101.0456696,2569.1172,0,False
19,UAV_457,38.8455353,101.0406952,2577.4067,5,False
19,UAV_458,38.8528824,101.0413284,2566.8679,0,False
19,UAV_459,38.8897095,101.0010757,2572.8252,4,False
19,UAV_460,38.7620239,101.0782013,2573.49,3,False
19,UAV_461,38.880558,100.9558487,2570.9395,4,False
19,UAV_462,38.8639069,101.0927277,2578.7441,3,False
19,UAV_463,38.7807007,100.9944153,2573.8467,2,False
19,UAV_464,38.8365631,101.0135117,2569.9512,2,False
19,UAV_465,38.8540916,100.9685059,2568.6895,4,False
19,UAV_466,38.9214706,101.0652084,2571.7251,1,False
19,UAV_467,38.8240929,101.0217819,2577.1057,5,False
19,UAV_468,38.8056602,101.0373001,2576.0149,3,False
19,UAV_469,38.8447075,101.0553665,2572.946,1,False
19,UAV_470,38.8473778,101.0619659,2567.4243,0,False
19,UAV_471,38.8112221,100.9779739,2570.4661,2,False
19,UAV_472,38.8429222,101.109169,2572.5481,1,False
19,UAV_473,38.8527222,101.1052399,2574.0068,1,False
19,UAV_474,38.8171387,100.9613953,2575.1638,2,False
19,UAV_475,38.9230766,101.0271149,2571.4431,4,False
19,UAV_476,38.9332619,101.0570908,2571.4536,1,False
19,UAV_477,38.8337669,101.0016785,2569.9705,2,False
19,UAV_478,38.9032478,100.9851761,2574.1162,5,False
19,UAV_479,38.8792458,101.075737,2570.9458,1,False
19,UAV_480,38.8340569,101.0469055,2572.436,0,False
19,UAV_481,38.8202362,100.9774323,2575.1255,2,False
19,UAV_482,38.7883224,101.1028061,2578.7571,3,False
19,UAV_483,38.8999329,101.1115494,2577.4648,1,False
19,UAV_484,38.8281822,101.0610733,2574.0635,3,False
19,UAV_485,38.8041725,101.0219574,2568.9004,0,False
19,UAV_486,38.9125481,101.0324326,2571.5654,4,False
19,UAV_487,38.9112358,101.0097656,2571.2314,4,False
19,UAV_488,38.8191757,101.0014572,2572.1521,2,False
19,UAV_489,38.8271065,101.0219345,2569.9861,0,False
19,UAV_490,38.8445435,100.9820404,2572.5686,2,False
19,UAV_491,38.9212914,101.0405579,2575.0574,5,False
19,UAV_492,38.847168,101.0442505,2570.9365,0,False
19,UAV_493,38.8151054,101.049202,2572.7939,2,False
19,UAV_494,38.7934227,100.997757,2575.5334,2,False
19,UAV_495,38.9370422,100.9891205,2574.2476,5,False
19,UAV_496,38.8277283,101.0368042,2576.2544,3,False
19,UAV_497,38.8072014,101.0174026,2567.5925,0,False
19,UAV_498,38.8192596,101.0222626,2572.2231,2,False
19,UAV_499,38.8809433,100.9751358,2576.3455,5,False
19,UAV_500,38.8091011,101.0891724,2576.658,3,False
20,UAV_001,38.8302307,101.0894699,2574.9241,4,False
20,UAV_002,38.8833923,100.9936829,2568.9458,3,False
20,UAV_003,38.8937798,101.0649872,2568.3411,2,False
20,UAV_004,38.7945595,101.0011444,2571.2429,3,False
20,UAV_005,38.8159218,101.0998993,2575.2146,4,False
20,UAV_006,38.7847481,101.0807114,2570.3789,4,False
20,UAV_007,38.8911133,101.0976944,2570.4087,2,False
20,UAV_008,38.8825798,101.0614471,2568.0913,2,False
20,UAV_009,38.9150925,101.1021042,2566.0989,2,False
20,UAV_010,38.8593597,100.9407196,2566.0022,3,False
20,UAV_011,38.9021492,101.037178,2571.9011,0,False
20,UAV_012,38.8686829,100.9909668,2573.1011,0,False
20,UAV_013,38.8523979,101.0553818,2574.2104,5,False
20,UAV_014,38.8343811,100.9677429,2568.9448,3,False
20,UAV_015,38.8817482,100.9677048,2570.6724,0,False
20,UAV_016,38.9665451,100.9700699,2572.3699,0,False
20,UAV_017,38.8715706,101.0443573,2574.7458,5,False
20,UAV_018,38.8649178,100.9951782,2570.7437,3,False
20,UAV_019,38.8851547,101.0428467,2572.8137,0,False
20,UAV_020,38.8184776,100.9857559,2564.908,3,False
20,UAV_021,38.8465843,101.1212921,2568.4241,2,False
20,UAV_022,38.8715057,100.9736862,2571.1404,0,False
20,UAV_023,38.8692703,100.958313,2575.2002,0,False
20,UAV_024,38.8691559,101.0307541,2574.4038,0,False
20,UAV_025,38.8897018,101.0229568,2576.115,0,False
20,UAV_026,38.8961868,101.0876923,2576.5537,5,False
20,UAV_027,38.8776321,101.087616,2572.2795,2,False
20,UAV_028,38.9010963,101.1184692,2569.2417,2,False
20,UAV_029,38.8377266,101.045517,2574.9001,4,False
20,UAV_030,38.8413506,101.021225,2569.1318,3,False
20,UAV_031,38.8522987,101.0281601,2570.7158,3,False
20,UAV_032,38.851387,101.0859451,2569.1121,2,False
20,UAV_033,38.8855667,101.078186,2574.6074,5,False
20,UAV_034,38.8994446,101.0466232,2573.9438,0,False
20,UAV_035,38.8320732,101.0325851,2577.6814,1,False
20,UAV_036,38.897953,100.9946976,2577.333,0,False
20,UAV_037,38.922554,100.9792023,2569.0635,0,False
20,UAV_038,38.9001808,101.0222778,2574.6936,0,False
20,UAV_039,38.9550781,100.9929428,2570.5254,0,False
20,UAV_040,38.8628349,101.0264359,2573.8772,0,False
20,UAV_041,38.8519249,100.9910278,2575.0974,1,False
20,UAV_042,38.9217834,101.0538635,2576.4116,5,False
20,UAV_043,38.8977814,101.0944443,2574.8879,5,False
20,UAV_044,38.7466354,101.0019531,2572.293,1,False
20,UAV_045,38.9482307,101.0283966,2571.2957,0,False
20,UAV_046,38.7946701,100.9733505,2574.5779,1,False
20,UAV_047,38.8831978,100.985611,2569.6526,0,False
20,UAV_048,38.9169006,101.0304489,2573.3579,0,False
20,UAV_049,38.7829132,101.047348,2576.1848,4,False
20,UAV_050,38.8955574,101.0326233,2572.8743,0,False
20,UAV_051,38.8942413,101.0403442,2568.866,2,False
20,UAV_052,38.7870674,101.056839,2577.3154,4,False
20,UAV_053,38.9020271,101.0862961,2573.4961,5,False
20,UAV_054,38.8257942,101.0645218,2577.1428,4,False
20,UAV_055,38.7909393,101.0744476,2569.6587,3,False
20,UAV_056,38.8820152,101.0306244,2574.0518,0,False
20,UAV_057,38.8011208,101.0758514,2573.926,4,False
20,UAV_058,38.8179817,101.0306702,2573.4202,1,False
20,UAV_059,38.8105698,101.0517044,2577.0725,4,False
20,UAV_060,38.7796173,101.0176163,2570.4233,3,False
20,UAV_061,38.8458099,101.0678711,2576.9871,5,False
20,UAV_062,38.8479385,101.0545044,2570.8943,2,False
20,UAV_063,38.9317627,100.9665909,2574.1377,0,False
20,UAV_064,38.8812103,101.1396484,2580.655,5,False
20,UAV_065,38.9011574,101.039856,2577.4722,5,False
20,UAV_066,38.9236298,101.1199722,2568.4719,2,False
20,UAV_067,38.9151192,100.9930649,2575.4688,0,False
20,UAV_068,38.883606,101.028038,2569.6206,2,False
20,UAV_069,38.9341125,101.0757751,2575.7087,5,False
20,UAV_070,38.7934647,101.0216217,2574.4114,1,False
20,UAV_071,38.8240089,101.1307068,2576.2803,4,False
20,UAV_072,38.8628197,101.0229797,2575.8079,0,False
20,UAV_073,38.8007698,101.0122223,2570.6616,3,False
20,UAV_074,38.8123589,101.0047073,2574.6467,1,False
20,UAV_075,38.8147087,100.9841919,2572.7097,1,False
20,UAV_076,38.8979988,101.0188446,2577.1455,0,False
20,UAV_077,38.8050003,101.1239624,2573.833,4,False
20,UAV_078,38.9087639,101.0112305,2569.7354,0,False
20,UAV_079,38.9087906,101.0500183,2575.3257,5,False
20,UAV_080,38.9587097,101.0920334,2569.72,2,False
20,UAV_081,38.7759743,100.9941101,2574.5229,1,False
20,UAV_082,38.7931442,101.0725403,2575.1997,4,False
20,UAV_083,38.7389641,101.0104141,2571.489,3,False
20,UAV_084,38.8222542,101.0709534,2577.2795,4,False
20,UAV_085,38.8894501,101.0376434,2575.637,5,False
20,UAV_086,38.8773003,101.1220245,2577.8958,5,False
20,UAV_087,38.8170547,101.1228485,2577.3962,4,False
20,UAV_088,38.8010674,100.9756775,2575.6064,1,False
20,UAV_089,38.8568878,101.0611038,2570.1099,2,True
20,UAV_090,38.8760796,101.0230484,2577.7507,5,False
20,UAV_091,38.8302345,101.02285,2566.1807,3,False
20,UAV_092,38.8262672,100.9955597,2570.2161,3,False
20,UAV_093,38.9379616,101.0065918,2574.324,0,False
20,UAV_094,38.8048134,101.013031,2571.3916,3,False
20,UAV_095,38.8548012,101.1050949,2571.075,2,False
20,UAV_096,38.861393,101.066185,2568.3142,2,False
20,UAV_097,38.7579231,100.9889526,2574.8616,1,False
20,UAV_098,38.8184967,101.0501099,2573.7747,4,False
20,UAV_099,38.9041138,101.0277786,2573.717,0,False
20,UAV_100,38.9030418,101.1075516,2569.5762,2,False
20,UAV_101,38.8659592,100.9892731,2575.5854,0,False
20,UAV_102,38.8064384,101.0855103,2572.9043,4,False
20,UAV_103,38.8126717,101.0222931,2576.8894,1,False
20,UAV_104,38.7989235,101.0203094,2573.8806,1,False
20,UAV_105,38.891983,100.9955673,2574.8923,0,False
20,UAV_106,38.9057083,100.9973831,2572.3823,0,False
20,UAV_107,38.7872658,101.0734711,2575.0842,4,False
20,UAV_108,38.9507027,100.9806747,2565.0161,0,False
20,UAV_109,38.8881187,101.0455704,2575.4951,5,False
20,UAV_110,38.834919,101.0913925,2572.6887,4,False
20,UAV_111,38.7941399,101.0021896,2573.938,1,False
20,UAV_112,38.758831,101.0215912,2574.5276,1,False
20,UAV_113,38.7995911,100.965065,2569.6301,3,False
20,UAV_114,38.8868294,101.0111389,2572.8784,0,False
20,UAV_115,38.8788071,101.0395889,2570.3054,2,False
20,UAV_116,38.8403053,101.0335999,2572.2747,3,False
20,UAV_117,38.8726501,100.9423141,2573.0845,0,False
20,UAV_118,38.8033028,101.0107498,2567.8811,3,False
20,UAV_119,38.8092079,101.0643005,2574.7412,4,False
20,UAV_120,38.8537369,101.0703888,2569.0891,2,False
20,UAV_121,38.7821884,101.105423,2570.5447,4,False
20,UAV_122,38.7881546,101.0355225,2570.4673,3,False
20,UAV_123,38.8648453,101.0391464,2579.322,5,False
20,UAV_124,38.8750839,101.1221695,2574.042,5,False
20,UAV_125,38.8334694,100.9984741,2575.0505,1,False
20,UAV_126,38.7989616,101.0187607,2573.1335,1,False
20,UAV_127,38.9113159,101.01577,2570.0061,0,False
20,UAV_128,38.8569603,100.9699173,2572.9263,0,False
20,UAV_129,38.9448891,101.0219879,2575.5918,0,False
20,UAV_130,38.7936859,101.0171738,2576.0056,1,False
20,UAV_131,38.8967209,100.9733887,2573.7756,0,False
20,UAV_132,38.9246101,101.0107727,2577.6816,0,False
20,UAV_133,38.877594,101.0473938,2572.8169,0,False
20,UAV_134,38.7489243,101.0077515,2569.2483,3,False
20,UAV_135,38.7835655,101.0515289,2575.8638,4,False
20,UAV_136,38.8287697,101.0513382,2570.1653,3,False
20,UAV_137,38.8388062,100.9892044,2574.7769,1,False
20,UAV_138,38.8147697,101.0588531,2569.855,3,False
20,UAV_139,38.8141098,101.0381393,2569.6267,3,False
20,UAV_140,38.8545647,101.0765533,2571.4856,2,False
20,UAV_141,38.8015862,100.9978409,2573.0422,1,False
20,UAV_142,38.8811913,101.1042557,2574.8198,5,False
20,UAV_143,38.7910728,100.9861603,2578.1511,1,False
20,UAV_144,38.8452797,101.0800934,2572.187,2,False
20,UAV_145,38.8658791,101.1020889,2568.2546,2,False
20,UAV_146,38.9274254,101.0010757,2572.8633,0,False
20,UAV_147,38.9171829,100.9936447,2572.4414,0,False
20,UAV_148,38.8080177,100.9896545,2575.1748,1,False
20,UAV_149,38.7841225,101.0764084,2570.3542,4,False
20,UAV_150,38.7784805,101.111763,2572.8257,4,False
20,UAV_151,38.8374863,101.0989456,2569.3196,2,False
20,UAV_152,38.9443054,100.9569016,2575.5161,0,False
20,UAV_153,38.8071365,101.0953522,2572.2114,4,False
20,UAV_154,38.8181419,101.0814209,2573.5217,4,False
20,UAV_155,38.8566132,100.9667587,2575.8586,1,False
20,UAV_156,38.8473053,101.0571823,2569.0493,2,False
20,UAV_157,38.7977638,101.1246414,2576.2166,4,False
20,UAV_158,38.8461761,101.0852051,2571.2937,2,False
20,UAV_159,38.8388367,101.0785751,2571.3865,2,False
20,UAV_160,38.8341484,100.9867859,2575.218,1,False
20,UAV_161,38.9293289,101.0961533,2575.1912,5,False
20,UAV_162,38.8739586,101.0118027,2573.012,0,False
20,UAV_163,38.7417107,101.0485001,2572.4089,4,False
20,UAV_164,38.7748451,100.9871979,2571.0449,3,False
20,UAV_165,38.8755455,100.9579773,2577.1147,0,False
20,UAV_166,38.8888512,101.0961075,2570.2139,2,False
20,UAV_167,38.9066925,101.0349731,2572.3667,0,False
20,UAV_168,38.7836266,101.0952759,2575.9006,4,False
20,UAV_169,38.8739281,101.0185165,2575.811,0,False
20,UAV_170,38.839962,101.112442,2579.6614,5,False
20,UAV_171,38.8643494,101.0486298,2579.9604,5,False
20,UAV_172,38.8139,101.0478516,2568.0486,3,False
20,UAV_173,38.7731667,100.9745331,2569.9265,3,False
20,UAV_174,38.8406448,101.0057602,2572.7148,1,False
20,UAV_175,38.8602943,101.0974426,2576.3142,5,False
20,UAV_176,38.7877274,101.1153183,2572.1919,4,False
20,UAV_177,38.8049278,101.0898056,2577.5881,4,False
20,UAV_178,38.8768005,101.0114517,2570.9958,0,False
20,UAV_179,38.83004,101.013298,2568.4138,3,False
20,UAV_180,38.8607864,100.9968414,2577.5933,1,False
20,UAV_181,38.9130173,101.0097961,2572.7263,0,False
20,UAV_182,38.8598061,101.0532227,2570.2639,2,False
20,UAV_183,38.8496399,100.9563446,2569.8052,3,False
20,UAV_184,38.7388344,100.9930878,2571.1477,3,False
20,UAV_185,38.9003105,101.018013,2567.2275,2,False
20,UAV_186,38.8682747,101.0246735,2568.353,3,False
20,UAV_187,38.8678246,101.0904541,2569.3723,2,False
20,UAV_188,38.9153481,101.0065765,2576.574,0,False
20,UAV_189,38.7825966,100.9938889,2569.095,3,False
20,UAV_190,38.8974419,101.010788,2571.3337,0,False
20,UAV_191,38.8921509,100.9644165,2570.4651,0,False
20,UAV_192,38.8179359,100.9718399,2577.1196,1,False
20,UAV_193,38.7790642,101.0091858,2574.8022,1,True
20,UAV_194,38.8686066,101.0570679,2576.4526,5,False
20,UAV_195,38.9265785,101.1488495,2572.4771,2,False
20,UAV_196,38.9290428,101.1237717,2575.3625,5,False
20,UAV_197,38.9248695,101.0319672,2576.0757,0,False
20,UAV_198,38.8054581,101.031395,2573.4644,1,False
20,UAV_199,38.8737869,101.0410538,2576.3682,5,False
20,UAV_200,38.7581139,101.1086731,2579.1443,4,False
20,UAV_201,38.9054871,101.0494156,2576.7559,5,False
20,UAV_202,38.7825089,100.9773254,2569.1892,3,True
20,UAV_203,38.8362961,101.0322342,2568.4688,3,False
20,UAV_204,38.8291321,101.0361176,2568.3208,3,False
20,UAV_205,38.7750359,101.1226578,2578.364,4,False
20,UAV_206,38.9050293,101.0378799,2570.282,2,False
20,UAV_207,38.8493614,101.0408783,2573.9229,1,False
20,UAV_208,38.8486977,101.0779266,2573.1418,4,False
20,UAV_209,38.8700218,101.0783234,2570.4709,2,False
20,UAV_210,38.9301414,101.0341034,2572.9329,0,False
20,UAV_211,38.7650833,101.0003891,2571.5986,3,False
20,UAV_212,38.7549629,101.0110474,2574.5479,1,False
20,UAV_213,38.7919197,101.0596695,2572.9473,4,False
20,UAV_214,38.8274536,101.0596542,2575.231,4,False
20,UAV_215,38.8627167,101.0998764,2576.4177,5,False
20,UAV_216,38.7941322,100.9793015,2570.1946,3,False
20,UAV_217,38.8828049,101.1537704,2567.2527,2,False
20,UAV_218,38.8435898,100.980896,2575.4744,1,False
20,UAV_219,38.7710037,101.0809631,2573.2629,4,False
20,UAV_220,38.8925896,101.0353317,2576.2373,5,False
20,UAV_221,38.8734245,101.0385742,2580.6304,5,False
20,UAV_222,38.8618774,101.0516052,2574.5132,5,False
20,UAV_223,38.8330612,101.0793152,2575.7175,4,False
20,UAV_224,38.8091927,100.9375534,2569.5688,3,False
20,UAV_225,38.8171005,101.1210556,2574.8164,4,False
20,UAV_226,38.7969818,100.9901047,2568.967,3,False
20,UAV_227,38.8472176,101.1174469,2575.3357,4,False
20,UAV_228,38.8127365,101.0629883,2567.4436,3,False
20,UAV_229,38.9202919,101.0048065,2576.4612,0,False
20,UAV_230,38.8121986,101.1096725,2573.9299,4,False
20,UAV_231,38.8389587,101.0737305,2572.7053,4,False
20,UAV_232,38.8077545,100.9689865,2573.2676,1,False
20,UAV_233,38.7704506,100.9838638,2569.2307,3,False
20,UAV_234,38.8444786,100.9952545,2574.5667,1,False
20,UAV_235,38.8033257,101.0269241,2574.408,1,False
20,UAV_236,38.8658142,100.9670563,2567.3274,3,False
20,UAV_237,38.8429146,101.0906677,2568.8364,2,False
20,UAV_238,38.8941536,101.0800552,2574.4507,5,False
20,UAV_239,38.8391304,101.0660172,2571.4009,2,False
20,UAV_240,38.8437271,101.0466919,2573.4692,4,False
20,UAV_241,38.8504333,100.9762192,2567.7651,3,False
20,UAV_242,38.7779541,101.0249634,2573.0386,1,False
20,UAV_243,38.8241615,100.9982529,2574.6938,1,False
20,UAV_244,38.7912598,101.0881653,2566.1753,3,False
20,UAV_245,38.9494362,100.9791336,2577.1462,0,False
20,UAV_246,38.906395,101.0090561,2575.4109,0,False
20,UAV_247,38.9329109,101.0630798,2573.3174,5,False
20,UAV_248,38.8358002,101.1112976,2577.303,4,False
20,UAV_249,38.938942,100.9737015,2574.886,0,False
20,UAV_250,38.9214554,101.0185165,2574.7495,0,False
20,UAV_251,38.8522491,100.9825287,2576.4385,1,False
20,UAV_252,38.7751007,101.1314697,2567.343,2,False
20,UAV_253,38.8061523,101.0909271,2567.7446,2,False
20,UAV_254,38.8753281,101.0451279,2570.8276,2,False
20,UAV_255,38.8608437,101.0112839,2572.4312,0,False
20,UAV_256,38.8986359,101.1176987,2573.365,5,False
20,UAV_257,38.8515129,101.0762253,2574.6738,5,False
20,UAV_258,38.9295921,101.1262054,2574.6504,5,False
20,UAV_259,38.795887,101.1516342,2575.8474,4,False
20,UAV_260,38.8231354,101.0631943,2570.6819,2,False
20,UAV_261,38.9187889,101.1055679,2571.3162,2,False
20,UAV_262,38.9025002,101.0735092,2571.8181,2,False
20,UAV_263,38.7920914,101.1431046,2574.3164,4,False
20,UAV_264,38.9261093,101.0661011,2575.396,5,False
20,UAV_265,38.8553658,101.060524,2572.6274,2,False
20,UAV_266,38.8770599,101.0969772,2573.6987,5,False
20,UAV_267,38.8837624,101.098999,2572.115,2,False
20,UAV_268,38.9238548,100.9694443,2573.4583,0,False
20,UAV_269,38.9118538,101.0024643,2572.9824,0,False
20,UAV_270,38.8007126,101.0135956,2568.8208,3,False
20,UAV_271,38.8659554,100.9971848,2573.5825,0,False
20,UAV_272,38.759903,100.966629,2576.4216,1,False
20,UAV_273,38.8464813,101.0270004,2567.8577,3,False
20,UAV_274,38.8474197,101.0231781,2569.8254,3,False
20,UAV_275,38.8902397,100.970665,2570.4871,0,False
20,UAV_276,38.7882652,101.0650635,2577.5859,4,False
20,UAV_277,38.7785416,100.9896774,2570.0815,3,False
20,UAV_278,38.7931709,101.0983887,2573.4353,4,False
20,UAV_279,38.8851357,101.0902786,2575.0723,5,False
20,UAV_280,38.8184357,100.987854,2576.4072,1,False
20,UAV_281,38.9207649,101.0566788,2576.6912,5,False
20,UAV_282,38.8147316,101.1128235,2572.491,4,False
20,UAV_283,38.9025345,101.0917969,2571.8027,2,False
20,UAV_284,38.8980751,101.008812,2576.4355,0,False
20,UAV_285,38.8440933,101.0848312,2574.8728,4,False
20,UAV_286,38.7961388,100.9529953,2568.7849,3,False
20,UAV_287,38.8448944,101.1079788,2573.6306,4,False
20,UAV_288,38.9060707,101.0907745,2572.6709,2,False
20,UAV_289,38.9276657,101.1266937,2578.4058,5,False
20,UAV_290,38.7567444,100.9503555,2575.1584,1,False
20,UAV_291,38.8473244,101.0174255,2571.4973,3,False
20,UAV_292,38.8535271,101.0033264,2571.7583,3,False
20,UAV_293,38.8669548,101.108429,2573.812,5,False
20,UAV_294,38.8425827,101.1379776,2575.9814,4,False
20,UAV_295,38.8881645,101.0898132,2571.9363,2,False
20,UAV_296,38.8420334,101.105011,2570.7598,2,False
20,UAV_297,38.7899055,101.0021591,2576.2075,1,False
20,UAV_298,38.8454895,101.05233,2572.7063,4,False
20,UAV_299,38.7835655,101.0553818,2575.8311,4,False
20,UAV_300,38.8234787,100.9600067,2572.2808,1,False
20,UAV_301,38.767334,101.1283188,2571.2505,4,False
20,UAV_302,38.7875023,101.1516342,2573.5947,4,False
20,UAV_303,38.9018059,101.0990219,2573.1152,5,False
20,UAV_304,38.9029274,101.0571365,2571.2029,2,False
20,UAV_305,38.8613014,100.9741135,2573.6003,0,False
20,UAV_306,38.8463936,101.0046844,2574.679,1,False
20,UAV_307,38.7514,100.9835129,2573.8367,1,False
20,UAV_308,38.8687744,101.1088409,2569.3181,2,False
20,UAV_309,38.9035797,101.0744476,2574.2466,5,False
20,UAV_310,38.8619347,100.9859161,2573.4812,0,False
20,UAV_311,38.7578392,101.0251923,2570.3887,3,False
20,UAV_312,38.9054794,101.0407562,2568.5676,2,False
20,UAV_313,38.8844833,101.0285645,2579.5891,5,False
20,UAV_314,38.8921585,100.9571152,2573.8054,0,False
20,UAV_315,38.8884468,101.0279999,2573.9021,0,False
20,UAV_316,38.9163513,101.0308609,2573.4016,0,True
20,UAV_317,38.9309807,101.0295486,2571.5073,0,False
20,UAV_318,38.8079109,101.0767517,2570.8909,4,False
20,UAV_319,38.8726044,101.017952,2573.063,0,False
20,UAV_320,38.7644424,101.0407639,2574.7346,1,False
20,UAV_321,38.8950386,101.0714264,2571.4104,2,False
20,UAV_322,38.8232079,101.1000824,2573.3672,4,False
20,UAV_323,38.804512,101.0687485,2574.3525,4,False
20,UAV_324,38.8845634,101.0267563,2572.9038,0,False
20,UAV_325,38.7984352,101.1143799,2575.5669,4,False
20,UAV_326,38.8669739,101.1311035,2575.2461,5,False
20,UAV_327,38.8767853,101.001503,2576.4915,0,False
20,UAV_328,38.8268661,101.0392761,2570.4622,3,False
20,UAV_329,38.8081474,101.0594101,2576.7871,4,False
20,UAV_330,38.9193802,101.0047226,2580.3225,5,False
20,UAV_331,38.9269409,101.1128387,2565.7046,2,False
20,UAV_332,38.904892,101.043045,2573.8667,0,False
20,UAV_333,38.9524612,100.9841995,2566.5278,0,False
20,UAV_334,38.9268456,100.9651566,2571.5603,0,False
20,UAV_335,38.7870407,101.0317612,2575.1125,1,False
20,UAV_336,38.8291702,101.0044632,2575.1013,1,False
20,UAV_337,38.8847771,101.035408,2576.2456,5,True
20,UAV_338,38.7718544,101.0400162,2573.8652,1,False
20,UAV_339,38.8092308,101.1426926,2577.2046,4,False
20,UAV_340,38.8539505,100.9907532,2568.7842,3,False
20,UAV_341,38.8267593,101.0202332,2578.0564,1,False
20,UAV_342,38.9342232,101.1120987,2569.1021,2,False
20,UAV_343,38.8083191,101.0724258,2568.0361,3,False
20,UAV_344,38.9290543,101.1293869,2578.6797,5,False
20,UAV_345,38.8270035,101.0185242,2575.8127,1,False
20,UAV_346,38.8728447,101.0532684,2574.4917,5,False
20,UAV_347,38.8317833,101.0200882,2571.7095,3,False
20,UAV_348,38.8246346,101.061348,2574.0984,4,False
20,UAV_349,38.8760605,101.0014725,2572.8633,0,False
20,UAV_350,38.8361626,101.1193466,2573.5022,4,False
20,UAV_351,38.9070206,101.134346,2574.2092,5,False
20,UAV_352,38.7900238,101.0726013,2575.3259,4,False
20,UAV_353,38.7859535,100.9609756,2574.7312,1,False
20,UAV_354,38.7926559,100.9821091,2566.9773,3,False
20,UAV_355,38.8860168,101.0413284,2571.6555,2,False
20,UAV_356,38.8187332,101.0375214,2564.2754,3,False
20,UAV_357,38.7376633,100.9636459,2575.5352,1,False
20,UAV_358,38.8711472,101.0785751,2574.594,5,False
20,UAV_359,38.7674828,101.024147,2574.1692,1,False
20,UAV_360,38.8444176,101.1023254,2574.5034,4,True
20,UAV_361,38.8792877,101.0810394,2575.4661,5,False
20,UAV_362,38.8300629,101.0931091,2568.3354,2,False
20,UAV_363,38.8258629,101.1202774,2569.9814,2,False
20,UAV_364,38.8272705,101.0513611,2569.9109,3,False
20,UAV_365,38.8211708,101.034729,2575.4729,1,False
20,UAV_366,38.8055534,101.1070633,2573.939,4,False
20,UAV_367,38.8805122,100.9922791,2577.5244,0,False
20,UAV_368,38.8793259,101.060112,2572.3137,2,False
20,UAV_369,38.8913651,101.0996094,2571.4084,2,False
20,UAV_370,38.8535805,101.024704,2570.0928,3,False
20,UAV_371,38.8755836,101.030632,2573.4185,0,False
20,UAV_372,38.8814621,101.0370102,2570.9155,2,False
20,UAV_373,38.8556519,101.1073227,2575.1677,5,False
20,UAV_374,38.8167915,101.0524826,2574.0432,4,False
20,UAV_375,38.8094368,101.0392761,2573.7878,1,False
20,UAV_376,38.7953796,101.0142365,2569.9836,3,False
20,UAV_377,38.8889771,101.0743637,2579.2568,5,False
20,UAV_378,38.8747482,101.1033707,2578.8906,5,False
20,UAV_379,38.7759056,100.9996033,2572.988,1,False
20,UAV_380,38.8217926,101.006218,2576.7209,1,False
20,UAV_381,38.8927879,100.9912338,2573.6589,0,False
20,UAV_382,38.8645058,100.9618912,2574.8975,0,False
20,UAV_383,38.9198151,101.0175476,2576.6858,0,False
20,UAV_384,38.8885918,100.9876175,2568.0532,3,False
20,UAV_385,38.7750435,101.1038208,2573.5513,4,False
20,UAV_386,38.8463669,101.0885391,2573.0479,4,False
20,UAV_387,38.90065,101.0679245,2575.6006,5,False
20,UAV_388,38.8043747,101.0834122,2570.9612,4,False
20,UAV_389,38.8204918,101.1248627,2576.4873,4,False
20,UAV_390,38.837471,100.9947357,2568.6143,3,False
20,UAV_391,38.7727623,101.0768509,2579.9158,4,False
20,UAV_392,38.8026047,101.060585,2575.9763,4,False
20,UAV_393,38.8998833,100.9906006,2571.6807,0,False
20,UAV_394,38.9518967,101.0638733,2570.522,2,False
20,UAV_395,38.8876495,100.9701767,2571.0789,0,False
20,UAV_396,38.956131,101.0016327,2571.2859,0,False
20,UAV_397,38.8302994,101.0213776,2574.0745,1,False
20,UAV_398,38.8881073,101.0704422,2569.1716,2,False
20,UAV_399,38.8661652,101.071701,2569.3843,2,False
20,UAV_400,38.8486252,101.0317535,2571.4114,3,False
20,UAV_401,38.8952408,101.0076294,2569.4358,0,False
20,UAV_402,38.8992271,101.0519028,2577.4167,5,False
20,UAV_403,38.9015312,101.0747299,2574.0061,5,False
20,UAV_404,38.8627396,101.0278397,2570.5171,3,False
20,UAV_405,38.9064522,101.0406189,2570.7556,2,False
20,UAV_406,38.832222,101.0574341,2574.9956,4,False
20,UAV_407,38.8555679,100.9992065,2576.6619,1,False
20,UAV_408,38.8007088,101.064064,2573.7014,4,False
20,UAV_409,38.8805733,101.0168076,2572.51,0,False
20,UAV_410,38.7722168,101.0513382,2574.0266,4,False
20,UAV_411,38.8828812,101.0622177,2576.3511,5,False
20,UAV_412,38.7979164,100.9689407,2573.6123,1,False
20,UAV_413,38.8082962,101.0922928,2572.1494,4,False
20,UAV_414,38.8141747,101.0649109,2577.1809,4,False
20,UAV_415,38.8811951,100.9617004,2578.1143,0,False
20,UAV_416,38.8424072,101.0236893,2577.0422,1,False
20,UAV_417,38.9107628,101.1205139,2571.4622,2,False
20,UAV_418,38.9008675,101.0341797,2578.2708,5,False
20,UAV_419,38.8478165,100.9600296,2576.4353,1,False
20,UAV_420,38.7843895,101.0066986,2576.1475,1,False
20,UAV_421,38.7517433,101.0538635,2577.6436,4,False
20,UAV_422,38.8593369,100.9873505,2567.1965,3,False
20,UAV_423,38.8784218,101.0869141,2573.4126,5,False
20,UAV_424,38.7839088,100.9519043,2567.9456,3,False
20,UAV_425,38.887661,101.0617142,2577.313,5,False
20,UAV_426,38.9235306,101.0654984,2578.6011,5,False
20,UAV_427,38.8423653,101.0362091,2574.8535,1,False
20,UAV_428,38.8413963,100.9580841,2570.3865,3,False
20,UAV_429,38.8212051,100.9852448,2573.927,1,False
20,UAV_430,38.7563019,101.0552902,2568.3372,3,False
20,UAV_431,38.7969704,101.0187454,2577.1721,1,False
20,UAV_432,38.8745003,101.0679016,2574.4678,5,False
20,UAV_433,38.9463387,100.998291,2576.6458,0,False
20,UAV_434,38.8364601,100.9783096,2573.6389,1,False
20,UAV_435,38.8431854,100.9748001,2575.0764,1,False
20,UAV_436,38.7635193,101.0125427,2571.2478,3,False
20,UAV_437,38.8850288,101.1218643,2574.8892,5,False
20,UAV_438,38.8674278,101.0039215,2569.2495,3,False
20,UAV_439,38.9296036,101.0224686,2575.3201,0,False
20,UAV_440,38.9296722,101.0184784,2572.1299,0,False
20,UAV_441,38.8087044,100.9552917,2574.7837,1,False
20,UAV_442,38.8575783,100.9973373,2570.6543,3,False
20,UAV_443,38.9360542,101.1404953,2571.2417,2,False
20,UAV_444,38.8010483,100.9906845,2574.4753,1,False
20,UAV_445,38.8124809,100.9885559,2568.6489,3,False
20,UAV_446,38.8688469,101.086525,2568.2424,2,False
20,UAV_447,38.8878746,101.1095123,2569.3638,2,False
20,UAV_448,38.7770271,101.0360718,2572.8728,1,False
20,UAV_449,38.8082314,101.0641327,2571.7805,4,False
20,UAV_450,38.8487129,101.1142883,2578.47,5,False
20,UAV_451,38.7831421,100.9900436,2574.6155,1,False
20,UAV_452,38.8677063,101.0887604,2569.3325,2,False
20,UAV_453,38.9238968,101.053772,2573.6169,0,False
20,UAV_454,38.836895,101.1028976,2573.3276,4,False
20,UAV_455,38.8241386,100.9858932,2573.8928,1,False
20,UAV_456,38.8258591,101.0445023,2572.9905,4,False
20,UAV_457,38.8459892,101.0402985,2572.0688,2,False
20,UAV_458,38.8525543,101.0385742,2569.8372,3,False
20,UAV_459,38.8891525,101.000824,2568.5481,3,False
20,UAV_460,38.7604828,101.0765305,2570.2776,4,False
20,UAV_461,38.8833122,100.9549789,2564.6775,3,False
20,UAV_462,38.8707275,101.0946045,2573.2617,2,False
20,UAV_463,38.7811966,100.9946365,2572.698,1,False
20,UAV_464,38.8024139,100.9664154,2571.614,3,False
20,UAV_465,38.8564262,100.9674835,2573.0212,0,False
20,UAV_466,38.9261627,101.0649567,2570.5579,2,False
20,UAV_467,38.8674622,100.9818039,2572.6792,0,False
20,UAV_468,38.8244095,100.9720306,2570.303,3,False
20,UAV_469,38.8443871,101.055603,2574.626,4,False
20,UAV_470,38.8472595,101.0618973,2569.1047,2,False
20,UAV_471,38.8116074,100.9768677,2567.3083,3,False
20,UAV_472,38.8430977,101.101181,2571.8464,2,False
20,UAV_473,38.8486099,101.1102524,2579.6396,5,False
20,UAV_474,38.8157616,100.9637375,2572.0371,1,False
20,UAV_475,38.9237862,101.0269165,2569.5972,0,False
20,UAV_476,38.9301949,101.0592957,2573.041,0,False
20,UAV_477,38.8376389,100.9971924,2574.3809,1,False
20,UAV_478,38.9035187,100.9848938,2572.7202,0,False
20,UAV_479,38.8788605,101.0740509,2572.4998,2,False
20,UAV_480,38.8325157,101.0489731,2576.8284,4,False
20,UAV_481,38.8200645,100.9775314,2576.4231,1,False
20,UAV_482,38.7885361,101.1051407,2567.5537,2,False
20,UAV_483,38.8997536,101.1117783,2572.0879,2,False
20,UAV_484,38.8316193,101.0609436,2572.3635,4,False
20,UAV_485,38.8045158,101.0206757,2563.1653,3,False
20,UAV_486,38.9135628,101.0326004,2574.0271,0,False
20,UAV_487,38.9102325,101.0092468,2571.4055,0,False
20,UAV_488,38.8192902,100.991127,2568.2791,3,False
20,UAV_489,38.828022,101.0211334,2565.9172,3,False
20,UAV_490,38.8516045,100.9819717,2575.1665,1,False
20,UAV_491,38.9199524,101.0407867,2579.8438,5,False
20,UAV_492,38.8462448,101.0438919,2569.4639,3,False
20,UAV_493,38.7964706,101.009407,2574.3628,1,False
20,UAV_494,38.7924652,100.9975662,2570.9685,3,False
20,UAV_495,38.9376907,100.9936447,2576.1077,0,False
20,UAV_496,38.8297653,101.033699,2569.293,3,False
20,UAV_497,38.8056755,101.0157852,2571.6392,3,False
20,UAV_498,38.8227348,101.0214996,2569.9065,3,False
20,UAV_499,38.8786659,100.9751205,2571.8135,0,False
20,UAV_500,38.8117714,101.0896149,2574.7092,4,False
21,UAV_001,38.8302002,101.0888824,2573.2961,0,False
21,UAV_002,38.8820877,100.9929886,2567.1487,1,False
21,UAV_003,38.8931351,101.0634842,2570.8667,2,False
21,UAV_004,38.7926178,101.0011368,2574.8145,5,False
21,UAV_005,38.8157845,101.10009,2574.1729,0,False
21,UAV_006,38.79002,101.0792007,2571.989,0,False
21,UAV_007,38.8925056,101.0975952,2571.1687,2,False
21,UAV_008,38.8818436,101.0599976,2569.9275,4,False
21,UAV_009,38.9149055,101.1019516,2572.8533,2,False
21,UAV_010,38.8625145,100.9386597,2568.6516,1,False
21,UAV_011,38.9029007,101.037056,2575.3745,3,False
21,UAV_012,38.8694115,101.0081024,2576.8955,3,False
21,UAV_013,38.851841,101.0551376,2574.5339,2,False
21,UAV_014,38.8411293,100.9673157,2568.3967,1,False
21,UAV_015,38.8821182,100.9661789,2571.4666,1,False
21,UAV_016,38.9668083,100.9687195,2572.7529,1,False
21,UAV_017,38.8740616,101.0464096,2578.0312,3,False
21,UAV_018,38.8684769,100.9957962,2574.6343,3,False
21,UAV_019,38.8862076,101.0219955,2573.1536,1,False
21,UAV_020,38.8219681,100.9855804,2573.7761,5,False
21,UAV_021,38.8567238,101.1055069,2569.3167,4,False
21,UAV_022,38.8703346,100.9699402,2567.8616,1,False
21,UAV_023,38.8687439,100.9577866,2574.8435,3,False
21,UAV_024,38.8672256,101.0307465,2571.709,1,False
21,UAV_025,38.8898888,101.0246735,2577.1399,3,False
21,UAV_026,38.8957443,101.0892258,2573.4653,2,False
21,UAV_027,38.871048,101.0892944,2575.0317,2,False
21,UAV_028,38.9008179,101.1170273,2570.9854,2,False
21,UAV_029,38.8388634,101.0474472,2573.0264,0,False
21,UAV_030,38.8398399,101.0208511,2571.3901,5,False
21,UAV_031,38.8511543,101.0284576,2572.8813,5,False
21,UAV_032,38.8502998,101.0849304,2572.3269,2,False
21,UAV_033,38.8855362,101.078537,2574.1287,2,False
21,UAV_034,38.8984451,101.0468903,2571.1892,1,False
21,UAV_035,38.831955,101.0325851,2572.5105,5,False
21,UAV_036,38.8920097,100.9936218,2577.0291,3,False
21,UAV_037,38.9211349,100.9777298,2571.3054,1,False
21,UAV_038,38.8990326,101.0225983,2573.2209,1,False
21,UAV_039,38.9545021,101.0053711,2577.9453,3,False
21,UAV_040,38.8573303,101.0307922,2579.605,3,False
21,UAV_041,38.8490143,100.9931183,2578.6184,3,False
21,UAV_042,38.9257317,101.0573883,2572.5488,2,False
21,UAV_043,38.8997765,101.0956955,2575.3149,2,False
21,UAV_044,38.7493935,100.9992676,2571.2881,5,False
21,UAV_045,38.9478989,101.0267334,2567.3445,1,False
21,UAV_046,38.7956467,100.9751511,2577.2073,5,False
21,UAV_047,38.8827782,100.9845657,2567.3882,1,False
21,UAV_048,38.9225769,101.0296097,2568.4304,1,False
21,UAV_049,38.7839432,101.0483322,2574.1245,0,False
21,UAV_050,38.8957825,101.0324326,2565.5745,1,False
21,UAV_051,38.8927994,101.0377884,2572.7869,2,False
21,UAV_052,38.7896538,101.0605698,2573.0454,0,False
21,UAV_053,38.8986511,101.0860138,2568.1348,4,False
21,UAV_054,38.8259392,101.0645599,2571.1394,4,False
21,UAV_055,38.7920265,101.0738449,2571.1816,0,False
21,UAV_056,38.8782578,101.0324707,2580.2239,3,False
21,UAV_057,38.8010788,101.0743637,2568.9993,4,False
21,UAV_058,38.8172836,101.0311737,2577.8506,3,False
21,UAV_059,38.8018456,101.0857697,2569.938,4,False
21,UAV_060,38.7793503,101.0157547,2569.4739,5,False
21,UAV_061,38.8458176,101.0716171,2576.3813,0,False
21,UAV_062,38.847229,101.0469894,2566.3013,4,False
21,UAV_063,38.9301414,100.9691391,2572.2583,1,False
21,UAV_064,38.8836212,101.140358,2574.0959,2,False
21,UAV_065,38.8978348,101.0423279,2576.4822,3,False
21,UAV_066,38.9237099,101.1184387,2571.6619,2,False
21,UAV_067,38.921524,100.9983139,2572.7605,1,False
21,UAV_068,38.8820877,101.0262833,2568.4968,1,False
21,UAV_069,38.9314766,101.078331,2573.6521,2,False
21,UAV_070,38.7928886,101.0218277,2573.8467,5,False
21,UAV_071,38.8234711,101.1309967,2570.7432,4,False
21,UAV_072,38.8639259,101.025856,2574.5513,3,False
21,UAV_073,38.7983704,101.0122299,2575.4055,5,False
21,UAV_074,38.8087234,101.0094528,2570.2576,5,False
21,UAV_075,38.8148193,100.9843292,2573.4629,5,False
21,UAV_076,38.8997421,101.0191803,2578.2214,3,False
21,UAV_077,38.8454971,101.0487595,2574.1846,0,False
21,UAV_078,38.9088097,101.011116,2573.1248,1,False
21,UAV_079,38.9083557,101.0504837,2574.3552,2,False
21,UAV_080,38.958622,101.0903778,2563.1863,4,False
21,UAV_081,38.7675667,100.994194,2572.2041,5,True
21,UAV_082,38.7916908,101.0734406,2575.187,0,False
21,UAV_083,38.7395363,101.0087051,2568.2473,5,False
21,UAV_084,38.8203201,101.0709534,2570.7344,4,False
21,UAV_085,38.8923798,101.0375748,2575.0554,3,False
21,UAV_086,38.8645439,101.1194534,2573.5859,2,False
21,UAV_087,38.8137054,101.1260223,2572.2087,0,False
21,UAV_088,38.7926788,100.9757843,2580.0303,3,False
21,UAV_089,38.8561935,101.0604172,2570.1904,4,False
21,UAV_090,38.876049,101.0233459,2571.2695,1,False
21,UAV_091,38.8303986,101.0226593,2571.6941,5,False
21,UAV_092,38.8263893,100.9953537,2567.3582,5,False
21,UAV_093,38.9244843,100.9934235,2571.1333,1,False
21,UAV_094,38.8030739,101.012619,2575.364,5,False
21,UAV_095,38.8553276,101.1050262,2575.3142,2,False
21,UAV_096,38.8609924,101.0658951,2567.7942,4,False
21,UAV_097,38.7745743,101.002655,2573.689,5,False
21,UAV_098,38.8289337,101.0502243,2569.981,4,False
21,UAV_099,38.9051704,101.027771,2571.7568,1,False
21,UAV_100,38.9025116,101.1058426,2568.437,4,False
21,UAV_101,38.8634491,100.9892731,2575.384,3,False
21,UAV_102,38.8064728,101.0868759,2580.219,0,False
21,UAV_103,38.81493,101.0048828,2572.582,5,False
21,UAV_104,38.7987709,101.0205612,2570.6992,5,False
21,UAV_105,38.8918571,100.9939041,2577.396,3,False
21,UAV_106,38.9068832,100.9967346,2565.8994,1,False
21,UAV_107,38.7875671,101.0735092,2574.8845,0,False
21,UAV_108,38.9509773,100.9793625,2569.3218,1,False
21,UAV_109,38.8859444,101.0455093,2574.2883,2,False
21,UAV_110,38.8364258,101.0909882,2567.8059,4,False
21,UAV_111,38.8040047,100.9966507,2569.7402,5,False
21,UAV_112,38.7816963,101.0286789,2573.022,5,False
21,UAV_113,38.8122444,100.967186,2571.3826,5,False
21,UAV_114,38.8851089,101.0117416,2576.293,3,False
21,UAV_115,38.8790627,101.0392761,2574.5415,3,False
21,UAV_116,38.8440819,101.0369415,2577.6648,3,False
21,UAV_117,38.870594,100.9433746,2572.0916,1,False
21,UAV_118,38.802742,101.0091171,2566.1438,5,False
21,UAV_119,38.8084145,101.0621414,2570.3198,4,False
21,UAV_120,38.8536415,101.0707703,2576.6594,0,False
21,UAV_121,38.7815971,101.1051407,2566.3911,4,False
21,UAV_122,38.7882919,101.0351791,2566.5598,4,False
21,UAV_123,38.862011,101.0407333,2578.0291,3,False
21,UAV_124,38.8754501,101.1222839,2576.738,2,False
21,UAV_125,38.8317719,100.9983063,2578.6753,3,False
21,UAV_126,38.7992783,101.0173111,2574.2019,5,False
21,UAV_127,38.91082,101.0155716,2572.4399,1,False
21,UAV_128,38.8573418,100.9693298,2574.9556,3,False
21,UAV_129,38.9472771,101.0257263,2579.4006,3,False
21,UAV_130,38.7940903,101.0177002,2571.7441,5,False
21,UAV_131,38.8956528,100.9716721,2571.8979,1,False
21,UAV_132,38.9435234,101.022049,2569.6086,1,False
21,UAV_133,38.8785477,101.0460815,2569.7786,4,False
21,UAV_134,38.7485733,101.0065689,2569.0273,5,False
21,UAV_135,38.7823677,101.0528641,2575.8608,0,False
21,UAV_136,38.8278618,101.0509491,2574.4441,0,False
21,UAV_137,38.8395233,100.9883652,2572.043,5,False
21,UAV_138,38.81464,101.0579987,2570.1855,4,False
21,UAV_139,38.8125687,101.037056,2571.4934,5,False
21,UAV_140,38.8548584,101.0747375,2565.6003,4,False
21,UAV_141,38.7999153,100.9973068,2579.7515,3,False
21,UAV_142,38.8832169,101.1054153,2571.2559,2,False
21,UAV_143,38.7877235,100.9892349,2579.2319,3,False
21,UAV_144,38.8450279,101.0800552,2572.2458,4,False
21,UAV_145,38.8655014,101.1004333,2568.7356,4,False
21,UAV_146,38.9137535,100.9670792,2570.6367,1,False
21,UAV_147,38.9165421,100.9932709,2569.1902,1,False
21,UAV_148,38.8082199,100.989769,2577.4285,3,False
21,UAV_149,38.7817192,101.0764084,2572.0647,0,False
21,UAV_150,38.7779083,101.1122437,2575.7275,0,False
21,UAV_151,38.824131,101.0942535,2572.7871,0,False
21,UAV_152,38.9443436,100.9618835,2573.0859,1,False
21,UAV_153,38.8124428,101.0880814,2574.145,0,False
21,UAV_154,38.8281555,101.081337,2574.4495,0,False
21,UAV_155,38.8532562,100.9691925,2573.9329,3,False
21,UAV_156,38.8551216,101.0565414,2574.1335,2,False
21,UAV_157,38.7974281,101.1255341,2572.9373,0,False
21,UAV_158,38.8465614,101.084137,2574.0391,0,False
21,UAV_159,38.8394356,101.0782852,2571.3049,4,False
21,UAV_160,38.8357353,100.9836121,2569.6875,5,False
21,UAV_161,38.926487,101.0981064,2575.4878,2,False
21,UAV_162,38.8723068,101.0117188,2565.0342,1,False
21,UAV_163,38.7412071,101.0456924,2570.5066,5,False
21,UAV_164,38.7751389,100.9859467,2570.0156,5,False
21,UAV_165,38.8814507,100.9588242,2573.604,1,False
21,UAV_166,38.8916664,101.0960159,2575.5981,2,False
21,UAV_167,38.9052315,101.0349731,2577.1587,3,False
21,UAV_168,38.7816925,101.0952759,2577.4158,0,False
21,UAV_169,38.8768692,101.0184174,2574.4878,3,False
21,UAV_170,38.8377876,101.1168976,2576.751,0,False
21,UAV_171,38.8642998,101.0486221,2575.7761,3,False
21,UAV_172,38.8128128,101.046875,2573.5911,0,False
21,UAV_173,38.7733459,100.9745636,2574.6594,5,False
21,UAV_174,38.8407364,101.0061417,2575.8665,3,False
21,UAV_175,38.8593254,101.0976791,2576.054,2,False
21,UAV_176,38.7877083,101.1151123,2575.8577,0,False
21,UAV_177,38.8053093,101.0897293,2576.9238,0,False
21,UAV_178,38.8754044,101.0108948,2568.1838,1,False
21,UAV_179,38.8286972,101.011528,2572.0518,5,False
21,UAV_180,38.8604622,100.9972458,2570.9026,1,False
21,UAV_181,38.9106216,101.0111618,2581.0537,3,False
21,UAV_182,38.8599739,101.0530472,2568.8318,4,False
21,UAV_183,38.8486786,100.9551544,2570.0095,1,False
21,UAV_184,38.7403641,100.9900208,2571.6018,5,False
21,UAV_185,38.8999062,101.0158539,2572.5598,1,False
21,UAV_186,38.8683968,101.0231552,2571.4531,1,False
21,UAV_187,38.8698387,101.09021,2572.6216,2,False
21,UAV_188,38.9152107,101.0065765,2577.9844,3,False
21,UAV_189,38.7815819,100.9932098,2570.9944,5,False
21,UAV_190,38.8940964,101.0136108,2576.3574,3,False
21,UAV_191,38.8927231,100.96418,2569.5159,1,False
21,UAV_192,38.825943,100.9786377,2572.1272,5,False
21,UAV_193,38.7801933,101.014183,2575.708,5,False
21,UAV_194,38.8663063,101.0570374,2577.3179,3,False
21,UAV_195,38.9698067,101.079071,2570.6729,2,False
21,UAV_196,38.9384117,101.0734863,2573.1067,2,False
21,UAV_197,38.9243698,101.0321045,2578.2014,3,False
21,UAV_198,38.8053665,101.031662,2577.2844,0,False
21,UAV_199,38.873394,101.0411224,2573.6426,2,False
21,UAV_200,38.7569618,101.109787,2572.678,0,False
21,UAV_201,38.9094162,101.0536346,2574.238,2,False
21,UAV_202,38.7656975,100.942337,2571.7544,5,False
21,UAV_203,38.8354416,101.0316391,2566.7756,4,False
21,UAV_204,38.8267784,101.0332413,2571.405,5,False
21,UAV_205,38.7747841,101.1236115,2572.7327,0,False
21,UAV_206,38.9049072,101.0367508,2569.0186,1,False
21,UAV_207,38.8502007,101.0408707,2571.9619,4,False
21,UAV_208,38.848835,101.0774002,2574.9089,0,False
21,UAV_209,38.886837,101.087616,2571.9421,2,False
21,UAV_210,38.9313812,101.0346527,2574.2488,2,False
21,UAV_211,38.7410889,101.0116577,2574.8542,5,False
21,UAV_212,38.7564507,101.0128403,2575.3369,5,False
21,UAV_213,38.7824135,101.0567703,2574.2952,0,False
21,UAV_214,38.827404,101.0597687,2575.6516,0,False
21,UAV_215,38.85746,101.1001053,2576.0562,2,False
21,UAV_216,38.7941856,100.9763718,2569.6177,5,False
21,UAV_217,38.8974724,101.135231,2568.5405,4,False
21,UAV_218,38.8436356,100.985878,2575.1528,3,False
21,UAV_219,38.7708511,101.0812454,2578.2312,0,False
21,UAV_220,38.8923798,101.0357437,2575.6604,3,False
21,UAV_221,38.8735008,101.0388184,2574.0623,2,False
21,UAV_222,38.8617744,101.0505219,2572.1082,2,False
21,UAV_223,38.8316193,101.0779419,2571.6357,4,False
21,UAV_224,38.8134041,100.9370575,2569.5615,5,False
21,UAV_225,38.8454475,101.0613708,2575.3516,0,False
21,UAV_226,38.7943687,100.9897842,2569.2502,5,False
21,UAV_227,38.846962,101.1178665,2580.4778,0,False
21,UAV_228,38.8074951,101.0632401,2575.5256,0,False
21,UAV_229,38.926651,101.0046997,2571.5525,1,False
21,UAV_230,38.8033218,101.1097794,2580.6536,0,False
21,UAV_231,38.8347549,101.0723801,2573.1404,0,False
21,UAV_232,38.8120117,100.9695129,2573.4438,5,False
21,UAV_233,38.7711983,100.9829941,2568.2539,5,False
21,UAV_234,38.8423538,100.9952316,2574.1794,5,False
21,UAV_235,38.80233,101.0298767,2572.9604,5,False
21,UAV_236,38.8689919,100.9674072,2574.5593,3,False
21,UAV_237,38.8470802,101.0847931,2573.6243,0,False
21,UAV_238,38.892128,101.0809784,2572.4578,2,False
21,UAV_239,38.8408203,101.065918,2572.7844,0,False
21,UAV_240,38.8439903,101.0484085,2572.8472,0,False
21,UAV_241,38.8489342,100.9758682,2568.6069,1,False
21,UAV_242,38.7777176,101.025795,2573.8374,5,False
21,UAV_243,38.8240852,100.9981613,2570.8018,5,False
21,UAV_244,38.79216,101.0872955,2573.7969,0,False
21,UAV_245,38.9493256,100.9881821,2576.1982,3,False
21,UAV_246,38.9098473,101.0089722,2575.2478,3,False
21,UAV_247,38.9341354,101.0630188,2572.0872,2,False
21,UAV_248,38.8178253,101.1103821,2572.2017,0,False
21,UAV_249,38.9368286,100.9781494,2578.1001,3,False
21,UAV_250,38.9076576,100.9903259,2574.7446,3,False
21,UAV_251,38.8525543,100.981308,2573.0415,5,False
21,UAV_252,38.7736626,101.1309509,2572.4434,0,False
21,UAV_253,38.8074989,101.0882416,2568.9458,4,False
21,UAV_254,38.8758812,101.0440674,2570.9558,1,False
21,UAV_255,38.8612785,101.008728,2569.9138,1,False
21,UAV_256,38.8991203,101.1174011,2567.7517,4,False
21,UAV_257,38.8508911,101.0760956,2573.2578,2,False
21,UAV_258,38.8945084,101.1246567,2576.9084,2,False
21,UAV_259,38.8012047,101.1476822,2578.113,0,False
21,UAV_260,38.8231812,101.0630493,2567.0234,4,False
21,UAV_261,38.902195,101.1165619,2571.2268,2,False
21,UAV_262,38.8983879,101.0788116,2573.3191,2,False
21,UAV_263,38.7920036,101.1437607,2577.9246,0,False
21,UAV_264,38.9285736,101.0653152,2571.0657,2,False
21,UAV_265,38.8584404,101.0587082,2573.5339,2,False
21,UAV_266,38.8767509,101.0960007,2567.3669,4,False
21,UAV_267,38.8839455,101.0990906,2572.3616,2,False
21,UAV_268,38.9237518,100.9695892,2575.301,3,False
21,UAV_269,38.9089203,101.0049515,2576.2808,3,False
21,UAV_270,38.7997971,101.0130844,2570.9021,5,False
21,UAV_271,38.8658943,100.9970703,2574.9526,3,False
21,UAV_272,38.7534752,100.9715805,2573.9702,5,False
21,UAV_273,38.8469162,101.0266037,2565.4695,4,False
21,UAV_274,38.8467407,101.0234299,2575.1355,3,False
21,UAV_275,38.8869171,100.973877,2575.9771,3,False
21,UAV_276,38.784874,101.0653915,2575.3308,0,False
21,UAV_277,38.7769966,100.9896698,2571.4897,5,False
21,UAV_278,38.7933464,101.0978622,2576.0583,0,False
21,UAV_279,38.8826103,101.090271,2575.3623,2,False
21,UAV_280,38.8151054,100.990921,2573.2722,5,False
21,UAV_281,38.9249115,101.0592194,2576.9514,2,False
21,UAV_282,38.8162994,101.1075516,2568.9509,4,False
21,UAV_283,38.90168,101.0917282,2570.6616,2,False
21,UAV_284,38.8955727,101.0109634,2573.5503,1,False
21,UAV_285,38.8431854,101.0849991,2576.2886,0,False
21,UAV_286,38.8030586,100.9506302,2569.7949,5,False
21,UAV_287,38.8447189,101.106781,2568.5896,4,False
21,UAV_288,38.9058762,101.0910339,2573.6162,2,False
21,UAV_289,38.9252205,101.1315002,2578.8389,2,False
21,UAV_290,38.7719841,100.9590988,2571.0938,5,False
21,UAV_291,38.8168983,101.0871048,2574.1157,0,False
21,UAV_292,38.8525772,101.0035553,2571.6301,1,False
21,UAV_293,38.869812,101.1071091,2572.9592,2,False
21,UAV_294,38.8431969,101.1384735,2578.9675,0,False
21,UAV_295,38.8744469,101.0958633,2575.6194,2,False
21,UAV_296,38.8422279,101.1048431,2567.4299,4,False
21,UAV_297,38.7921486,101.0037079,2571.0725,5,False
21,UAV_298,38.8559914,101.0444031,2569.585,4,False
21,UAV_299,38.783062,101.0554962,2574.104,0,False
21,UAV_300,38.8232956,100.9599457,2574.9067,5,False
21,UAV_301,38.7689667,101.1306992,2573.6116,0,False
21,UAV_302,38.7858009,101.1513367,2569.646,4,False
21,UAV_303,38.9018059,101.0973969,2569.593,4,False
21,UAV_304,38.9032745,101.0589523,2578.2097,3,False
21,UAV_305,38.8611832,100.9743118,2576.6384,3,False
21,UAV_306,38.8468933,101.0066605,2580.4397,3,False
21,UAV_307,38.7538528,100.9941864,2576.0735,5,False
21,UAV_308,38.8676529,101.1077728,2570.2544,4,False
21,UAV_309,38.9032707,101.076561,2575.155,2,False
21,UAV_310,38.8676186,100.989151,2577.4441,3,False
21,UAV_311,38.7579269,101.0228653,2573.2461,5,False
21,UAV_312,38.905571,101.0395889,2567.4285,1,False
21,UAV_313,38.8827095,101.0311661,2580.3027,3,False
21,UAV_314,38.8899231,100.9570923,2576.9548,3,False
21,UAV_315,38.8276863,101.0186691,2569.1199,5,False
21,UAV_316,38.9170532,101.033226,2574.9912,3,False
21,UAV_317,38.9315605,101.0325089,2576.4033,3,False
21,UAV_318,38.8072319,101.0769424,2576.6941,0,False
21,UAV_319,38.8686905,101.0219193,2574.2273,3,False
21,UAV_320,38.7740631,101.0537262,2575.3928,0,False
21,UAV_321,38.8874397,101.0630722,2572.9658,2,False
21,UAV_322,38.825531,101.0996017,2570.4167,4,False
21,UAV_323,38.7592964,101.0784149,2572.7727,0,False
21,UAV_324,38.8861923,101.027092,2572.9373,1,False
21,UAV_325,38.798336,101.1143036,2572.0596,0,False
21,UAV_326,38.8666344,101.1314621,2577.3843,2,False
21,UAV_327,38.8766174,101.0033798,2572.8123,1,False
21,UAV_328,38.816494,101.0045166,2577.7002,3,False
21,UAV_329,38.8071785,101.1121521,2576.6575,0,False
21,UAV_330,38.9188042,101.004715,2570.5261,1,True
21,UAV_331,38.926815,101.1111984,2568.9775,4,False
21,UAV_332,38.9058914,101.0430984,2571.9424,1,False
21,UAV_333,38.9528084,100.9830399,2570.2202,1,False
21,UAV_334,38.9358864,100.9587555,2576.5103,3,False
21,UAV_335,38.7906761,101.0327835,2575.6045,0,False
21,UAV_336,38.8330231,101.0045242,2572.521,5,False
21,UAV_337,38.8852692,101.0349884,2571.3345,1,False
21,UAV_338,38.7693405,101.0400162,2579.2717,0,False
21,UAV_339,38.8129272,101.1421204,2575.0693,0,False
21,UAV_340,38.8549423,100.9894257,2570.7876,1,False
21,UAV_341,38.8306885,101.0203629,2575.7231,3,False
21,UAV_342,38.906189,101.0529633,2574.2358,2,False
21,UAV_343,38.8189354,101.0678024,2572.916,0,False
21,UAV_344,38.9291801,101.1295929,2577.6453,2,False
21,UAV_345,38.8270416,101.0182343,2568.2268,4,False
21,UAV_346,38.8640327,101.0484085,2571.3899,4,False
21,UAV_347,38.8302841,101.0197296,2570.4763,5,False
21,UAV_348,38.8230476,101.0613251,2572.8777,0,False
21,UAV_349,38.8812904,100.9758224,2574.1362,3,False
21,UAV_350,38.827034,101.1214752,2575.8953,0,False
21,UAV_351,38.9059219,101.1340179,2569.4355,4,False
21,UAV_352,38.7566795,101.0340805,2570.3599,5,False
21,UAV_353,38.7828331,100.9640579,2570.188,5,False
21,UAV_354,38.7921371,100.9817047,2569.8442,5,False
21,UAV_355,38.8875732,101.0420227,2578.886,3,False
21,UAV_356,38.8185463,101.0371094,2573.6938,5,False
21,UAV_357,38.7672958,101.0237961,2578.7534,0,False
21,UAV_358,38.8705101,101.0818405,2576.4023,2,False
21,UAV_359,38.7722702,101.0075912,2575.1484,5,False
21,UAV_360,38.8417435,101.0995102,2567.5513,4,False
21,UAV_361,38.8744888,101.0767441,2573.3213,2,False
21,UAV_362,38.8297081,101.0926361,2568.4397,4,False
21,UAV_363,38.8244514,101.1194,2574.8555,0,False
21,UAV_364,38.8281326,101.0448151,2575.7537,0,False
21,UAV_365,38.8269424,101.0378647,2576.8074,3,True
21,UAV_366,38.806797,101.1106339,2574.1257,0,False
21,UAV_367,38.8775063,100.9950867,2576.6558,3,False
21,UAV_368,38.8793221,101.0584106,2571.9492,2,False
21,UAV_369,38.9062576,101.0946732,2573.3542,2,False
21,UAV_370,38.8539696,101.0243225,2571.3936,1,False
21,UAV_371,38.8755417,101.0305557,2569.5874,1,False
21,UAV_372,38.8815956,101.0372162,2572.8606,2,False
21,UAV_373,38.8570976,101.1043243,2569.5225,4,False
21,UAV_374,38.8176231,101.0524368,2574.9822,0,True
21,UAV_375,38.809597,101.0391769,2570.2844,5,False
21,UAV_376,38.7954941,101.0140381,2568.5183,5,False
21,UAV_377,38.8909302,101.0793839,2573.5359,2,False
21,UAV_378,38.875206,101.1053848,2573.8743,2,True
21,UAV_379,38.7734032,100.9995956,2572.5496,5,False
21,UAV_380,38.8201561,101.0061951,2576.4666,3,False
21,UAV_381,38.8920784,100.9971466,2574.6655,3,False
21,UAV_382,38.8854866,100.9426422,2575.9236,3,False
21,UAV_383,38.919899,101.0176315,2572.304,1,False
21,UAV_384,38.8885574,100.9873581,2571.604,1,False
21,UAV_385,38.7717133,101.1068878,2582.1211,0,False
21,UAV_386,38.8466072,101.0884018,2567.7163,4,False
21,UAV_387,38.9017258,101.0695343,2575.8347,2,False
21,UAV_388,38.8044815,101.0832901,2572.7058,0,False
21,UAV_389,38.8239555,101.1236572,2572.01,0,False
21,UAV_390,38.8389091,100.9945145,2572.9307,5,False
21,UAV_391,38.7726898,101.0771866,2572.6106,0,False
21,UAV_392,38.8025894,101.0609207,2575.4565,0,False
21,UAV_393,38.8994904,100.9905853,2570.822,1,False
21,UAV_394,38.9519005,101.0640564,2573.5667,2,False
21,UAV_395,38.8886795,100.9691544,2568.0403,1,False
21,UAV_396,38.9555244,101.0001068,2572.2766,1,False
21,UAV_397,38.8302994,101.0210648,2573.2478,5,False
21,UAV_398,38.8878593,101.0691452,2574.5784,2,False
21,UAV_399,38.868084,101.0709229,2573.053,2,False
21,UAV_400,38.8486938,101.032547,2575.4924,3,False
21,UAV_401,38.8935585,101.0063705,2570.084,1,False
21,UAV_402,38.8983498,101.0558701,2576.8159,2,False
21,UAV_403,38.9050102,101.0758514,2575.9116,2,False
21,UAV_404,38.8602371,101.027832,2575.7229,3,False
21,UAV_405,38.9016762,101.038826,2568.4316,1,False
21,UAV_406,38.8298912,101.0573959,2569.2351,4,False
21,UAV_407,38.8387032,101.0182495,2580.916,3,False
21,UAV_408,38.8009148,101.0641632,2573.8066,0,False
21,UAV_409,38.8806,101.0166855,2570.0198,1,False
21,UAV_410,38.7716904,101.0514069,2572.9036,0,False
21,UAV_411,38.8811455,101.0622101,2572.3499,2,False
21,UAV_412,38.7972794,100.9707489,2575.5049,5,False
21,UAV_413,38.8081665,101.0912704,2572.4412,0,False
21,UAV_414,38.830658,101.0477524,2571.7427,4,False
21,UAV_415,38.8783264,100.9660263,2575.8772,3,False
21,UAV_416,38.8453674,101.0235901,2573.3501,5,False
21,UAV_417,38.9108467,101.1204529,2570.9514,2,False
21,UAV_418,38.8955002,101.0349426,2577.0942,3,False
21,UAV_419,38.8426208,100.9601669,2580.6555,3,False
21,UAV_420,38.7818718,101.0067902,2576.9048,5,False
21,UAV_421,38.7503624,101.0556335,2575.571,0,False
21,UAV_422,38.8600578,100.986351,2572.2034,1,False
21,UAV_423,38.8793907,101.0889359,2575.6965,2,False
21,UAV_424,38.7909508,100.9512177,2572.4675,5,False
21,UAV_425,38.8876686,101.0621185,2572.2998,2,False
21,UAV_426,38.9196129,101.0733719,2575.9033,2,False
21,UAV_427,38.8426781,101.0364075,2575.636,3,False
21,UAV_428,38.8427811,100.9566803,2568.5657,1,False
21,UAV_429,38.8220139,100.9804993,2566.9817,5,False
21,UAV_430,38.7551041,101.0541153,2573.3547,0,False
21,UAV_431,38.7951546,101.0203323,2574.9058,5,False
21,UAV_432,38.8895035,101.0553284,2568.2449,4,False
21,UAV_433,38.9456177,101.0020676,2572.7334,1,False
21,UAV_434,38.8358536,100.9767838,2572.2361,5,False
21,UAV_435,38.8453102,100.9740067,2572.4412,5,False
21,UAV_436,38.7614326,101.0105743,2573.2,5,False
21,UAV_437,38.8838501,101.1221542,2573.8003,2,False
21,UAV_438,38.8660393,101.0027847,2570.7795,1,False
21,UAV_439,38.9264488,101.025589,2569.948,1,False
21,UAV_440,38.9297066,101.0162506,2575.8174,3,False
21,UAV_441,38.8123474,100.9553299,2575.0007,5,False
21,UAV_442,38.8570328,100.9949112,2574.5718,3,False
21,UAV_443,38.9247017,101.1500015,2573.1978,2,False
21,UAV_444,38.7985268,100.9906998,2573.5195,5,False
21,UAV_445,38.8122444,100.9857254,2572.8723,5,False
21,UAV_446,38.8676186,101.0864182,2569.9753,4,False
21,UAV_447,38.8866768,101.1071548,2567.7393,4,False
21,UAV_448,38.7765961,101.0351486,2572.3142,5,False
21,UAV_449,38.8083916,101.0641251,2569.9282,4,False
21,UAV_450,38.8434296,101.1199341,2574.9822,0,False
21,UAV_451,38.7853012,100.9912186,2575.6174,5,False
21,UAV_452,38.8670425,101.0885544,2573.1113,2,False
21,UAV_453,38.9224014,101.0566864,2573.3586,2,False
21,UAV_454,38.8284149,101.1029968,2581.7969,0,False
21,UAV_455,38.8217659,100.9858856,2572.8142,5,False
21,UAV_456,38.8262177,101.0432587,2570.0439,4,False
21,UAV_457,38.846447,101.039917,2573.1606,5,False
21,UAV_458,38.8524323,101.0358429,2571.8501,1,False
21,UAV_459,38.888813,101.0004044,2572.022,1,False
21,UAV_460,38.7589874,101.0747986,2574.6814,0,False
21,UAV_461,38.8862457,100.9542847,2571.5786,1,False
21,UAV_462,38.8760452,101.0975189,2573.3721,2,False
21,UAV_463,38.7815475,100.9945831,2574.8779,5,False
21,UAV_464,38.8633423,101.0087509,2577.1016,3,False
21,UAV_465,38.8589745,100.9665604,2566.011,1,False
21,UAV_466,38.9307404,101.0654831,2572.4292,2,False
21,UAV_467,38.8635254,101.0217743,2575.4656,3,False
21,UAV_468,38.7776299,101.0450592,2573.0483,5,False
21,UAV_469,38.8441658,101.0556259,2572.9402,0,False
21,UAV_470,38.8471222,101.0617828,2569.812,4,False
21,UAV_471,38.8119545,100.975708,2567.2532,5,False
21,UAV_472,38.8513069,101.0944824,2568.5754,4,False
21,UAV_473,38.8437386,101.114357,2572.4497,0,False
21,UAV_474,38.8141479,100.9661179,2573.0725,5,False
21,UAV_475,38.9244843,101.0267487,2568.9507,1,False
21,UAV_476,38.9272461,101.0618057,2575.0698,2,False
21,UAV_477,38.8428154,100.9937744,2573.094,5,False
21,UAV_478,38.9037056,100.9847717,2571.6782,1,False
21,UAV_479,38.8784065,101.0724335,2568.8503,4,True
21,UAV_480,38.8301697,101.0507126,2575.968,0,False
21,UAV_481,38.819931,100.977562,2570.7908,5,False
21,UAV_482,38.7890015,101.1074219,2575.9419,0,False
21,UAV_483,38.900177,101.111557,2575.1746,2,False
21,UAV_484,38.8348312,101.0606384,2577.124,0,False
21,UAV_485,38.8049736,101.019455,2575.6328,5,False
21,UAV_486,38.9131699,101.0451202,2577.406,3,False
21,UAV_487,38.9091835,101.0087585,2567.9866,1,False
21,UAV_488,38.825943,100.9824524,2571.2766,5,False
21,UAV_489,38.8289719,101.0203705,2573.9114,5,False
21,UAV_490,38.8516464,100.988205,2574.0481,3,False
21,UAV_491,38.9186172,101.040947,2569.8813,1,False
21,UAV_492,38.8453636,101.043541,2568.6418,4,False
21,UAV_493,38.7961273,101.0024033,2571.165,5,False
21,UAV_494,38.7914734,100.9973755,2572.9243,5,False
21,UAV_495,38.9376717,100.9980774,2577.9832,3,False
21,UAV_496,38.8320885,101.0307999,2565.053,4,False
21,UAV_497,38.8042183,101.0140686,2571.958,5,False
21,UAV_498,38.826355,101.0209274,2569.4956,5,False
21,UAV_499,38.8763161,100.9751816,2575.1165,3,False
21,UAV_500,38.8145752,101.0897675,2571.9036,0,False
22,UAV_001,38.8301735,101.0883102,2569.1738,1,False
22,UAV_002,38.8806839,100.9925385,2572.5205,0,False
22,UAV_003,38.8924026,101.0621033,2573.2483,2,False
22,UAV_004,38.7906799,101.0011368,2571.6362,3,False
22,UAV_005,38.8157234,101.0999756,2572.4124,1,False
22,UAV_006,38.796196,101.0781555,2573.7446,5,False
22,UAV_007,38.8936501,101.0983353,2576.0391,2,False
22,UAV_008,38.8811951,101.0584869,2566.6692,0,False
22,UAV_009,38.9147186,101.1017609,2568.9099,2,False
22,UAV_010,38.8658714,100.9369431,2571.5598,0,False
22,UAV_011,38.9047928,101.0372162,2570.0955,0,False
22,UAV_012,38.8471489,101.0270386,2573.0027,3,False
22,UAV_013,38.8511696,101.0550003,2572.6604,2,False
22,UAV_014,38.8473473,100.969017,2572.9419,3,False
22,UAV_015,38.8825111,100.964653,2571.438,0,False
22,UAV_016,38.9670219,100.9673538,2570.7437,0,False
22,UAV_017,38.8769722,101.0477066,2578.1545,4,False
22,UAV_018,38.8718529,100.9966507,2576.3853,4,False
22,UAV_019,38.8588409,101.0008469,2575.0327,4,False
22,UAV_020,38.8254776,100.9854889,2571.9192,3,False
22,UAV_021,38.8707771,101.0904236,2575.8357,2,False
22,UAV_022,38.8702087,100.9660187,2572.8589,0,False
22,UAV_023,38.8680992,100.9580307,2577.3403,4,False
22,UAV_024,38.8652802,101.0307541,2576.3076,4,False
22,UAV_025,38.8902664,101.0263748,2572.2351,0,False
22,UAV_026,38.8950081,101.0908279,2577.3018,2,False
22,UAV_027,38.8641014,101.0893631,2577.0979,5,False
22,UAV_028,38.9006157,101.1155624,2571.4102,2,False
22,UAV_029,38.8402367,101.0492172,2574.95,5,False
22,UAV_030,38.8384056,101.0203781,2569.0483,0,False
22,UAV_031,38.8499947,101.0287247,2576.3818,4,False
22,UAV_032,38.8491211,101.0840988,2571.8364,1,False
22,UAV_033,38.8853683,101.0787964,2572.0483,2,False
22,UAV_034,38.8974342,101.0471268,2574.1919,2,False
22,UAV_035,38.8318291,101.0324707,2577.3325,5,False
22,UAV_036,38.8864899,100.9914322,2570.3735,0,False
22,UAV_037,38.9193878,100.9766693,2569.1472,0,False
22,UAV_038,38.8978653,101.0228806,2571.5554,0,False
22,UAV_039,38.9531059,101.0054245,2573.5408,4,False
22,UAV_040,38.8509598,101.0329666,2574.7959,4,False
22,UAV_041,38.8461838,100.9954605,2574.8955,3,False
22,UAV_042,38.9291878,101.0612335,2574.7678,2,False
22,UAV_043,38.9016228,101.0971146,2575.6296,2,False
22,UAV_044,38.7523994,100.9968643,2569.8411,3,False
22,UAV_045,38.9474831,101.0251541,2569.0652,0,False
22,UAV_046,38.7967339,100.9771271,2575.9773,3,False
22,UAV_047,38.8824348,100.98349,2566.8123,0,False
22,UAV_048,38.9283409,101.0297394,2575.3977,4,False
22,UAV_049,38.7851753,101.0490875,2576.2881,5,False
22,UAV_050,38.896019,101.0322495,2571.5078,0,False
22,UAV_051,38.8907204,101.0355835,2574.5857,4,False
22,UAV_052,38.792984,101.0632019,2571.2122,1,False
22,UAV_053,38.8953476,101.0849991,2576.0308,2,False
22,UAV_054,38.8260193,101.0643158,2576.9946,5,False
22,UAV_055,38.7932053,101.0733337,2566.2341,1,False
22,UAV_056,38.8738899,101.0338974,2571.1809,0,False
22,UAV_057,38.8011017,101.0729065,2572.1907,1,False
22,UAV_058,38.8166389,101.0317001,2576.8147,5,False
22,UAV_059,38.8108978,101.0766449,2578.8308,5,False
22,UAV_060,38.7792244,101.0139618,2570.9316,3,False
22,UAV_061,38.8453445,101.0751877,2573.7502,5,False
22,UAV_062,38.8482666,101.0393448,2575.2041,5,False
22,UAV_063,38.9279785,100.9715881,2576.522,4,False
22,UAV_064,38.8859787,101.1404114,2569.8096,2,False
22,UAV_065,38.8946419,101.0443039,2575.2556,4,False
22,UAV_066,38.9237251,101.1169052,2572.512,2,False
22,UAV_067,38.9143181,101.004631,2572.7073,4,False
22,UAV_068,38.8806801,101.0244827,2572.5444,0,False
22,UAV_069,38.9283333,101.0804062,2572.7559,2,False
22,UAV_070,38.7922325,101.0220032,2573.7715,3,False
22,UAV_071,38.8229408,101.1312943,2576.5571,5,False
22,UAV_072,38.8649406,101.0290451,2573.991,4,False
22,UAV_073,38.7959824,101.0122299,2578.6748,3,False
22,UAV_074,38.804287,101.0128937,2574.7559,3,False
22,UAV_075,38.8148804,100.9843292,2574.8467,3,False
22,UAV_076,38.9014473,101.0192032,2576.1033,4,False
22,UAV_077,38.865181,101.1026611,2577.9307,5,False
22,UAV_078,38.9087868,101.0110703,2566.3806,0,False
22,UAV_079,38.907917,101.0509338,2573.876,2,False
22,UAV_080,38.9584541,101.088768,2569.2788,2,False
22,UAV_081,38.7591515,100.9941483,2578.6646,3,False
22,UAV_082,38.7903824,101.0743484,2578.0229,5,False
22,UAV_083,38.7401581,101.0070114,2570.823,3,False
22,UAV_084,38.8183784,101.0709534,2577.9819,5,False
22,UAV_085,38.8953934,101.0375214,2574.2949,4,False
22,UAV_086,38.8551903,101.1125412,2575.064,5,False
22,UAV_087,38.8104134,101.1290359,2580.2322,5,False
22,UAV_088,38.7842827,100.9757538,2576.1616,3,False
22,UAV_089,38.8555679,101.0597229,2571.7485,1,False
22,UAV_090,38.8761024,101.023613,2574.3237,4,False
22,UAV_091,38.8305779,101.0225296,2568.9338,0,False
22,UAV_092,38.8264427,100.9952393,2569.2607,0,False
22,UAV_093,38.911129,100.9681931,2568.2898,0,False
22,UAV_094,38.8011208,101.0131836,2573.8452,3,True
22,UAV_095,38.8556595,101.1052475,2576.6689,5,False
22,UAV_096,38.8605919,101.0656281,2574.8474,2,False
22,UAV_097,38.791008,100.9905167,2573.0879,3,False
22,UAV_098,38.8427086,101.0712509,2574.6255,5,False
22,UAV_099,38.9062424,101.0277939,2573.0715,4,False
22,UAV_100,38.9020691,101.1041489,2572.729,2,False
22,UAV_101,38.860939,100.9892654,2574.7803,4,False
22,UAV_102,38.8066292,101.0882645,2576.314,5,False
22,UAV_103,38.8335915,100.9721222,2572.4172,3,False
22,UAV_104,38.7986183,101.0208511,2581.6533,5,False
22,UAV_105,38.8916473,100.9922714,2569.4749,0,False
22,UAV_106,38.9080772,100.9961624,2568.2778,0,False
22,UAV_107,38.7884636,101.0735779,2570.335,1,False
22,UAV_108,38.9512253,100.9780121,2567.9697,0,False
22,UAV_109,38.8837547,101.0454483,2570.2175,0,False
22,UAV_110,38.8379059,101.0910187,2574.3928,5,False
22,UAV_111,38.8165321,100.9940414,2576.6199,3,False
22,UAV_112,38.8039589,100.9758835,2572.5701,3,False
22,UAV_113,38.8209953,100.9710312,2573.0442,3,False
22,UAV_114,38.8832207,101.0123901,2570.8909,0,False
22,UAV_115,38.8789673,101.0390244,2575.1807,4,False
22,UAV_116,38.8465157,101.0409088,2575.2253,5,False
22,UAV_117,38.8681984,100.944603,2578.2344,4,False
22,UAV_118,38.8018456,101.0077515,2573.7012,3,False
22,UAV_119,38.8076935,101.0600357,2571.0891,1,False
22,UAV_120,38.8535385,101.0709534,2574.3999,2,False
22,UAV_121,38.7810135,101.1047668,2570.1816,1,False
22,UAV_122,38.7885513,101.0347748,2574.7251,3,False
22,UAV_123,38.8591728,101.0426407,2571.8843,0,False
22,UAV_124,38.8756027,101.1224442,2581.4348,5,False
22,UAV_125,38.8302155,100.9983063,2571.7532,3,False
22,UAV_126,38.799614,101.0158463,2572.1855,3,False
22,UAV_127,38.9102478,101.0154877,2573.2029,4,False
22,UAV_128,38.8577232,100.9687347,2574.835,4,False
22,UAV_129,38.9491005,101.0298538,2575.877,4,False
22,UAV_130,38.7946053,101.0180893,2571.5308,3,False
22,UAV_131,38.8946495,100.9699631,2569.8699,0,False
22,UAV_132,38.930809,100.9881516,2573.8276,4,False
22,UAV_133,38.8795547,101.0448456,2569.9985,0,False
22,UAV_134,38.7482491,101.0053864,2573.7893,3,False
22,UAV_135,38.7812691,101.0542755,2576.0588,5,False
22,UAV_136,38.8269348,101.0506134,2568.4609,1,False
22,UAV_137,38.8402519,100.9875412,2570.8308,0,False
22,UAV_138,38.8145294,101.0571365,2573.4951,5,False
22,UAV_139,38.811058,101.0359802,2572.1694,3,False
22,UAV_140,38.8552055,101.0729218,2567.9609,1,False
22,UAV_141,38.7980385,100.9977875,2571.29,3,False
22,UAV_142,38.885479,101.1062851,2574.5544,2,False
22,UAV_143,38.7844543,100.9920044,2572.3704,3,False
22,UAV_144,38.84478,101.0800323,2571.8274,1,False
22,UAV_145,38.8651466,101.0987473,2569.196,1,False
22,UAV_146,38.9005661,100.942894,2567.4187,0,False
22,UAV_147,38.9159584,100.9928055,2567.8179,0,False
22,UAV_148,38.8085098,100.9898605,2577.4026,3,False
22,UAV_149,38.7793312,101.0764084,2574.1934,5,False
22,UAV_150,38.7773438,101.1127472,2574.6638,5,False
22,UAV_151,38.8241539,101.0881577,2570.2905,1,False
22,UAV_152,38.9371567,100.9619751,2575.1992,4,False
22,UAV_153,38.8211784,101.0844574,2574.4468,5,False
22,UAV_154,38.8381729,101.0812607,2571.5916,1,False
22,UAV_155,38.850235,100.9724731,2574.0139,3,False
22,UAV_156,38.8630066,101.0565872,2572.7163,2,False
22,UAV_157,38.7971497,101.1260223,2574.1604,5,False
22,UAV_158,38.8469048,101.083046,2572.259,1,False
22,UAV_159,38.8400345,101.0779953,2570.4443,1,False
22,UAV_160,38.8375816,100.9806213,2569.8225,0,True
22,UAV_161,38.9237251,101.1003189,2572.4819,2,False
22,UAV_162,38.8705826,101.0113754,2570.3069,0,False
22,UAV_163,38.7409286,101.0428238,2574.3918,3,False
22,UAV_164,38.7754936,100.9847183,2569.2217,3,False
22,UAV_165,38.8865776,100.9609146,2571.7432,0,False
22,UAV_166,38.8945389,101.0957947,2579.0452,2,False
22,UAV_167,38.9037781,101.0349579,2574.9915,4,False
22,UAV_168,38.7797585,101.0952835,2575.8477,5,True
22,UAV_169,38.8800316,101.0183563,2573.4817,4,False
22,UAV_170,38.8349419,101.1208344,2570.7854,1,False
22,UAV_171,38.8642311,101.0486908,2575.3508,4,False
22,UAV_172,38.8117523,101.0458527,2567.8418,1,False
22,UAV_173,38.7732735,100.9744339,2574.0222,3,False
22,UAV_174,38.8409233,101.0064087,2571.2961,0,False
22,UAV_175,38.8583488,101.0978699,2575.8228,5,False
22,UAV_176,38.7875519,101.1149368,2571.9617,1,False
22,UAV_177,38.8057823,101.0897293,2575.6545,5,False
22,UAV_178,38.8739052,101.0106277,2572.0581,0,False
22,UAV_179,38.8274536,101.0096512,2568.6565,0,False
22,UAV_180,38.8601341,100.9976654,2571.5334,0,False
22,UAV_181,38.9077644,101.0127411,2573.0039,4,False
22,UAV_182,38.8601341,101.0528717,2568.8125,0,False
22,UAV_183,38.8476219,100.9541473,2570.8977,0,False
22,UAV_184,38.7421494,100.9871292,2564.697,0,False
22,UAV_185,38.8995705,101.0136871,2568.1936,0,False
22,UAV_186,38.8684502,101.021637,2566.3818,0,False
22,UAV_187,38.8716431,101.0906677,2574.0032,2,False
22,UAV_188,38.9151688,101.0067368,2577.6587,4,False
22,UAV_189,38.7806473,100.9925079,2575.5098,3,False
22,UAV_190,38.8908653,101.0160446,2576.4607,4,False
22,UAV_191,38.8935699,100.9640503,2576.0776,4,False
22,UAV_192,38.8190956,100.9854736,2572.0417,3,False
22,UAV_193,38.7825432,101.0186844,2574.7817,3,False
22,UAV_194,38.8640137,101.057045,2573.6362,2,False
22,UAV_195,38.9200058,101.1276474,2571.4717,2,False
22,UAV_196,38.8751945,101.1199417,2574.5725,2,False
22,UAV_197,38.923851,101.0322189,2574.9844,4,False
22,UAV_198,38.8053169,101.0318985,2573.3103,3,False
22,UAV_199,38.8728485,101.0412827,2576.2485,4,False
22,UAV_200,38.7559204,101.1109543,2577.8713,5,False
22,UAV_201,38.9142494,101.0566254,2579.1497,4,False
22,UAV_202,38.7753868,100.9421463,2578.1428,3,False
22,UAV_203,38.83461,101.0310898,2567.4421,0,False
22,UAV_204,38.8252945,101.0300903,2572.6873,3,False
22,UAV_205,38.7745781,101.1246109,2577.6746,5,False
22,UAV_206,38.90485,101.0356979,2572.4031,2,False
22,UAV_207,38.8504295,101.0409546,2573.3965,2,False
22,UAV_208,38.8489761,101.0768661,2570.374,1,False
22,UAV_209,38.8979874,101.1435394,2574.7588,2,False
22,UAV_210,38.9325943,101.0353622,2573.2876,4,False
22,UAV_211,38.7305756,100.9779434,2574.8391,3,False
22,UAV_212,38.7582626,101.0143051,2576.6936,3,False
22,UAV_213,38.7755089,101.0520935,2573.0129,3,False
22,UAV_214,38.8273773,101.0598221,2575.8767,5,False
22,UAV_215,38.8524628,101.1003342,2572.7014,2,False
22,UAV_216,38.7944717,100.9734955,2573.4028,3,False
22,UAV_217,38.935482,101.0966187,2570.7866,2,False
22,UAV_218,38.8364792,100.9859619,2576.1379,3,False
22,UAV_219,38.7707596,101.0814819,2578.5713,5,False
22,UAV_220,38.8921928,101.036087,2574.3037,4,False
22,UAV_221,38.8735123,101.0391769,2577.4331,4,False
22,UAV_222,38.8613815,101.0495453,2568.4373,0,False
22,UAV_223,38.8302345,101.0765686,2570.376,1,False
22,UAV_224,38.8174019,100.9371567,2574.252,3,False
22,UAV_225,38.8692818,101.0748672,2575.4194,2,False
22,UAV_226,38.7915916,100.9902267,2571.1091,3,False
22,UAV_227,38.8468437,101.118187,2575.4065,5,False
22,UAV_228,38.8026619,101.0634613,2573.6646,5,False
22,UAV_229,38.9328346,101.0046005,2573.3931,4,False
22,UAV_230,38.7948189,101.1097565,2573.9995,5,False
22,UAV_231,38.8308563,101.0704193,2569.6733,1,False
22,UAV_232,38.8160706,100.9701843,2574.7131,3,False
22,UAV_233,38.7720757,100.9821548,2570.0515,3,False
22,UAV_234,38.8402023,100.9951935,2575.2424,3,False
22,UAV_235,38.8007393,101.032608,2577.7339,5,False
22,UAV_236,38.8721428,100.9682083,2577.4121,4,False
22,UAV_237,38.8527985,101.081131,2576.5625,5,False
22,UAV_238,38.8897438,101.0820923,2574.2788,2,False
22,UAV_239,38.842453,101.0657196,2574.1448,5,False
22,UAV_240,38.8444366,101.0500488,2568.9556,1,False
22,UAV_241,38.8473358,100.9757767,2571.3413,0,False
22,UAV_242,38.7775726,101.0267181,2575.6758,3,False
22,UAV_243,38.8240089,100.9980927,2570.8362,0,False
22,UAV_244,38.7930984,101.0864716,2571.8186,1,False
22,UAV_245,38.9461746,100.9972763,2575.7188,4,True
22,UAV_246,38.9129257,101.0087357,2570.9363,0,False
22,UAV_247,38.9351006,101.0630417,2572.9558,2,False
22,UAV_248,38.8047905,101.1072617,2570.3386,1,False
22,UAV_249,38.934063,100.9820786,2574.8203,4,False
22,UAV_250,38.8958969,100.9707794,2570.1218,0,False
22,UAV_251,38.8528366,100.980011,2572.7986,0,False
22,UAV_252,38.7722931,101.1303406,2570.3086,1,False
22,UAV_253,38.809063,101.0857086,2573.0679,5,False
22,UAV_254,38.8765488,101.0431213,2569.6382,0,False
22,UAV_255,38.8619232,101.006218,2569.646,0,False
22,UAV_256,38.8997459,101.1169815,2576.6152,2,False
22,UAV_257,38.8504143,101.0758591,2573.2529,2,False
22,UAV_258,38.8536873,101.0630875,2573.802,2,False
22,UAV_259,38.8047867,101.1423645,2573.6372,5,False
22,UAV_260,38.823246,101.0629807,2571.0085,1,False
22,UAV_261,38.8603134,101.1101456,2573.2373,2,False
22,UAV_262,38.8928909,101.0829926,2573.4224,2,False
22,UAV_263,38.7918091,101.1444244,2569.0176,1,False
22,UAV_264,38.9304695,101.0640182,2570.8489,2,False
22,UAV_265,38.8609467,101.056427,2572.2581,2,False
22,UAV_266,38.876461,101.094986,2575.3442,2,False
22,UAV_267,38.8830261,101.0993271,2578.0752,2,False
22,UAV_268,38.9236794,100.9696503,2577.9688,4,False
22,UAV_269,38.9060249,101.0075989,2578.2834,4,False
22,UAV_270,38.7987518,101.0133667,2573.999,3,False
22,UAV_271,38.8658485,100.9971695,2577.7493,4,False
22,UAV_272,38.7492294,100.9784927,2574.0151,3,False
22,UAV_273,38.8473511,101.0262222,2570.5422,0,False
22,UAV_274,38.8458748,101.0236435,2571.1243,0,False
22,UAV_275,38.8836288,100.9768753,2581.748,4,False
22,UAV_276,38.7815895,101.0649185,2575.8833,5,False
22,UAV_277,38.7754784,100.9891739,2575.1316,3,False
22,UAV_278,38.7935257,101.0973206,2567.3257,1,False
22,UAV_279,38.8801155,101.090271,2577.021,2,False
22,UAV_280,38.8118362,100.993721,2573.3801,3,False
22,UAV_281,38.9233017,101.0637512,2576.9155,4,False
22,UAV_282,38.8191414,101.1025162,2573.8899,5,False
22,UAV_283,38.9009628,101.0915604,2570.335,2,False
22,UAV_284,38.8926506,101.0126953,2573.9392,4,False
22,UAV_285,38.842144,101.0850677,2573.7317,5,False
22,UAV_286,38.8110237,100.9489136,2569.6985,0,False
22,UAV_287,38.844635,101.105545,2568.5627,1,False
22,UAV_288,38.9057693,101.0912323,2572.6426,2,False
22,UAV_289,38.9220467,101.1357574,2575.0164,2,False
22,UAV_290,38.7876968,100.9698715,2575.1184,3,False
22,UAV_291,38.8047714,101.0567398,2574.6599,5,False
22,UAV_292,38.8514786,101.0038376,2572.8491,0,False
22,UAV_293,38.872364,101.1054077,2572.4312,2,False
22,UAV_294,38.8436813,101.1389847,2570.4099,1,False
22,UAV_295,38.8873024,101.0845642,2571.4023,2,False
22,UAV_296,38.8424377,101.1046906,2569.8567,1,False
22,UAV_297,38.7944183,101.0054321,2572.5984,3,False
22,UAV_298,38.8648148,101.0432739,2572.1577,2,False
22,UAV_299,38.7824745,101.0556107,2574.2144,5,False
22,UAV_300,38.8231354,100.9598312,2569.8577,0,False
22,UAV_301,38.7873383,101.122757,2576.9412,5,False
22,UAV_302,38.7841949,101.1509323,2573.9294,5,False
22,UAV_303,38.9017067,101.0958023,2571.2915,2,False
22,UAV_304,38.9038239,101.0607834,2574.9744,2,False
22,UAV_305,38.8611412,100.9744492,2575.6907,4,False
22,UAV_306,38.8473663,101.0087814,2576.5339,4,False
22,UAV_307,38.7677193,101.0016556,2578.5667,3,False
22,UAV_308,38.8665428,101.1066589,2569.5706,1,False
22,UAV_309,38.9031868,101.0787048,2576.3577,2,False
22,UAV_310,38.8712082,100.9930649,2575.1067,4,False
22,UAV_311,38.7582169,101.0205002,2569.7397,3,False
22,UAV_312,38.9057617,101.0384445,2574.8533,4,False
22,UAV_313,38.8804398,101.0334549,2571.4407,0,False
22,UAV_314,38.8877335,100.957077,2573.1326,4,False
22,UAV_315,38.8293266,100.9662323,2573.0891,3,False
22,UAV_316,38.9174728,101.0358505,2577.0559,4,False
22,UAV_317,38.9343948,101.0354843,2574.1782,4,False
22,UAV_318,38.8065529,101.0771027,2571.8562,1,False
22,UAV_319,38.862072,101.0251312,2576.2637,4,False
22,UAV_320,38.7923927,101.0658722,2573.9993,5,False
22,UAV_321,38.8900604,101.0404129,2573.0732,2,False
22,UAV_322,38.8279495,101.0993805,2571.6025,1,False
22,UAV_323,38.7867966,101.0229263,2573.4785,3,False
22,UAV_324,38.8869476,101.0274887,2576.5166,4,False
22,UAV_325,38.7984772,101.1139526,2578.4492,5,False
22,UAV_326,38.866478,101.131752,2575.6387,2,False
22,UAV_327,38.8766289,101.0052719,2575.5386,4,False
22,UAV_328,38.8003387,100.9590759,2570.7607,3,False
22,UAV_329,38.7458229,101.1326294,2571.0657,1,False
22,UAV_330,38.9183464,101.0044785,2578.0696,4,False
22,UAV_331,38.9266396,101.1095657,2568.7947,2,False
22,UAV_332,38.9066887,101.0430756,2571.8518,2,False
22,UAV_333,38.953125,100.9818268,2572.0945,4,False
22,UAV_334,38.9233322,100.9742279,2574.2693,4,False
22,UAV_335,38.7940941,101.0339737,2574.0698,3,False
22,UAV_336,38.8369026,101.0044556,2575.1719,3,False
22,UAV_337,38.8856201,101.0354843,2572.5581,2,False
22,UAV_338,38.7668304,101.0400162,2573.3928,3,False
22,UAV_339,38.8163795,101.1409836,2573.7749,5,False
22,UAV_340,38.8559647,100.9881058,2571.8127,0,False
22,UAV_341,38.8338966,101.020256,2572.8408,3,False
22,UAV_342,38.8608208,101.0724945,2572.4348,2,False
22,UAV_343,38.8368835,101.065361,2568.9719,1,False
22,UAV_344,38.9293137,101.1298141,2571.0718,2,False
22,UAV_345,38.8270264,101.0179214,2573.7173,3,False
22,UAV_346,38.8641243,101.0420151,2567.6992,0,False
22,UAV_347,38.8286858,101.0196304,2566.9456,0,False
22,UAV_348,38.8214569,101.0613022,2571.8628,1,False
22,UAV_349,38.9236259,100.9327393,2575.0786,4,False
22,UAV_350,38.8174095,101.1215897,2573.3601,5,False
22,UAV_351,38.9048386,101.1336441,2573.1152,2,False
22,UAV_352,38.7520752,101.0112762,2573.3206,3,False
22,UAV_353,38.7797356,100.9671707,2574.4358,3,False
22,UAV_354,38.7917595,100.9812469,2568.2483,0,False
22,UAV_355,38.8891678,101.0424271,2573.2195,2,False
22,UAV_356,38.8183632,101.0366592,2571.2483,1,False
22,UAV_357,38.7996826,101.0190659,2572.1921,3,False
22,UAV_358,38.8695679,101.0850754,2575.002,2,False
22,UAV_359,38.7935181,100.9519653,2573.717,3,False
22,UAV_360,38.8384705,101.0974579,2569.4944,1,False
22,UAV_361,38.8716927,101.0713043,2572.6458,2,False
22,UAV_362,38.829464,101.0919952,2568.5593,1,False
22,UAV_363,38.8230286,101.1184387,2571.5664,1,False
22,UAV_364,38.8312416,101.0392303,2574.7173,5,False
22,UAV_365,38.8306313,101.0417709,2574.2258,5,False
22,UAV_366,38.8056831,101.1145935,2576.3738,5,False
22,UAV_367,38.8745117,100.9980011,2577.4775,4,False
22,UAV_368,38.8788872,101.0567703,2568.5425,0,False
22,UAV_369,38.9249573,101.0962524,2575.865,2,False
22,UAV_370,38.8540268,101.024086,2571.6235,0,False
22,UAV_371,38.8756714,101.0304718,2568.6855,0,False
22,UAV_372,38.8816833,101.0375061,2577.9255,4,False
22,UAV_373,38.8587914,101.1014938,2567.301,1,False
22,UAV_374,38.8185501,101.0524216,2574.9944,5,False
22,UAV_375,38.8096771,101.0390015,2572.0315,3,False
22,UAV_376,38.7956161,101.0138474,2572.0254,3,False
22,UAV_377,38.889328,101.0846939,2571.5842,2,False
22,UAV_378,38.8758965,101.1072998,2575.3298,2,False
22,UAV_379,38.7709007,100.9996033,2569.7209,3,False
22,UAV_380,38.818512,101.0061798,2572.4417,3,False
22,UAV_381,38.8890686,101.002594,2578.5586,4,False
22,UAV_382,38.8982162,100.932991,2573.3301,4,False
22,UAV_383,38.9200363,101.0176849,2573.8865,4,False
22,UAV_384,38.8885193,100.9871063,2570.8152,0,False
22,UAV_385,38.7684479,101.1096802,2574.1768,5,False
22,UAV_386,38.8468666,101.0882339,2567.6155,1,False
22,UAV_387,38.9025841,101.0714264,2573.6885,2,False
22,UAV_388,38.8042603,101.0833893,2569.6216,1,False
22,UAV_389,38.8267403,101.1220703,2570.9099,1,False
22,UAV_390,38.840332,100.9943237,2574.3862,3,False
22,UAV_391,38.7726173,101.0774612,2574.6313,5,False
22,UAV_392,38.8020134,101.061203,2576.3882,5,False
22,UAV_393,38.8990936,100.9905701,2571.1836,0,False
22,UAV_394,38.9523201,101.0641403,2574.3743,2,False
22,UAV_395,38.8897438,100.9682388,2569.7825,0,False
22,UAV_396,38.9548302,100.9986877,2567.0161,0,False
22,UAV_397,38.8304977,101.0207367,2572.6907,3,False
22,UAV_398,38.8876991,101.0678558,2573.4749,2,True
22,UAV_399,38.8701744,101.0703278,2574.5444,2,False
22,UAV_400,38.8488503,101.0333633,2575.5334,4,False
22,UAV_401,38.8919411,101.0050964,2570.2983,0,False
22,UAV_402,38.8963394,101.0620422,2580.1528,4,False
22,UAV_403,38.9081497,101.0772095,2576.6497,2,False
22,UAV_404,38.8577271,101.027832,2576.4656,4,False
22,UAV_405,38.8976822,101.0365982,2569.5356,0,False
22,UAV_406,38.8275375,101.0574417,2578.8486,5,False
22,UAV_407,38.8146591,101.0356598,2575.189,5,False
22,UAV_408,38.8009071,101.0643234,2577.1638,5,False
22,UAV_409,38.8805161,101.016571,2577.9539,4,False
22,UAV_410,38.7711678,101.0514526,2577.3186,5,False
22,UAV_411,38.8794098,101.0622177,2574.0676,2,False
22,UAV_412,38.7968292,100.9725952,2577.2263,3,False
22,UAV_413,38.8081284,101.0902176,2567.9624,1,False
22,UAV_414,38.846344,101.0263901,2571.2305,0,False
22,UAV_415,38.8704681,100.9693222,2575.854,4,False
22,UAV_416,38.8487091,101.0235291,2571.771,0,False
22,UAV_417,38.9109955,101.1204071,2565.9763,1,False
22,UAV_418,38.8900528,101.0344391,2567.8657,0,False
22,UAV_419,38.8377762,100.960289,2577.0962,3,False
22,UAV_420,38.7794914,101.0067825,2574.1333,3,False
22,UAV_421,38.7491493,101.0574799,2570.7666,1,False
22,UAV_422,38.860817,100.9853897,2575.1917,4,False
22,UAV_423,38.8798485,101.0912704,2577.1179,2,False
22,UAV_424,38.7980728,100.9513168,2570.7883,3,False
22,UAV_425,38.8876686,101.0625381,2579.0063,4,False
22,UAV_426,38.9087143,101.0794296,2572.6069,2,False
22,UAV_427,38.8429337,101.036644,2574.9773,5,False
22,UAV_428,38.8441811,100.9552917,2570.575,0,False
22,UAV_429,38.8247375,100.9761276,2571.2659,3,False
22,UAV_430,38.7539101,101.0528488,2566.4739,1,False
22,UAV_431,38.7935219,101.0220184,2575.5969,3,False
22,UAV_432,38.9195633,101.0551987,2576.3091,4,False
22,UAV_433,38.946106,101.0062485,2577.3223,4,False
22,UAV_434,38.8351593,100.9753723,2568.7981,0,False
22,UAV_435,38.8475647,100.9734497,2571.0815,0,False
22,UAV_436,38.7596321,101.0080109,2571.793,3,False
22,UAV_437,38.8826637,101.1223984,2576.28,2,False
22,UAV_438,38.8647652,101.0015869,2566.8501,0,False
22,UAV_439,38.9232941,101.0287018,2575.885,4,False
22,UAV_440,38.9292641,101.0141296,2569.4143,0,False
22,UAV_441,38.8159103,100.9553909,2573.1416,3,False
22,UAV_442,38.8566551,100.9925003,2571.9468,0,False
22,UAV_443,38.9023857,101.0947952,2573.2141,2,False
22,UAV_444,38.7960243,100.9906998,2577.8108,3,False
22,UAV_445,38.8122444,100.9828568,2570.7161,3,False
22,UAV_446,38.8663635,101.08638,2569.9441,1,True
22,UAV_447,38.8860741,101.1046524,2571.0161,2,False
22,UAV_448,38.7762222,101.0342026,2573.8206,3,False
22,UAV_449,38.8084297,101.0640106,2576.0393,5,False
22,UAV_450,38.8360329,101.1244431,2574.6016,5,False
22,UAV_451,38.7872543,100.9925385,2576.2988,3,False
22,UAV_452,38.8664169,101.0883408,2572.5164,2,False
22,UAV_453,38.9203758,101.0593872,2574.5356,2,False
22,UAV_454,38.8199844,101.1029739,2572.2695,1,False
22,UAV_455,38.8193474,100.985878,2576.6282,3,False
22,UAV_456,38.8263626,101.0421371,2569.8132,1,False
22,UAV_457,38.8469048,101.0395432,2575.2024,5,False
22,UAV_458,38.8525429,101.0330505,2568.519,0,False
22,UAV_459,38.8885536,101.000061,2570.4846,0,False
22,UAV_460,38.7575531,101.0729523,2572.3193,1,False
22,UAV_461,38.8893471,100.9537125,2573.7178,4,False
22,UAV_462,38.8794365,101.1011124,2569.6152,1,False
22,UAV_463,38.7820129,100.9945679,2575.572,3,False
22,UAV_464,38.8664398,100.969986,2577.4429,4,False
22,UAV_465,38.8616905,100.9658051,2571.8992,0,False
22,UAV_466,38.9352455,101.0665894,2574.3533,2,False
22,UAV_467,38.8177376,101.0617599,2570.1755,1,False
22,UAV_468,38.7464371,101.0043182,2576.8904,3,False
22,UAV_469,38.8438606,101.0559387,2578.6416,5,False
22,UAV_470,38.8470078,101.0617599,2573.4856,2,False
22,UAV_471,38.812252,100.9745102,2576.5808,3,False
22,UAV_472,38.8650627,101.0910721,2571.9263,2,False
22,UAV_473,38.8382607,101.1174774,2573.3135,5,False
22,UAV_474,38.8122673,100.9685059,2573.2012,3,False
22,UAV_475,38.9252014,101.0265732,2571.0947,0,False
22,UAV_476,38.9243279,101.0644684,2574.2893,2,False
22,UAV_477,38.8492508,100.9917831,2572.0718,0,False
22,UAV_478,38.9044647,100.9849396,2575.1052,4,False
22,UAV_479,38.8778534,101.0709152,2571.9011,2,False
22,UAV_480,38.826973,101.0522003,2574.4067,5,False
22,UAV_481,38.8198662,100.9776154,2578.8545,3,False
22,UAV_482,38.7897758,101.1095428,2576.0745,5,False
22,UAV_483,38.9002419,101.110733,2572.5918,2,False
22,UAV_484,38.8381996,101.0607147,2574.178,5,False
22,UAV_485,38.805542,101.0182571,2570.22,3,False
22,UAV_486,38.9119072,101.0450821,2572.9434,2,False
22,UAV_487,38.908287,101.0081406,2568.5259,0,False
22,UAV_488,38.8371315,100.9781723,2568.6455,0,False
22,UAV_489,38.8299522,101.0196381,2569.8384,0,False
22,UAV_490,38.8444862,100.9882736,2573.2249,3,False
22,UAV_491,38.917263,101.0410843,2575.2034,4,False
22,UAV_492,38.8445015,101.0431824,2564.9795,0,False
22,UAV_493,38.8140106,101.0533371,2569.01,1,False
22,UAV_494,38.7905426,100.9971313,2576.2993,3,False
22,UAV_495,38.9369926,101.0023193,2574.2737,4,False
22,UAV_496,38.8346786,101.0281448,2575.9016,5,False
22,UAV_497,38.802845,101.012291,2567.0752,0,False
22,UAV_498,38.8301201,101.0204544,2573.3201,3,False
22,UAV_499,38.8739662,100.975174,2576.5896,4,False
22,UAV_500,38.8170853,101.0892944,2578.7056,5,False
23,UAV_001,38.830143,101.087738,2566.0583,4,False
23,UAV_002,38.8791885,100.9923172,2571.9685,5,False
23,UAV_003,38.8915901,101.0608521,2567.8345,4,False
23,UAV_004,38.7887268,101.0011368,2575.5701,1,False
23,UAV_005,38.8157158,101.099884,2571.3386,2,False
23,UAV_006,38.8027649,101.0776901,2572.4446,2,False
23,UAV_007,38.8948441,101.0991821,2570.1509,4,True
23,UAV_008,38.8806534,101.0569534,2573.8113,0,False
23,UAV_009,38.9145279,101.1016006,2569.4414,4,False
23,UAV_010,38.8693924,100.9355698,2568.6465,5,False
23,UAV_011,38.9041405,101.0497742,2575.6802,0,False
23,UAV_012,38.8166275,101.0428925,2576.6594,2,False
23,UAV_013,38.850502,101.0548706,2571.615,4,False
23,UAV_014,38.8526726,100.972374,2575.5032,1,False
23,UAV_015,38.8829269,100.9631195,2568.4692,5,False
23,UAV_016,38.9672165,100.9659576,2574.4443,5,False
23,UAV_017,38.8801231,101.0482101,2576.4321,0,False
23,UAV_018,38.8750267,100.9975967,2577.2632,1,False
23,UAV_019,38.8243523,100.9855576,2570.3162,3,False
23,UAV_020,38.8287125,100.9859161,2575.0879,1,False
23,UAV_021,38.8865471,101.0783157,2569.676,4,False
23,UAV_022,38.8714714,100.9621964,2571.8716,5,False
23,UAV_023,38.867527,100.9584045,2574.429,1,False
23,UAV_024,38.8633308,101.0307693,2575.7671,0,False
23,UAV_025,38.8908234,101.0280685,2574.5029,0,False
23,UAV_026,38.8940048,101.0924377,2572.1851,4,False
23,UAV_027,38.8577156,101.0876389,2576.033,0,False
23,UAV_028,38.9004936,101.11409,2569.8359,4,False
23,UAV_029,38.8418579,101.0508194,2573.7354,2,False
23,UAV_030,38.8369713,101.0198517,2561.0125,3,False
23,UAV_031,38.8488312,101.0289536,2573.1047,1,False
23,UAV_032,38.8478508,101.0834808,2573.2053,2,False
23,UAV_033,38.8851547,101.0790329,2574.6467,0,False
23,UAV_034,38.8964233,101.0473251,2575.6382,0,False
23,UAV_035,38.8316498,101.0327225,2576.4407,1,False
23,UAV_036,38.8815613,100.9883347,2571.1609,5,False
23,UAV_037,38.9174042,100.9760666,2569.1543,5,False
23,UAV_038,38.8966866,101.0231247,2574.571,0,False
23,UAV_039,38.9518166,101.0054703,2574.8088,0,False
23,UAV_040,38.8446083,101.0327301,2573.5764,1,False
23,UAV_041,38.8433914,100.9979553,2571.6748,1,False
23,UAV_042,38.9318428,101.0654678,2576.8369,0,False
23,UAV_043,38.9032478,101.0986557,2579.0786,0,False
23,UAV_044,38.7556267,100.9947739,2567.3706,3,False
23,UAV_045,38.946991,101.0236511,2570.6189,5,False
23,UAV_046,38.7975388,100.9791641,2577.2122,1,False
23,UAV_047,38.8821602,100.9824066,2575.8625,1,False
23,UAV_048,38.9336777,101.0307083,2575.9834,0,False
23,UAV_049,38.7862549,101.049614,2573.9973,2,False
23,UAV_050,38.8962517,101.0320663,2571.3159,5,False
23,UAV_051,38.8881111,101.0338593,2571.3882,5,False
23,UAV_052,38.796833,101.0647583,2573.9873,2,False
23,UAV_053,38.8921738,101.0833282,2572.8274,4,False
23,UAV_054,38.8260574,101.064003,2578.2515,2,False
23,UAV_055,38.7944374,101.072998,2570.7627,3,False
23,UAV_056,38.8690224,101.0348892,2580.7966,0,False
23,UAV_057,38.8011856,101.071434,2570.4617,3,False
23,UAV_058,38.8160248,101.0322266,2573.5247,1,False
23,UAV_059,38.8338547,101.0342636,2569.2466,3,False
23,UAV_060,38.7792397,101.0122528,2568.0442,3,False
23,UAV_061,38.844368,101.078476,2575.0874,2,False
23,UAV_062,38.8512192,101.0319672,2573.3623,1,False
23,UAV_063,38.9251556,100.9737015,2573.8687,5,False
23,UAV_064,38.8879967,101.1397018,2573.8088,4,False
23,UAV_065,38.8916206,101.0457153,2577.7725,0,False
23,UAV_066,38.9236908,101.1153564,2566.3027,4,False
23,UAV_067,38.8970108,101.0072556,2575.459,0,True
23,UAV_068,38.8793793,101.0225906,2571.6748,5,False
23,UAV_069,38.924778,101.0819244,2573.0537,0,False
23,UAV_070,38.7915573,101.0221634,2576.9111,1,False
23,UAV_071,38.822403,101.1315842,2574.3218,2,False
23,UAV_072,38.8656006,101.0325165,2576.6934,0,False
23,UAV_073,38.7935982,101.0122299,2575.1985,1,False
23,UAV_074,38.7995148,101.0147171,2572.8887,1,False
23,UAV_075,38.8149147,100.9844513,2578.9744,1,False
23,UAV_076,38.9033012,101.0188675,2572.8354,5,False
23,UAV_077,38.844593,101.0939713,2570.675,4,False
23,UAV_078,38.9087601,101.0110245,2569.2625,5,False
23,UAV_079,38.9074783,101.0513687,2574.7529,0,False
23,UAV_080,38.95821,101.0871811,2568.2207,4,False
23,UAV_081,38.7590256,101.0004807,2575.634,1,False
23,UAV_082,38.7891846,101.075264,2574.3323,2,False
23,UAV_083,38.7408295,101.0053558,2573.6658,1,False
23,UAV_084,38.8164291,101.070961,2576.3772,2,False
23,UAV_085,38.898571,101.0374908,2576.5793,0,False
23,UAV_086,38.8518448,101.1032257,2571.4243,4,False
23,UAV_087,38.8072052,101.1317978,2568.9673,4,False
23,UAV_088,38.7841835,100.9808273,2575.0359,1,False
23,UAV_089,38.8549385,101.0589981,2573.8611,0,False
23,UAV_090,38.8760262,101.0239182,2571.564,5,False
23,UAV_091,38.8302841,101.0224915,2568.1104,3,False
23,UAV_092,38.826519,100.995163,2569.5212,3,False
23,UAV_093,38.8993149,100.9422455,2572.033,5,False
23,UAV_094,38.79916,101.0141983,2575.3245,1,False
23,UAV_095,38.8554611,101.1053925,2574.5581,2,False
23,UAV_096,38.8601913,101.0653229,2574.5242,0,False
23,UAV_097,38.8050919,100.9602203,2574.3394,1,False
23,UAV_098,38.8569832,101.101326,2574.6631,2,False
23,UAV_099,38.907299,101.0277405,2572.4426,5,False
23,UAV_100,38.9017296,101.1023483,2570.5486,4,False
23,UAV_101,38.8609543,100.9976044,2576.2976,1,False
23,UAV_102,38.8069229,101.089653,2578.4685,2,False
23,UAV_103,38.8600769,100.9461899,2575.1555,1,False
23,UAV_104,38.7984657,101.0210495,2577.2136,1,False
23,UAV_105,38.8913727,100.9906921,2569.22,5,False
23,UAV_106,38.9092903,100.9956207,2568.7271,5,False
23,UAV_107,38.7888947,101.0736923,2571.7534,2,False
23,UAV_108,38.9513931,100.9766769,2568.1165,5,False
23,UAV_109,38.8815346,101.0454559,2566.2021,4,False
23,UAV_110,38.8395958,101.0906525,2570.7043,4,False
23,UAV_111,38.8295174,100.9948502,2573.9031,1,False
23,UAV_112,38.8184547,100.9577484,2573.8757,1,False
23,UAV_113,38.8227806,100.9763641,2579.3386,1,False
23,UAV_114,38.8810692,101.0131302,2573.8525,0,False
23,UAV_115,38.8791351,101.0386276,2567.6396,4,False
23,UAV_116,38.8494987,101.0461807,2573.0886,0,False
23,UAV_117,38.8654327,100.9461212,2569.72,5,False
23,UAV_118,38.8006668,101.0066681,2575.9045,1,False
23,UAV_119,38.807045,101.0579681,2568.9487,3,False
23,UAV_120,38.8534393,101.0712357,2574.6045,0,False
23,UAV_121,38.7804146,101.1044006,2570.0967,2,False
23,UAV_122,38.7885475,101.0346069,2572.0249,3,False
23,UAV_123,38.8564453,101.044838,2573.5222,0,False
23,UAV_124,38.8762321,101.1223984,2574.4695,0,False
23,UAV_125,38.8286171,100.9982681,2574.6306,1,False
23,UAV_126,38.7999725,101.0143814,2567.8118,3,False
23,UAV_127,38.9098129,101.0152206,2570.6719,5,False
23,UAV_128,38.8581009,100.9681549,2568.3035,5,False
23,UAV_129,38.9506721,101.0342178,2577.0037,0,False
23,UAV_130,38.7950401,101.0182571,2571.7522,3,False
23,UAV_131,38.8937187,100.9682693,2572.2063,5,False
23,UAV_132,38.896759,100.9487152,2570.9326,5,False
23,UAV_133,38.8806076,101.043663,2570.417,4,False
23,UAV_134,38.7479477,101.004158,2570.6558,3,False
23,UAV_135,38.7802658,101.0557556,2578.0474,2,False
23,UAV_136,38.825985,101.0504074,2570.3506,3,False
23,UAV_137,38.8410072,100.9867172,2569.3462,3,False
23,UAV_138,38.8144379,101.0562744,2569.5562,3,False
23,UAV_139,38.8096199,101.0348206,2570.8345,3,False
23,UAV_140,38.8555984,101.0711212,2568.335,4,False
23,UAV_141,38.7960739,100.9986801,2575.0828,1,False
23,UAV_142,38.8878021,101.106842,2572.1802,4,False
23,UAV_143,38.7812729,100.9944305,2576.8127,1,False
23,UAV_144,38.8445282,101.0800018,2571.8669,4,False
23,UAV_145,38.8648109,101.0970612,2567.4138,4,False
23,UAV_146,38.8895111,100.9456329,2572.2683,5,False
23,UAV_147,38.9155083,100.9922333,2570.2419,5,False
23,UAV_148,38.8089218,100.9898453,2576.0132,1,False
23,UAV_149,38.7769508,101.0764084,2575.3511,2,False
23,UAV_150,38.7768021,101.113266,2572.5374,2,False
23,UAV_151,38.8375473,101.0835266,2570.4192,4,False
23,UAV_152,38.9300003,100.9620056,2575.1292,5,False
23,UAV_153,38.8306961,101.0855408,2570.9561,4,False
23,UAV_154,38.8381729,101.0862656,2576.1494,2,False
23,UAV_155,38.8475418,100.9765167,2576.8936,1,False
23,UAV_156,38.8704414,101.0574722,2574.2781,0,False
23,UAV_157,38.7972336,101.126297,2574.7021,2,False
23,UAV_158,38.8472328,101.081871,2568.4895,4,False
23,UAV_159,38.8406372,101.0776978,2572.9097,2,False
23,UAV_160,38.8396797,100.977829,2571.6738,1,False
23,UAV_161,38.9209862,101.1026917,2571.6934,4,False
23,UAV_162,38.8686562,101.0120392,2568.7112,5,False
23,UAV_163,38.7408714,101.0399475,2566.0674,3,False
23,UAV_164,38.7759094,100.9835129,2574.6216,1,False
23,UAV_165,38.8905983,100.9639282,2575.5664,1,False
23,UAV_166,38.8980064,101.0959549,2572.5854,4,False
23,UAV_167,38.9023361,101.0349579,2578.1313,0,False
23,UAV_168,38.7778053,101.0952835,2577.072,2,False
23,UAV_169,38.8833542,101.0183258,2574.4099,0,False
23,UAV_170,38.8315353,101.1241455,2571.4802,4,False
23,UAV_171,38.8641548,101.0487518,2578.4651,0,False
23,UAV_172,38.8107147,101.0448074,2566.6423,3,False
23,UAV_173,38.7736206,100.9744034,2571.5999,3,False
23,UAV_174,38.8410759,101.0064926,2577.9148,1,False
23,UAV_175,38.8573647,101.0980225,2572.5291,4,False
23,UAV_176,38.7873535,101.1148071,2571.0427,2,False
23,UAV_177,38.806076,101.0896683,2575.9202,2,False
23,UAV_178,38.8723106,101.010582,2572.6616,5,False
23,UAV_179,38.8263168,101.0077286,2571.1121,3,False
23,UAV_180,38.8598022,100.9980698,2574.4116,1,False
23,UAV_181,38.9049721,101.014679,2571.6047,5,False
23,UAV_182,38.860302,101.052681,2569.5051,4,False
23,UAV_183,38.8464737,100.9533386,2574.8755,1,True
23,UAV_184,38.7441635,100.9844284,2568.385,3,False
23,UAV_185,38.8992996,101.0115433,2572.0344,5,False
23,UAV_186,38.8684425,101.0201111,2571.4939,5,False
23,UAV_187,38.8734894,101.0915833,2577.3625,0,False
23,UAV_188,38.9151535,101.0069504,2577.957,0,False
23,UAV_189,38.779747,100.991745,2570.3501,3,False
23,UAV_190,38.8877411,101.0180435,2573.9766,0,False
23,UAV_191,38.8935127,100.9642181,2576.3618,1,False
23,UAV_192,38.8012276,100.9897308,2572.7463,1,False
23,UAV_193,38.7858696,101.0223694,2568.9888,3,False
23,UAV_194,38.8617554,101.0570374,2571.332,4,False
23,UAV_195,38.8917847,101.1440735,2576.4622,0,False
23,UAV_196,38.9395561,101.0792007,2572.4871,0,False
23,UAV_197,38.923336,101.0323105,2573.741,0,False
23,UAV_198,38.8052826,101.0320511,2573.6538,1,False
23,UAV_199,38.872467,101.0413208,2575.5256,0,False
23,UAV_200,38.7549782,101.1121674,2570.4714,2,False
23,UAV_201,38.9195213,101.0579071,2573.7639,0,False
23,UAV_202,38.805439,100.9771347,2574.3708,1,False
23,UAV_203,38.8338242,101.0305176,2572.7817,1,False
23,UAV_204,38.8247795,101.0267487,2574.2261,1,False
23,UAV_205,38.7744293,101.1256561,2573.4116,2,False
23,UAV_206,38.9048958,101.0345764,2568.3755,5,False
23,UAV_207,38.8503304,101.0410995,2576.842,0,False
23,UAV_208,38.8491173,101.076355,2569.3794,4,False
23,UAV_209,38.9034576,101.1362076,2577.6724,0,False
23,UAV_210,38.9336853,101.0361023,2579.6594,0,False
23,UAV_211,38.7381973,100.9384689,2571.9136,3,False
23,UAV_212,38.7601395,101.0154648,2569.2512,3,True
23,UAV_213,38.7720299,101.0461731,2574.2983,2,False
23,UAV_214,38.8273811,101.0598602,2573.2339,2,False
23,UAV_215,38.8477402,101.1004944,2574.3701,2,False
23,UAV_216,38.7949753,100.9706497,2566.7776,3,False
23,UAV_217,38.9615479,101.0737686,2569.8647,4,False
23,UAV_218,38.8293457,100.9860153,2576.0588,1,False
23,UAV_219,38.7706871,101.0817108,2573.5049,2,False
23,UAV_220,38.8920403,101.0362778,2576.6047,0,False
23,UAV_221,38.8735847,101.0393753,2569.7874,4,False
23,UAV_222,38.8607407,101.0487442,2569.561,4,False
23,UAV_223,38.8289223,101.0751495,2570.0784,4,False
23,UAV_224,38.8213806,100.9377823,2575.6536,1,False
23,UAV_225,38.876152,101.131546,2572.3486,4,False
23,UAV_226,38.7889061,100.9917221,2573.2717,1,False
23,UAV_227,38.8467789,101.1184998,2579.6995,2,False
23,UAV_228,38.798008,101.0636063,2574.7175,2,False
23,UAV_229,38.9389992,101.0044327,2575.9434,0,False
23,UAV_230,38.7946663,101.1153259,2575.5298,2,False
23,UAV_231,38.8275337,101.0678253,2569.8286,4,False
23,UAV_232,38.8198357,100.9709549,2574.1833,1,False
23,UAV_233,38.7730637,100.9813843,2568.8047,3,False
23,UAV_234,38.8381042,100.9951706,2575.3655,1,False
23,UAV_235,38.7985992,101.0350723,2575.2314,1,False
23,UAV_236,38.8750763,100.9695129,2574.9624,1,False
23,UAV_237,38.8591156,101.0800247,2572.0542,4,False
23,UAV_238,38.8871269,101.0834808,2576.282,0,False
23,UAV_239,38.8442116,101.0658112,2574.3257,2,False
23,UAV_240,38.8451042,101.0515823,2574.4915,2,False
23,UAV_241,38.845665,100.9753723,2571.8704,1,False
23,UAV_242,38.7774887,101.027626,2576.5168,1,False
23,UAV_243,38.8240166,100.9979858,2566.7148,3,False
23,UAV_244,38.7940788,101.085701,2568.7349,3,False
23,UAV_245,38.9407768,101.0052567,2574.1296,5,False
23,UAV_246,38.9159508,101.0085602,2573.9473,5,False
23,UAV_247,38.9362831,101.0630264,2574.2844,0,False
23,UAV_248,38.8000183,101.1030045,2572.2358,2,False
23,UAV_249,38.9307327,100.9853897,2575.498,5,False
23,UAV_250,38.8876953,100.9694443,2569.2515,5,False
23,UAV_251,38.8530388,100.9787369,2568.0273,3,False
23,UAV_252,38.7709732,101.1296616,2571.8167,2,False
23,UAV_253,38.8108215,101.0833511,2565.863,3,False
23,UAV_254,38.877346,101.0421677,2574.7461,0,False
23,UAV_255,38.8627777,101.0037689,2568.6072,5,False
23,UAV_256,38.8999939,101.1167908,2566.2788,4,False
23,UAV_257,38.8497963,101.075737,2573.4395,2,False
23,UAV_258,38.8650742,101.091774,2576.5024,0,False
23,UAV_259,38.806263,101.1363144,2569.9441,4,False
23,UAV_260,38.823349,101.0628815,2571.6519,2,False
23,UAV_261,38.8384705,101.0894775,2570.718,4,False
23,UAV_262,38.8863106,101.0854874,2574.8777,0,False
23,UAV_263,38.7916832,101.1451035,2577.1694,2,False
23,UAV_264,38.9317818,101.0624924,2572.5137,0,False
23,UAV_265,38.8629112,101.0537949,2571.8135,4,False
23,UAV_266,38.8762627,101.0939026,2570.415,4,False
23,UAV_267,38.8834381,101.0995026,2570.5657,4,False
23,UAV_268,38.9236946,100.969696,2574.1584,5,False
23,UAV_269,38.9031563,101.0103607,2573.1165,5,False
23,UAV_270,38.7977829,101.0138626,2571.2087,3,False
23,UAV_271,38.8658028,100.9972839,2577.7139,1,False
23,UAV_272,38.7470932,100.9866104,2573.4917,1,False
23,UAV_273,38.8477821,101.0258255,2573.3606,1,False
23,UAV_274,38.8451004,101.0238266,2570.7163,3,False
23,UAV_275,38.8803978,100.9796219,2574.3269,5,False
23,UAV_276,38.7785072,101.0637054,2576.1604,2,False
23,UAV_277,38.7738419,100.989502,2575.1533,1,False
23,UAV_278,38.7937012,101.0967865,2569.0432,4,False
23,UAV_279,38.8801193,101.0965118,2573.5847,0,False
23,UAV_280,38.80867,100.9961472,2574.4705,1,False
23,UAV_281,38.9185944,101.0678177,2573.2686,0,False
23,UAV_282,38.8233719,101.0982971,2567.4548,4,False
23,UAV_283,38.9002762,101.0912247,2568.8757,4,False
23,UAV_284,38.889389,101.0139008,2574.7805,0,False
23,UAV_285,38.8411827,101.0851212,2575.2466,2,False
23,UAV_286,38.8198586,100.9483261,2574.2639,1,False
23,UAV_287,38.8446579,101.1042862,2571.4905,4,False
23,UAV_288,38.9055939,101.0915451,2573.8486,0,False
23,UAV_289,38.9182434,101.1393356,2578.2349,0,False
23,UAV_290,38.8014145,100.9816742,2577.7725,1,False
23,UAV_291,38.8185196,101.0160522,2572.406,1,False
23,UAV_292,38.8504486,101.0040359,2575.6799,1,False
23,UAV_293,38.8744316,101.1033401,2568.9109,4,False
23,UAV_294,38.8440361,101.1396103,2577.6758,2,False
23,UAV_295,38.9181633,101.0610046,2574.3948,0,False
23,UAV_296,38.8426247,101.1045456,2568.6621,4,False
23,UAV_297,38.7963867,101.0074921,2573.0552,1,False
23,UAV_298,38.8711967,101.049324,2578.5911,0,False
23,UAV_299,38.7818794,101.0556717,2572.1106,2,False
23,UAV_300,38.822876,100.9596558,2569.3528,3,False
23,UAV_301,38.814167,101.1066513,2577.7917,2,False
23,UAV_302,38.7826385,101.1504593,2568.6697,4,False
23,UAV_303,38.9015579,101.0942154,2568.4067,4,False
23,UAV_304,38.9045982,101.0625839,2573.2065,0,False
23,UAV_305,38.8610954,100.9745331,2574.1719,1,False
23,UAV_306,38.8476257,101.0109177,2577.4458,1,False
23,UAV_307,38.7892227,101.0050201,2571.7175,3,False
23,UAV_308,38.8654327,101.1054916,2574.0173,0,False
23,UAV_309,38.9033165,101.0808105,2571.4846,4,False
23,UAV_310,38.8732567,100.9967194,2575.1929,1,False
23,UAV_311,38.7586937,101.0181503,2565.0547,3,False
23,UAV_312,38.9060478,101.0372925,2570.4861,5,False
23,UAV_313,38.8777466,101.0353546,2574.2014,0,False
23,UAV_314,38.8855286,100.9570847,2574.4724,5,False
23,UAV_315,38.8887711,100.9571457,2569.5098,5,False
23,UAV_316,38.9176636,101.0384674,2567.7632,5,False
23,UAV_317,38.9341087,101.0383911,2574.2913,0,False
23,UAV_318,38.8059578,101.0771942,2574.2551,2,False
23,UAV_319,38.8543739,101.0271988,2575.0959,1,False
23,UAV_320,38.8140106,101.0762787,2575.074,2,False
23,UAV_321,38.9021873,101.0135422,2566.9053,5,False
23,UAV_322,38.8304596,101.0990982,2569.165,4,False
23,UAV_323,38.7780914,101.0107346,2569.8467,3,False
23,UAV_324,38.8879738,101.0277328,2576.533,0,False
23,UAV_325,38.7985497,101.1136246,2576.8342,2,False
23,UAV_326,38.8662605,101.1320801,2569.021,4,False
23,UAV_327,38.8768349,101.0071564,2574.2432,0,False
23,UAV_328,38.7814522,101.0012817,2570.6438,3,False
23,UAV_329,38.7853889,101.067688,2574.3855,2,False
23,UAV_330,38.9178276,101.0042953,2571.7686,5,False
23,UAV_331,38.9263916,101.1079865,2569.325,4,False
23,UAV_332,38.9075241,101.0430145,2572.6504,0,False
23,UAV_333,38.9534149,100.9805832,2573.6973,5,False
23,UAV_334,38.8962479,101.0022278,2575.7456,0,False
23,UAV_335,38.7972794,101.0353775,2579.3718,1,False
23,UAV_336,38.8368874,101.0116806,2575.6453,1,False
23,UAV_337,38.8854752,101.0358353,2576.3518,0,False
23,UAV_338,38.7668419,101.0471497,2573.7656,2,False
23,UAV_339,38.8193665,101.1394882,2568.9263,4,False
23,UAV_340,38.8570213,100.9868011,2573.8123,1,False
23,UAV_341,38.8369217,101.0200424,2573.9749,1,False
23,UAV_342,38.8614273,101.126915,2570.0183,4,False
23,UAV_343,38.8563232,101.0660629,2572.7019,4,False
23,UAV_344,38.9293976,101.1301346,2572.7649,4,False
23,UAV_345,38.8269768,101.0176468,2570.5056,3,False
23,UAV_346,38.8730698,101.0371628,2571.3313,5,False
23,UAV_347,38.8270378,101.0192337,2572.4451,1,False
23,UAV_348,38.8198662,101.0612717,2577.9155,2,False
23,UAV_349,38.9519463,100.9245834,2574.1897,5,False
23,UAV_350,38.808548,101.1194992,2571.3337,2,False
23,UAV_351,38.9037743,101.1332016,2569.2812,4,False
23,UAV_352,38.7799759,101.0793076,2574.8855,2,False
23,UAV_353,38.7766533,100.9702454,2575.6543,1,False
23,UAV_354,38.7915344,100.9807434,2574.7778,1,False
23,UAV_355,38.8908348,101.0427551,2572.5857,0,False
23,UAV_356,38.8181839,101.036232,2570.937,3,False
23,UAV_357,38.8109169,100.9634399,2574.6416,1,False
23,UAV_358,38.8682976,101.0882492,2574.093,0,False
23,UAV_359,38.8214798,100.9760284,2574.7925,1,False
23,UAV_360,38.8347893,101.0962372,2568.3237,4,False
23,UAV_361,38.8711205,101.0655594,2569.6428,4,False
23,UAV_362,38.829216,101.0914078,2570.6597,4,False
23,UAV_363,38.8216591,101.1174393,2571.0139,4,False
23,UAV_364,38.8358574,101.0353775,2568.6448,3,False
23,UAV_365,38.8304214,101.0458679,2575.5725,2,False
23,UAV_366,38.8020744,101.1182098,2574.8555,2,False
23,UAV_367,38.8715172,101.0009918,2575.4995,1,False
23,UAV_368,38.8780785,101.055336,2570.9968,4,False
23,UAV_369,38.9343071,101.1027451,2576.3738,0,False
23,UAV_370,38.8538895,101.0239487,2571.0193,5,False
23,UAV_371,38.8759003,101.0303268,2567.8323,5,False
23,UAV_372,38.8821449,101.0376053,2571.1055,5,False
23,UAV_373,38.860714,101.0988464,2569.9451,4,False
23,UAV_374,38.8194733,101.0524292,2575.8674,2,False
23,UAV_375,38.8096771,101.0387955,2568.6824,3,False
23,UAV_376,38.7956963,101.0137177,2567.7227,3,False
23,UAV_377,38.885788,101.0896301,2577.0769,0,False
23,UAV_378,38.876812,101.1090927,2571.6973,4,False
23,UAV_379,38.7709122,101.0079269,2573.3208,1,False
23,UAV_380,38.816864,101.0061646,2577.7224,1,False
23,UAV_381,38.8852119,101.0068588,2577.6951,0,False
23,UAV_382,38.899086,100.9362335,2567.8069,5,False
23,UAV_383,38.9202538,101.0176926,2576.2378,0,False
23,UAV_384,38.8884811,100.9868469,2568.4788,5,False
23,UAV_385,38.7652702,101.112114,2578.0708,2,False
23,UAV_386,38.8469772,101.0881195,2573.6577,2,False
23,UAV_387,38.9034042,101.0735855,2573.7437,0,False
23,UAV_388,38.8040733,101.0833054,2573.0652,2,False
23,UAV_389,38.8290291,101.1201096,2574.8928,2,False
23,UAV_390,38.8417778,100.9941711,2572.8982,1,False
23,UAV_391,38.7725563,101.0777817,2577.5505,2,False
23,UAV_392,38.801342,101.0613785,2575.3879,2,False
23,UAV_393,38.8987007,100.9905548,2568.8521,5,False
23,UAV_394,38.953289,101.0641937,2575.6147,0,False
23,UAV_395,38.8908348,100.9674149,2573.3367,5,False
23,UAV_396,38.9540443,100.9974136,2567.1335,5,False
23,UAV_397,38.8307762,101.0204315,2568.3425,3,False
23,UAV_398,38.8876457,101.0665359,2572.9202,0,False
23,UAV_399,38.8724632,101.0698318,2568.2246,4,False
23,UAV_400,38.8490944,101.0341873,2574.9377,1,False
23,UAV_401,38.8903923,101.00383,2573.2922,5,False
23,UAV_402,38.8924522,101.0676727,2572.4338,4,False
23,UAV_403,38.9109573,101.0786972,2570.8159,4,False
23,UAV_404,38.8577385,101.0340881,2573.3435,0,False
23,UAV_405,38.8948326,101.03405,2569.4575,5,False
23,UAV_406,38.8252525,101.0574493,2575.2683,2,False
23,UAV_407,38.7913818,101.047821,2574.9329,2,False
23,UAV_408,38.8011818,101.0643845,2574.8555,2,False
23,UAV_409,38.8803368,101.016655,2573.9849,0,False
23,UAV_410,38.7706566,101.0514755,2575.1365,2,False
23,UAV_411,38.8776665,101.0621948,2578.1904,0,False
23,UAV_412,38.7965584,100.974472,2574.7869,1,False
23,UAV_413,38.8081779,101.0891571,2572.053,2,False
23,UAV_414,38.8587036,101.0068283,2571.967,5,False
23,UAV_415,38.8593407,100.9708862,2574.9155,1,False
23,UAV_416,38.8512459,101.0235291,2576.0896,1,False
23,UAV_417,38.9109344,101.1203308,2570.7131,4,False
23,UAV_418,38.8847847,101.0328217,2570.9607,5,False
23,UAV_419,38.8330879,100.9603806,2574.0571,1,False
23,UAV_420,38.7770958,101.0067978,2572.7236,1,False
23,UAV_421,38.7481041,101.0593948,2574.6064,2,True
23,UAV_422,38.8616219,100.9844589,2573.1938,1,False
23,UAV_423,38.8803101,101.0939255,2572.9104,4,False
23,UAV_424,38.8048363,100.9523087,2573.6636,1,False
23,UAV_425,38.8876419,101.062973,2575.6799,0,False
23,UAV_426,38.8931465,101.0822983,2573.2759,0,False
23,UAV_427,38.8432045,101.0368347,2574.8857,1,False
23,UAV_428,38.8456039,100.9539337,2570.3516,5,False
23,UAV_429,38.8289795,100.972168,2573.8521,1,False
23,UAV_430,38.7527084,101.0515289,2566.1377,3,False
23,UAV_431,38.7920456,101.0237732,2572.5378,3,False
23,UAV_432,38.9335365,101.0669708,2570.9851,4,False
23,UAV_433,38.9480743,101.0102081,2573.3279,5,False
23,UAV_434,38.8343735,100.9740982,2570.1621,3,False
23,UAV_435,38.8499222,100.973175,2572.1731,1,False
23,UAV_436,38.7582245,101.004837,2571.3088,3,False
23,UAV_437,38.8815384,101.1225662,2579.2412,0,False
23,UAV_438,38.8635101,101.0003586,2571.3582,5,False
23,UAV_439,38.9201355,101.0317383,2577.3945,0,False
23,UAV_440,38.9283752,101.0122681,2573.5066,5,False
23,UAV_441,38.8194695,100.9553452,2571.2126,1,False
23,UAV_442,38.8564758,100.990036,2577.1582,1,False
23,UAV_443,38.9547195,101.0823593,2571.1963,4,False
23,UAV_444,38.796032,100.9978333,2571.6836,3,False
23,UAV_445,38.8124619,100.9800186,2572.8206,1,False
23,UAV_446,38.865139,101.0858765,2578.53,0,False
23,UAV_447,38.8883858,101.1022873,2569.5042,4,False
23,UAV_448,38.7759171,101.0332108,2571.3564,3,False
23,UAV_449,38.8084068,101.0636978,2571.8674,2,False
23,UAV_450,38.8272057,101.1271515,2574.9878,2,False
23,UAV_451,38.7887459,100.9940338,2574.0425,1,False
23,UAV_452,38.8658257,101.0880661,2571.6948,4,False
23,UAV_453,38.9178619,101.0617447,2572.3787,0,False
23,UAV_454,38.8198166,101.1085968,2573.8228,2,False
23,UAV_455,38.8169746,100.985878,2575.2715,1,False
23,UAV_456,38.8262787,101.0410843,2565.9575,3,False
23,UAV_457,38.8473549,101.0391617,2569.6851,3,False
23,UAV_458,38.8528748,101.0302963,2572.1208,5,False
23,UAV_459,38.8881912,100.999649,2568.9331,5,False
23,UAV_460,38.7562294,101.0710602,2571.7341,2,False
23,UAV_461,38.8925858,100.9532318,2568.5645,5,False
23,UAV_462,38.8827972,101.1090698,2571.2263,4,False
23,UAV_463,38.7825508,100.9942398,2571.2832,3,False
23,UAV_464,38.80373,101.0044327,2575.126,1,False
23,UAV_465,38.8645821,100.9651413,2566.5239,5,False
23,UAV_466,38.9395065,101.0683975,2575.1807,0,False
23,UAV_467,38.7933731,101.0215988,2570.6741,3,False
23,UAV_468,38.7837601,100.9900131,2575.5088,1,False
23,UAV_469,38.8435249,101.056076,2576.2915,0,False
23,UAV_470,38.8468513,101.0614624,2573.7837,2,False
23,UAV_471,38.8125267,100.973259,2567.6025,3,False
23,UAV_472,38.8799057,101.0921097,2571.8535,4,False
23,UAV_473,38.8323746,101.1195221,2575.0032,2,False
23,UAV_474,38.8102264,100.9710388,2574.1206,1,False
23,UAV_475,38.9259109,101.0264435,2571.0327,5,True
23,UAV_476,38.9214516,101.0672455,2579.3914,0,False
23,UAV_477,38.8558121,100.9911346,2571.3557,5,False
23,UAV_478,38.9046021,100.984848,2571.6274,5,False
23,UAV_479,38.8772278,101.0694962,2572.8711,0,False
23,UAV_480,38.8230438,101.0534134,2574.3044,2,False
23,UAV_481,38.819828,100.9776993,2575.74,1,False
23,UAV_482,38.7906761,101.1115494,2575.9807,2,False
23,UAV_483,38.9004173,101.1101151,2570.613,4,False
23,UAV_484,38.8415375,101.0606079,2576.9807,2,False
23,UAV_485,38.8062096,101.0171127,2571.1406,3,False
23,UAV_486,38.9105644,101.0451126,2572.6453,0,False
23,UAV_487,38.907444,101.0075073,2571.8853,5,False
23,UAV_488,38.8492126,100.979538,2575.4294,1,False
23,UAV_489,38.8309555,101.0189438,2568.04,3,False
23,UAV_490,38.8373337,100.9883118,2577.532,1,False
23,UAV_491,38.9158974,101.041153,2569.7241,5,False
23,UAV_492,38.8436279,101.0428543,2572.2976,4,False
23,UAV_493,38.8418007,100.9786987,2573.9092,1,False
23,UAV_494,38.7896614,100.9968338,2573.9194,1,False
23,UAV_495,38.9356842,101.0063171,2571.4553,5,False
23,UAV_496,38.8375168,101.0257568,2572.1086,1,False
23,UAV_497,38.8015785,101.0104523,2570.0093,3,False
23,UAV_498,38.8338127,101.0203857,2573.8359,1,False
23,UAV_499,38.8716545,100.9751816,2575.9019,1,False
23,UAV_500,38.8198662,101.0884705,2574.7771,2,False
24,UAV_001,38.8301086,101.0871735,2573.7144,3,False
24,UAV_002,38.8776207,100.9917755,2573.6301,4,False
24,UAV_003,38.8906898,101.0597687,2570.5085,2,False
24,UAV_004,38.7867737,101.0011444,2576.7373,1,False
24,UAV_005,38.8157043,101.0997162,2571.4075,3,False
24,UAV_006,38.8092957,101.0779724,2577.4829,0,False
24,UAV_007,38.8959618,101.1000671,2569.915,2,False
24,UAV_008,38.8802071,101.0554047,2569.5845,5,False
24,UAV_009,38.9143372,101.1014404,2576.9209,2,False
24,UAV_010,38.8730354,100.9345932,2569.8188,5,False
24,UAV_011,38.9029808,101.0498199,2574.1213,4,False
24,UAV_012,38.7941971,101.0527191,2571.7334,3,False
24,UAV_013,38.8498535,101.054718,2570.4849,3,False
24,UAV_014,38.8568459,100.9771042,2573.6975,1,False
24,UAV_015,38.883358,100.961586,2567.5461,5,False
24,UAV_016,38.9673233,100.9645538,2570.9702,4,False
24,UAV_017,38.8834839,101.0479431,2576.5654,4,False
24,UAV_018,38.8779678,100.9986801,2578.9016,4,False
24,UAV_019,38.8097763,100.9805756,2571.3696,1,False
24,UAV_020,38.8318176,100.9868851,2572.417,1,False
24,UAV_021,38.9016342,101.0710907,2575.802,2,False
24,UAV_022,38.8748207,100.9587173,2565.5042,5,False
24,UAV_023,38.8669167,100.9587784,2574.6863,4,False
24,UAV_024,38.8613205,101.0308075,2573.4231,4,False
24,UAV_025,38.8915672,101.0297165,2575.5623,4,False
24,UAV_026,38.8927574,101.0940552,2572.3931,2,False
24,UAV_027,38.8525314,101.0845261,2573.5154,2,False
24,UAV_028,38.9004478,101.1126251,2572.033,2,False
24,UAV_029,38.843586,101.052124,2574.6152,0,False
24,UAV_030,38.8355675,101.019249,2573.2571,1,False
24,UAV_031,38.8476601,101.0291367,2568.6353,5,False
24,UAV_032,38.8464851,101.0830841,2570.1497,3,False
24,UAV_033,38.884964,101.0791092,2574.3647,2,False
24,UAV_034,38.8953857,101.0475006,2577.9451,4,False
24,UAV_035,38.8314362,101.0326614,2570.9114,3,False
24,UAV_036,38.8774376,100.9843979,2573.6179,4,False
24,UAV_037,38.9153061,100.9759445,2570.0723,5,False
24,UAV_038,38.8954964,101.0233383,2577.2146,4,False
24,UAV_039,38.9504585,101.0054474,2574.8494,4,False
24,UAV_040,38.8389244,101.0302582,2576.6895,0,False
24,UAV_041,38.8406296,101.0005646,2570.2031,5,False
24,UAV_042,38.9336166,101.0700836,2572.2163,2,False
24,UAV_043,38.9044571,101.1003876,2570.5825,2,False
24,UAV_044,38.7590485,100.9930191,2573.0906,1,False
24,UAV_045,38.9464264,101.0222244,2573.7092,4,False
24,UAV_046,38.7980423,100.9811401,2573.9336,1,False
24,UAV_047,38.881958,100.9813232,2566.9651,5,False
24,UAV_048,38.9382782,101.0323792,2578.5867,4,False
24,UAV_049,38.7876358,101.0499496,2572.1423,3,False
24,UAV_050,38.8964844,101.0318909,2572.1462,4,False
24,UAV_051,38.8850708,101.0327301,2569.8921,5,False
24,UAV_052,38.8010445,101.0651093,2573.8826,3,False
24,UAV_053,38.889225,101.0810089,2570.1914,2,False
24,UAV_054,38.8260727,101.0638428,2570.5581,3,False
24,UAV_055,38.7957611,101.0727539,2568.6711,3,False
24,UAV_056,38.8638763,101.035408,2578.8206,0,False
24,UAV_057,38.8013344,101.0699844,2567.5364,3,False
24,UAV_058,38.8154259,101.0327835,2575.6074,1,False
24,UAV_059,38.8604698,101.00737,2571.0647,5,False
24,UAV_060,38.7793922,101.0106354,2572.5366,1,False
24,UAV_061,38.8429718,101.0814133,2575.4106,0,False
24,UAV_062,38.8560486,101.025322,2574.5503,4,False
24,UAV_063,38.921669,100.9755173,2581.6836,4,False
24,UAV_064,38.8896828,101.1383057,2573.7561,2,False
24,UAV_065,38.8887939,101.0465088,2579.6367,0,False
24,UAV_066,38.9235954,101.1138382,2569.3589,2,False
24,UAV_067,38.879673,101.0048981,2573.3745,4,False
24,UAV_068,38.8781853,101.0206451,2571.0125,5,False
24,UAV_069,38.9209137,101.0828018,2577.2698,2,False
24,UAV_070,38.7908783,101.0223083,2579.2727,0,False
24,UAV_071,38.8218613,101.1318588,2576.5239,0,False
24,UAV_072,38.8657837,101.0361404,2579.6233,0,False
24,UAV_073,38.7912178,101.0122223,2574.6189,1,False
24,UAV_074,38.7950096,101.0145645,2573.4272,1,False
24,UAV_075,38.8149071,100.9845505,2574.802,1,False
24,UAV_076,38.9048424,101.0180817,2576.6743,4,False
24,UAV_077,38.8044777,101.0527496,2573.8245,3,False
24,UAV_078,38.9087448,101.0109406,2575.4094,4,False
24,UAV_079,38.907032,101.0517883,2573.9714,2,False
24,UAV_080,38.9579048,101.08564,2568.2266,2,False
24,UAV_081,38.7676125,101.000473,2576.7666,1,False
24,UAV_082,38.7880898,101.0761948,2574.6409,3,False
24,UAV_083,38.7415504,101.0037003,2571.1047,1,False
24,UAV_084,38.8144836,101.0709381,2572.8403,3,False
24,UAV_085,38.9020729,101.0374985,2576.249,4,False
24,UAV_086,38.8555374,101.0939102,2572.9019,2,False
24,UAV_087,38.8040848,101.1342468,2572.5496,3,False
24,UAV_088,38.7927055,100.9808426,2577.324,1,False
24,UAV_089,38.8543129,101.0582199,2569.7441,5,False
24,UAV_090,38.8760376,101.0241852,2570.5071,5,False
24,UAV_091,38.8300934,101.0222778,2568.1858,5,False
24,UAV_092,38.8265648,100.9950562,2568.1499,5,False
24,UAV_093,38.8903923,100.9272766,2575.2556,4,False
24,UAV_094,38.7968979,101.0153656,2574.4138,1,False
24,UAV_095,38.8553391,101.105484,2568.9185,3,False
24,UAV_096,38.8597946,101.0650406,2567.5459,5,False
24,UAV_097,38.8145943,100.9312363,2573.5842,1,False
24,UAV_098,38.8714485,101.1237946,2573.3064,2,False
24,UAV_099,38.9083786,101.027771,2575.1892,4,False
24,UAV_100,38.9014969,101.1005325,2564.7825,5,False
24,UAV_101,38.8635025,100.9975662,2572.1455,5,False
24,UAV_102,38.8073845,101.0909653,2579.2976,0,False
24,UAV_103,38.8831444,100.9447784,2568.5894,5,False
24,UAV_104,38.7983284,101.0213318,2574.3601,1,False
24,UAV_105,38.8910217,100.9891815,2572.7576,4,False
24,UAV_106,38.9105301,100.9951096,2572.0757,4,False
24,UAV_107,38.788578,101.0735397,2574.7639,3,False
24,UAV_108,38.9515533,100.9752731,2569.3853,5,False
24,UAV_109,38.8793869,101.0454483,2579.2888,0,False
24,UAV_110,38.8409538,101.0911407,2577.1711,0,False
24,UAV_111,38.8408318,100.9989624,2575.9773,1,False
24,UAV_112,38.819416,101.0071411,2574.1611,1,False
24,UAV_113,38.8196716,100.981163,2577.9014,1,False
24,UAV_114,38.8790512,101.0140686,2575.6396,4,False
24,UAV_115,38.8794823,101.0383301,2572.6816,4,False
24,UAV_116,38.847908,101.0505981,2577.2405,0,False
24,UAV_117,38.8628159,100.9479523,2578.2935,4,False
24,UAV_118,38.7992859,101.0059662,2571.5781,1,False
24,UAV_119,38.8064804,101.0559616,2575.7795,0,False
24,UAV_120,38.8533249,101.0715408,2574.521,0,False
24,UAV_121,38.7799034,101.1039429,2573.4824,3,False
24,UAV_122,38.7884026,101.0344467,2566.3145,3,False
24,UAV_123,38.853756,101.0471802,2571.761,3,False
24,UAV_124,38.8762932,101.1225739,2580.1223,0,False
24,UAV_125,38.8270493,100.9982605,2574.4219,1,False
24,UAV_126,38.800354,101.0129318,2573.437,1,False
24,UAV_127,38.9092522,101.0150604,2572.2319,4,False
24,UAV_128,38.8584824,100.9675598,2572.1853,1,False
24,UAV_129,38.9518471,101.0386734,2573.1768,4,False
24,UAV_130,38.7956505,101.0184326,2575.3689,1,False
24,UAV_131,38.8928566,100.9665909,2572.1763,4,False
24,UAV_132,38.8683891,100.950264,2575.8882,4,False
24,UAV_133,38.8817024,101.0425491,2572.2415,2,False
24,UAV_134,38.7476768,101.0029373,2566.8413,3,False
24,UAV_135,38.7793617,101.057312,2575.6946,0,False
24,UAV_136,38.8250237,101.0502701,2570.4304,3,False
24,UAV_137,38.8417816,100.9859161,2573.7048,1,False
24,UAV_138,38.8143616,101.0554123,2571.1418,3,False
24,UAV_139,38.8082314,101.0336304,2571.6494,3,False
24,UAV_140,38.856041,101.0693436,2573.6614,2,False
24,UAV_141,38.793705,100.9997482,2574.4553,1,False
24,UAV_142,38.890152,101.1070709,2568.4827,2,False
24,UAV_143,38.7781944,100.9964523,2574.2664,1,False
24,UAV_144,38.8442764,101.0799789,2570.8101,3,False
24,UAV_145,38.8644981,101.0953827,2573.5625,2,False
24,UAV_146,38.8816109,100.9739761,2578.6123,4,False
24,UAV_147,38.9151344,100.9916,2569.8489,5,False
24,UAV_148,38.8092499,100.9899597,2577.2317,1,False
24,UAV_149,38.7745628,101.0764008,2574.2959,3,False
24,UAV_150,38.7762833,101.1138382,2571.5242,3,False
24,UAV_151,38.8581429,101.0823288,2575.8745,0,False
24,UAV_152,38.922863,100.9619827,2574.7793,4,False
24,UAV_153,38.8378639,101.0911484,2576.4648,0,False
24,UAV_154,38.8281784,101.0862732,2575.2336,0,False
24,UAV_155,38.8461075,100.9811325,2573.457,1,False
24,UAV_156,38.8769112,101.0591736,2578.4104,0,False
24,UAV_157,38.7979469,101.1263885,2577.7781,0,False
24,UAV_158,38.8474998,101.0806961,2567.7058,3,False
24,UAV_159,38.8412399,101.0774002,2577.4927,0,False
24,UAV_160,38.8419991,100.9752502,2571.9082,1,False
24,UAV_161,38.9182587,101.1052094,2577.7119,2,False
24,UAV_162,38.8666801,101.0130539,2573.9624,4,False
24,UAV_163,38.7410126,101.037117,2568.8772,3,False
24,UAV_164,38.7763863,100.9823151,2567.2651,5,False
24,UAV_165,38.893177,100.9676056,2574.834,4,False
24,UAV_166,38.9008331,101.0958099,2577.7795,0,False
24,UAV_167,38.9008942,101.0349426,2574.137,4,False
24,UAV_168,38.7757912,101.0952606,2572.863,3,False
24,UAV_169,38.8866844,101.0184708,2573.8484,4,False
24,UAV_170,38.8276825,101.1267548,2572.2788,3,False
24,UAV_171,38.8640976,101.0488586,2576.8215,0,False
24,UAV_172,38.8097,101.0437393,2569.7686,3,False
24,UAV_173,38.7736282,100.9744186,2572.9062,1,False
24,UAV_174,38.8412552,101.0066681,2574.8557,1,False
24,UAV_175,38.8563728,101.0981522,2573.7532,2,False
24,UAV_176,38.7870712,101.1146851,2571.2869,3,False
24,UAV_177,38.8062134,101.0898666,2576.2708,0,False
24,UAV_178,38.8706589,101.0102386,2574.3335,4,False
24,UAV_179,38.8253021,101.0057297,2572.5808,1,False
24,UAV_180,38.8594704,100.9984741,2571.2512,5,False
24,UAV_181,38.902298,101.0168686,2573.7219,4,False
24,UAV_182,38.8604736,101.0525131,2573.4648,2,False
24,UAV_183,38.8452415,100.952713,2567.657,5,False
24,UAV_184,38.7463989,100.9819412,2570.1973,1,False
24,UAV_185,38.8991051,101.009407,2570.5959,5,False
24,UAV_186,38.8683739,101.0186005,2570.7593,5,False
24,UAV_187,38.8753052,101.092659,2572.1323,2,False
24,UAV_188,38.9150047,101.0070801,2575.6289,4,False
24,UAV_189,38.77882,100.9909668,2568.679,1,False
24,UAV_190,38.8847656,101.0195236,2574.1814,4,False
24,UAV_191,38.8934784,100.964447,2573.5828,4,False
24,UAV_192,38.7791786,100.9897308,2575.353,1,False
24,UAV_193,38.7898903,101.0248337,2575.707,1,False
24,UAV_194,38.8594818,101.057045,2576.4929,0,False
24,UAV_195,38.9490395,101.0778427,2571.7952,2,False
24,UAV_196,38.9264374,101.1155014,2574.5203,2,False
24,UAV_197,38.9228172,101.0323944,2573.4346,4,False
24,UAV_198,38.8052101,101.032135,2575.6284,1,False
24,UAV_199,38.8718605,101.041481,2574.0085,4,False
24,UAV_200,38.7541313,101.1134262,2574.229,3,False
24,UAV_201,38.9251595,101.0576096,2571.845,2,False
24,UAV_202,38.83564,101.0121002,2571.6909,1,False
24,UAV_203,38.8330536,101.0299301,2573.7627,1,True
24,UAV_204,38.8253212,101.0233383,2570.2561,5,False
24,UAV_205,38.7743721,101.1267548,2575.7422,0,False
24,UAV_206,38.9050179,101.0334778,2575.469,4,False
24,UAV_207,38.8511848,101.0410538,2571.6833,5,False
24,UAV_208,38.8492546,101.0758286,2567.9119,3,False
24,UAV_209,38.9012947,101.0795364,2571.6519,2,False
24,UAV_210,38.9345207,101.0370483,2576.6833,4,False
24,UAV_211,38.7609711,100.9397125,2572.2705,1,False
24,UAV_212,38.7622185,101.0163345,2575.9536,1,False
24,UAV_213,38.7723351,101.0397949,2565.1667,3,False
24,UAV_214,38.8274193,101.0596542,2574.605,0,False
24,UAV_215,38.8431435,101.1005936,2577.8694,0,False
24,UAV_216,38.7956886,100.9678955,2570.0601,1,False
24,UAV_217,38.9513206,101.0885315,2573.8511,2,False
24,UAV_218,38.822197,100.9860077,2569.6187,5,False
24,UAV_219,38.7706451,101.0819168,2574.0042,3,False
24,UAV_220,38.8918762,101.0365067,2573.6255,4,False
24,UAV_221,38.8736153,101.0397034,2575.4619,4,False
24,UAV_222,38.8598824,101.0481186,2575.3333,0,False
24,UAV_223,38.8276787,101.0737,2564.0847,5,False
24,UAV_224,38.8252029,100.9389572,2576.4055,1,False
24,UAV_225,38.8644905,101.1066055,2576.7664,0,False
24,UAV_226,38.7867317,100.9940186,2576.2375,1,False
24,UAV_227,38.8466263,101.1188889,2578.0574,0,False
24,UAV_228,38.793438,101.0636673,2572.8496,3,False
24,UAV_229,38.9451523,101.0042953,2574.6033,4,False
24,UAV_230,38.8033104,101.1153107,2570.9241,3,False
24,UAV_231,38.8249092,101.0646973,2572.2395,3,False
24,UAV_232,38.823288,100.9718552,2573.6899,1,False
24,UAV_233,38.774147,100.9807205,2572.2458,1,False
24,UAV_234,38.8360214,100.9951706,2579.03,1,False
24,UAV_235,38.7959671,101.0372162,2569.5784,3,False
24,UAV_236,38.8778305,100.9711761,2575.001,4,False
24,UAV_237,38.864872,101.0814743,2575.3167,0,False
24,UAV_238,38.8845711,101.0851974,2572.0688,2,False
24,UAV_239,38.845768,101.0663223,2573.2593,3,False
24,UAV_240,38.8457336,101.0529633,2572.1187,3,False
24,UAV_241,38.8437881,100.9759445,2572.519,1,False
24,UAV_242,38.7772522,101.0282745,2574.4768,1,False
24,UAV_243,38.8239479,100.9978027,2568.1304,5,False
24,UAV_244,38.7950935,101.0849686,2568.907,3,False
24,UAV_245,38.9331207,101.0112457,2572.3425,4,False
24,UAV_246,38.9190979,101.008667,2572.4324,4,False
24,UAV_247,38.9374886,101.0629883,2571.5132,2,False
24,UAV_248,38.8048325,101.0987701,2569.9521,3,False
24,UAV_249,38.9269562,100.987999,2575.6836,4,False
24,UAV_250,38.8840599,100.9875717,2573.3901,4,False
24,UAV_251,38.853241,100.9773788,2567.4761,5,False
24,UAV_252,38.7697792,101.1289215,2573.887,3,False
24,UAV_253,38.8127594,101.081192,2571.845,3,False
24,UAV_254,38.8782539,101.041275,2568.032,5,False
24,UAV_255,38.8638382,101.0014038,2571.4937,5,False
24,UAV_256,38.9000092,101.1165848,2572.0496,2,False
24,UAV_257,38.8491516,101.075676,2573.3499,2,False
24,UAV_258,38.9133759,101.1406555,2574.1462,2,False
24,UAV_259,38.8055458,101.130249,2570.1096,3,False
24,UAV_260,38.8238831,101.0627289,2574.1372,0,False
24,UAV_261,38.8613739,101.0633621,2575.1353,0,False
24,UAV_262,38.8792191,101.0860748,2578.0703,0,False
24,UAV_263,38.7915497,101.1457596,2577.3679,0,False
24,UAV_264,38.932457,101.0608978,2574.5518,2,False
24,UAV_265,38.8643532,101.0509033,2566.6807,5,False
24,UAV_266,38.8761406,101.092804,2573.5898,2,False
24,UAV_267,38.8833847,101.0993576,2573.501,2,False
24,UAV_268,38.9236107,100.9697495,2577.2947,4,False
24,UAV_269,38.9002914,101.0131989,2574.8879,4,False
24,UAV_270,38.7966347,101.0143433,2575.8496,1,False
24,UAV_271,38.8658028,100.9974365,2577.4365,4,False
24,UAV_272,38.7485962,100.9943466,2577.4744,1,False
24,UAV_273,38.8482132,101.0254288,2570.1389,5,False
24,UAV_274,38.8443298,101.0240021,2577.4058,0,False
24,UAV_275,38.8772545,100.9820251,2575.7654,4,False
24,UAV_276,38.7755852,101.0619659,2573.2959,3,False
24,UAV_277,38.7722931,100.9900513,2577.2686,1,False
24,UAV_278,38.7938843,101.0962524,2570.5532,3,False
24,UAV_279,38.8827286,101.0964127,2578.1748,0,False
24,UAV_280,38.8056183,100.9981613,2575.6516,1,False
24,UAV_281,38.9110641,101.0710754,2574.4614,2,False
24,UAV_282,38.82864,101.0951385,2569.7192,3,False
24,UAV_283,38.8995934,101.0909119,2567.0024,5,False
24,UAV_284,38.8859062,101.0145264,2568.6287,5,False
24,UAV_285,38.8403473,101.085083,2576.979,0,True
24,UAV_286,38.8284988,100.9487686,2572.7439,1,False
24,UAV_287,38.844799,101.1030045,2573.2144,2,False
24,UAV_288,38.9052963,101.0917892,2572.9412,2,True
24,UAV_289,38.9139519,101.142128,2572.1201,2,False
24,UAV_290,38.8110123,100.9934464,2573.4243,1,False
24,UAV_291,38.8488998,101.0851669,2571.2,3,False
24,UAV_292,38.8494072,101.0042038,2572.8921,1,False
24,UAV_293,38.8758926,101.1010056,2570.2678,2,False
24,UAV_294,38.8446274,101.1400833,2575.0039,0,False
24,UAV_295,38.9468231,101.0352707,2573.4424,4,False
24,UAV_296,38.842762,101.1044235,2570.3972,3,False
24,UAV_297,38.7982292,101.0100327,2576.157,1,False
24,UAV_298,38.8746071,101.0615387,2570.1248,5,False
24,UAV_299,38.7812271,101.0557632,2580.0173,0,False
24,UAV_300,38.8226051,100.9595718,2572.1907,1,False
24,UAV_301,38.8376083,101.0865479,2577.5049,0,False
24,UAV_302,38.7810669,101.1499252,2572.9888,3,False
24,UAV_303,38.9013367,101.0926743,2570.8115,2,False
24,UAV_304,38.9055595,101.0643463,2574.5759,2,False
24,UAV_305,38.8611145,100.9744949,2575.3735,4,False
24,UAV_306,38.8475723,101.013092,2575.9729,4,False
24,UAV_307,38.8113327,101.0039368,2575.6021,1,False
24,UAV_308,38.8643456,101.1042328,2571.4307,2,False
24,UAV_309,38.9036598,101.082901,2575.8975,2,False
24,UAV_310,38.8720436,101.000946,2572.0068,5,False
24,UAV_311,38.7593613,101.0158615,2567.4592,3,False
24,UAV_312,38.9064255,101.0361786,2567.2622,5,False
24,UAV_313,38.8747025,101.0368042,2575.4656,4,False
24,UAV_314,38.8833618,100.957077,2572.626,4,False
24,UAV_315,38.8273354,101.0069427,2574.0535,1,False
24,UAV_316,38.9174194,101.0411148,2577.0303,4,False
24,UAV_317,38.9333763,101.0411987,2578.4734,4,False
24,UAV_318,38.805172,101.0773697,2577.3433,0,False
24,UAV_319,38.846344,101.0277634,2575.6472,0,False
24,UAV_320,38.8326683,101.0838089,2573.9417,0,False
24,UAV_321,38.9207115,100.9945297,2570.2976,5,False
24,UAV_322,38.8327789,101.0995941,2575.0728,0,False
24,UAV_323,38.7674294,101.0652924,2572.075,3,False
24,UAV_324,38.8891335,101.027977,2575.1611,4,False
24,UAV_325,38.7985764,101.1134872,2572.1284,3,False
24,UAV_326,38.8660889,101.1324081,2576.5518,0,False
24,UAV_327,38.8772125,101.0090103,2573.6973,4,False
24,UAV_328,38.7645226,101.039711,2575.6606,1,False
24,UAV_329,38.8217659,101.0883179,2572.9016,3,False
24,UAV_330,38.9173241,101.0041122,2574.9497,4,True
24,UAV_331,38.9260712,101.1064529,2571.2078,2,False
24,UAV_332,38.9084206,101.0430069,2573.7036,4,False
24,UAV_333,38.9536133,100.9793243,2570.1265,5,False
24,UAV_334,38.8688507,101.0283585,2574.3821,4,False
24,UAV_335,38.8001823,101.0369492,2573.416,1,False
24,UAV_336,38.8330193,101.0118179,2574.6492,1,False
24,UAV_337,38.8846092,101.0362015,2580.4026,0,False
24,UAV_338,38.7694206,101.047081,2573.8599,3,False
24,UAV_339,38.821907,101.137558,2572.0979,3,False
24,UAV_340,38.8581085,100.985527,2569.3149,5,False
24,UAV_341,38.8400154,101.0200348,2571.8928,1,False
24,UAV_342,38.9064636,101.0971909,2572.4395,2,False
24,UAV_343,38.8711891,101.0696869,2577.4392,0,False
24,UAV_344,38.9295425,101.1303711,2574.8223,2,False
24,UAV_345,38.8269196,101.0174026,2571.2764,1,False
24,UAV_346,38.8867264,101.0359497,2569.2812,5,False
24,UAV_347,38.8251877,101.0198364,2572.2607,1,False
24,UAV_348,38.8182869,101.0612564,2579.4858,0,False
24,UAV_349,38.9310036,100.9616165,2568.6064,5,False
24,UAV_350,38.8012924,101.1157455,2572.7063,3,False
24,UAV_351,38.9027748,101.1326828,2566.1555,2,False
24,UAV_352,38.8166122,101.0140457,2571.7415,1,False
24,UAV_353,38.7735939,100.9732132,2573.5776,1,False
24,UAV_354,38.791275,100.9801559,2572.5015,1,False
24,UAV_355,38.8923225,101.0427704,2574.7058,4,False
24,UAV_356,38.8180008,101.0358047,2570.4783,3,False
24,UAV_357,38.7920952,101.0343933,2574.3369,1,False
24,UAV_358,38.866745,101.0913239,2572.9172,2,False
24,UAV_359,38.8417053,101.0283356,2572.6863,1,False
24,UAV_360,38.8308868,101.0959473,2569.9558,3,False
24,UAV_361,38.872879,101.0602646,2564.9458,5,False
24,UAV_362,38.8289375,101.0907822,2572.3669,3,False
24,UAV_363,38.8203468,101.1163864,2570.8652,3,False
24,UAV_364,38.841198,101.0337296,2571.7581,5,False
24,UAV_365,38.829174,101.050087,2575.1196,0,False
24,UAV_366,38.7962532,101.1212616,2572.4617,3,False
24,UAV_367,38.8685188,101.0039825,2572.9124,4,False
24,UAV_368,38.8769264,101.0540619,2572.4041,2,False
24,UAV_369,38.9259834,101.1099319,2579.6985,0,False
24,UAV_370,38.8539391,101.0236893,2575.0261,4,False
24,UAV_371,38.8762245,101.0302582,2572.2576,4,False
24,UAV_372,38.8823013,101.0378647,2577.5149,4,False
24,UAV_373,38.8628426,101.0963974,2569.5669,2,False
24,UAV_374,38.8203659,101.0523987,2575.9746,0,False
24,UAV_375,38.809639,101.0385895,2566.4602,5,False
24,UAV_376,38.7958031,101.013649,2569.4375,3,False
24,UAV_377,38.8809929,101.0935516,2574.1323,2,False
24,UAV_378,38.8778381,101.1107101,2572.9229,2,False
24,UAV_379,38.7734795,101.0078812,2574.1152,1,False
24,UAV_380,38.8152199,101.0061111,2574.9749,1,False
24,UAV_381,38.8806534,101.009613,2575.1011,4,False
24,UAV_382,38.8871117,100.9514694,2575.2131,4,False
24,UAV_383,38.9205208,101.0172348,2574.1851,4,False
24,UAV_384,38.8884468,100.9865952,2567.1729,5,False
24,UAV_385,38.7622185,101.1141129,2577.3789,0,False
24,UAV_386,38.8471184,101.0882263,2568.564,3,False
24,UAV_387,38.9039841,101.076004,2578.5012,0,False
24,UAV_388,38.8040581,101.0832062,2573.2029,3,False
24,UAV_389,38.8308372,101.1179352,2570.2195,3,False
24,UAV_390,38.8432007,100.9940262,2568.6687,5,True
24,UAV_391,38.7724724,101.0780411,2577.0552,0,False
24,UAV_392,38.8006821,101.0616302,2575.5898,0,False
24,UAV_393,38.898304,100.9905319,2565.353,5,False
24,UAV_394,38.954071,101.0641403,2573.906,2,False
24,UAV_395,38.8919449,100.966713,2569.4275,5,False
24,UAV_396,38.9531784,100.9962921,2568.1169,5,False
24,UAV_397,38.8309326,101.0203323,2571.7297,1,False
24,UAV_398,38.8876991,101.0652008,2571.5,2,False
24,UAV_399,38.8748627,101.0696793,2572.8196,2,False
24,UAV_400,38.8494301,101.0350037,2575.8066,0,False
24,UAV_401,38.8889236,101.0025558,2570.4324,5,False
24,UAV_402,38.8870659,101.0720901,2577.6523,0,False
24,UAV_403,38.9133682,101.0802765,2576.6611,2,False
24,UAV_404,38.8602829,101.0340576,2571.1042,5,False
24,UAV_405,38.8935089,101.0313492,2569.6467,5,False
24,UAV_406,38.8229752,101.0574493,2576.3755,0,False
24,UAV_407,38.7777977,101.052063,2572.4983,3,False
24,UAV_408,38.8012886,101.064476,2574.2393,3,False
24,UAV_409,38.8802643,101.0168304,2572.1506,4,False
24,UAV_410,38.7701416,101.0514679,2575.0583,1,False
24,UAV_411,38.8759232,101.0621872,2573.6265,2,False
24,UAV_412,38.7964668,100.9763565,2573.5054,1,False
24,UAV_413,38.8083267,101.0880508,2571.292,3,True
24,UAV_414,38.8660698,100.9948196,2574.7871,4,False
24,UAV_415,38.8474083,100.9705658,2572.3845,1,False
24,UAV_416,38.8549538,101.0238113,2571.2422,5,False
24,UAV_417,38.9109192,101.120369,2576.0562,2,False
24,UAV_418,38.8796921,101.0301208,2572.3787,4,False
24,UAV_419,38.828476,100.960434,2573.5073,1,False
24,UAV_420,38.774704,101.0067902,2574.9421,1,False
24,UAV_421,38.7472382,101.0613861,2572.3337,3,False
24,UAV_422,38.8624687,100.9835663,2571.5859,5,False
24,UAV_423,38.8805504,101.0967026,2573.4915,2,False
24,UAV_424,38.810688,100.9541092,2572.3535,1,False
24,UAV_425,38.8876457,101.0634766,2573.6917,2,False
24,UAV_426,38.8768272,101.0815277,2574.2773,2,False
24,UAV_427,38.8433342,101.037056,2574.8987,0,False
24,UAV_428,38.8470345,100.9526062,2572.5596,1,False
24,UAV_429,38.8346748,100.9689713,2571.5088,1,False
24,UAV_430,38.7515144,101.0501328,2572.1008,3,False
24,UAV_431,38.7907333,101.025589,2574.2681,1,False
24,UAV_432,38.9185333,101.0795898,2573.8992,2,False
24,UAV_433,38.9517746,101.0129623,2578.7915,4,False
24,UAV_434,38.8335075,100.9729538,2568.3416,5,False
24,UAV_435,38.8524246,100.9729691,2571.947,1,False
24,UAV_436,38.7572212,101.0011902,2570.1428,1,False
24,UAV_437,38.8802528,101.1227875,2572.7466,2,False
24,UAV_438,38.8622551,100.9990082,2567.1667,5,False
24,UAV_439,38.9170074,101.0346603,2574.0413,4,False
24,UAV_440,38.9270973,101.0107117,2571.9114,4,False
24,UAV_441,38.8230629,100.9552383,2574.7046,1,False
24,UAV_442,38.8564758,100.9875412,2573.5398,1,False
24,UAV_443,38.8825035,101.1372375,2571.0239,2,False
24,UAV_444,38.7985916,100.9978027,2574.6125,1,False
24,UAV_445,38.8128929,100.9772186,2572.7979,1,False
24,UAV_446,38.8637772,101.086174,2577.7678,0,False
24,UAV_447,38.8909264,101.100029,2574.012,2,False
24,UAV_448,38.7756691,101.03228,2571.2744,3,False
24,UAV_449,38.8083916,101.0640259,2572.9729,3,False
24,UAV_450,38.8177109,101.1277771,2577.5535,0,False
24,UAV_451,38.7895813,100.9959564,2578.7502,1,False
24,UAV_452,38.8653374,101.0876083,2565.4102,5,False
24,UAV_453,38.9149132,101.0637131,2574.1917,2,False
24,UAV_454,38.8284492,101.1085968,2572.7207,3,False
24,UAV_455,38.8145981,100.9858856,2572.9287,1,False
24,UAV_456,38.8260002,101.040123,2575.4148,0,False
24,UAV_457,38.847805,101.0387573,2570.209,5,False
24,UAV_458,38.8534164,101.0275574,2571.199,5,False
24,UAV_459,38.887867,100.9992828,2566.3457,5,False
24,UAV_460,38.7550278,101.0691071,2568.9695,3,False
24,UAV_461,38.8959007,100.9529266,2570.8992,5,False
24,UAV_462,38.8816681,101.1129608,2574.7849,2,False
24,UAV_463,38.7831154,100.993782,2574.3975,1,False
24,UAV_464,38.8329201,100.9762039,2572.2803,1,False
24,UAV_465,38.8675804,100.964653,2575.4312,4,False
24,UAV_466,38.943573,101.070816,2577.8584,4,False
24,UAV_467,38.8241425,100.9810715,2577.1321,1,False
24,UAV_468,38.8254967,101.0513229,2574.3625,0,False
24,UAV_469,38.8443222,101.0559998,2570.8789,3,False
24,UAV_470,38.8467369,101.0615463,2575.7073,0,False
24,UAV_471,38.8127632,100.9719849,2570.7349,1,False
24,UAV_472,38.8912354,101.0973129,2578.5754,0,False
24,UAV_473,38.8262558,101.1204147,2576.3987,0,False
24,UAV_474,38.8078995,100.9732285,2573.5752,1,False
24,UAV_475,38.9266777,101.0263214,2573.1492,4,False
24,UAV_476,38.9185829,101.0700912,2574.5193,2,False
24,UAV_477,38.8620796,100.9924774,2573.7666,4,False
24,UAV_478,38.9050789,100.9848022,2575.3887,4,False
24,UAV_479,38.8765182,101.0681839,2568.5642,5,False
24,UAV_480,38.8184891,101.0544052,2580.1211,0,False
24,UAV_481,38.8197594,100.9779129,2576.2107,1,False
24,UAV_482,38.7917595,101.1134262,2568.8242,3,False
24,UAV_483,38.9004936,101.1098175,2575.2581,2,False
24,UAV_484,38.8449059,101.0606003,2577.1746,0,False
24,UAV_485,38.8069763,101.016037,2566.7659,5,False
24,UAV_486,38.9091911,101.0451279,2576.3823,4,False
24,UAV_487,38.906662,101.0068588,2570.5706,5,False
24,UAV_488,38.8581886,100.9862289,2579.1558,4,False
24,UAV_489,38.8319893,101.0183029,2571.7107,1,False
24,UAV_490,38.8301849,100.9883881,2574.7383,1,False
24,UAV_491,38.9145508,101.0411835,2573.4553,4,False
24,UAV_492,38.8425903,101.0424271,2568.3511,5,False
24,UAV_493,38.8654099,101.0478973,2572.3423,2,False
24,UAV_494,38.7887955,100.9965057,2569.7141,1,False
24,UAV_495,38.9338112,101.0099869,2579.79,4,False
24,UAV_496,38.8405609,101.0236359,2568.5503,5,False
24,UAV_497,38.8004265,101.0085526,2572.0623,1,False
24,UAV_498,38.8374596,101.020401,2571.9341,1,False
24,UAV_499,38.869381,100.9751816,2574.856,4,False
24,UAV_500,38.8225098,101.0873413,2569.2151,3,False
25,UAV_001,38.8300781,101.0865936,2570.051,1,False
25,UAV_002,38.8758698,100.9922256,2579.1584,5,False
25,UAV_003,38.8897057,101.0588226,2571.4275,0,False
25,UAV_004,38.7848244,101.001091,2573.2168,2,False
25,UAV_005,38.8154411,101.0998917,2576.0901,4,False
25,UAV_006,38.8154182,101.0789413,2574.9224,4,False
25,UAV_007,38.8968544,101.1010437,2576.7764,0,False
25,UAV_008,38.879879,101.0538025,2569.1296,1,False
25,UAV_009,38.9141541,101.1012497,2571.0884,0,False
25,UAV_010,38.8767548,100.9339828,2571.6333,3,False
25,UAV_011,38.9015999,101.0498276,2572.2271,0,False
25,UAV_012,38.7926559,101.0543976,2575.9636,4,True
25,UAV_013,38.8492622,101.0545273,2571.0286,1,False
25,UAV_014,38.8595276,100.9824371,2574.0552,5,False
25,UAV_015,38.8838158,100.9600677,2576.6172,5,False
25,UAV_016,38.9673767,100.96315,2566.8745,3,False
25,UAV_017,38.8866386,101.0467606,2574.8381,0,False
25,UAV_018,38.8807068,100.9998245,2581.6204,5,False
25,UAV_019,38.8264198,100.9873962,2576.3489,5,False
25,UAV_020,38.8347626,100.9883881,2572.9526,5,False
25,UAV_021,38.9139214,101.0697708,2570.147,0,False
25,UAV_022,38.8789368,100.9556351,2571.2244,3,False
25,UAV_023,38.8660126,100.959137,2577.6084,5,False
25,UAV_024,38.8594437,101.0307312,2573.5586,5,False
25,UAV_025,38.8924904,101.0312805,2572.7629,0,False
25,UAV_026,38.8912354,101.0956879,2573.0798,0,False
25,UAV_027,38.8491554,101.0805969,2570.6812,1,False
25,UAV_028,38.9004822,101.111145,2570.0737,1,False
25,UAV_029,38.8455582,101.0533295,2576.4448,4,False
25,UAV_030,38.8342819,101.0185394,2566.3235,3,False
25,UAV_031,38.8464813,101.0292816,2574.1062,5,False
25,UAV_032,38.8450432,101.0829163,2569.0669,1,False
25,UAV_033,38.884861,101.0792313,2576.1282,0,False
25,UAV_034,38.8943672,101.0476456,2570.3308,3,False
25,UAV_035,38.8313141,101.0327454,2575.9595,5,False
25,UAV_036,38.8742447,100.9797668,2570.7375,3,False
25,UAV_037,38.913147,100.9762268,2573.5964,5,False
25,UAV_038,38.8943138,101.0235062,2575.2888,5,False
25,UAV_039,38.9490662,101.0054016,2577.9006,5,False
25,UAV_040,38.8345146,101.0262756,2570.8425,2,False
25,UAV_041,38.8378677,101.0032806,2579.3591,5,False
25,UAV_042,38.9347916,101.0749969,2574.7095,0,False
25,UAV_043,38.9053078,101.1023865,2572.4287,0,False
25,UAV_044,38.7626266,100.9916,2571.9297,2,False
25,UAV_045,38.9457817,101.0209045,2564.0371,3,False
25,UAV_046,38.8005867,100.9849854,2572.9419,2,False
25,UAV_047,38.8818398,100.9802094,2574.5815,5,False
25,UAV_048,38.9418068,101.0345688,2577.6924,0,False
25,UAV_049,38.788929,101.0499115,2580.2666,4,False
25,UAV_050,38.8967209,101.0317154,2571.2969,3,False
25,UAV_051,38.8817368,101.0322723,2567.8481,3,False
25,UAV_052,38.804863,101.064209,2577.3213,4,False
25,UAV_053,38.886776,101.0780945,2568.6692,1,False
25,UAV_054,38.8261719,101.0637207,2570.6182,1,False
25,UAV_055,38.797123,101.0726318,2570.98,1,False
25,UAV_056,38.8586159,101.0355225,2577.6611,5,False
25,UAV_057,38.8015404,101.0685501,2566.8101,1,False
25,UAV_058,38.8148384,101.0333557,2575.7427,4,False
25,UAV_059,38.879303,101.0272751,2574.4817,5,False
25,UAV_060,38.7796822,101.0091019,2570.3328,2,False
25,UAV_061,38.8411598,101.0839767,2575.5359,4,False
25,UAV_062,38.8624954,101.0198669,2574.1318,5,False
25,UAV_063,38.9175491,100.9769669,2575.7734,5,False
25,UAV_064,38.8908882,101.1367188,2569.6343,1,False
25,UAV_065,38.8862038,101.0466537,2575.6016,0,False
25,UAV_066,38.9234314,101.1123199,2572.4155,0,False
25,UAV_067,38.8725548,100.9985733,2570.1941,3,False
25,UAV_068,38.8771172,101.0186615,2573.0244,5,False
25,UAV_069,38.9168739,101.0829544,2577.9221,0,False
25,UAV_070,38.7901154,101.0224991,2573.7673,2,False
25,UAV_071,38.8213272,101.1321487,2578.3909,4,False
25,UAV_072,38.8654518,101.0397263,2575.9629,5,False
25,UAV_073,38.7912254,101.0184784,2574.6521,2,False
25,UAV_074,38.7910156,101.0128708,2572.856,2,False
25,UAV_075,38.81493,100.984642,2575.8308,5,False
25,UAV_076,38.9062576,101.0172272,2573.7449,5,False
25,UAV_077,38.7852249,101.1251297,2575.2993,4,False
25,UAV_078,38.9085846,101.0110245,2571.9106,3,False
25,UAV_079,38.9065666,101.0521698,2575.2363,0,False
25,UAV_080,38.9575348,101.0841751,2577.3701,0,False
25,UAV_081,38.7760353,101.0003738,2578.6704,4,False
25,UAV_082,38.7870789,101.0771637,2573.3943,4,False
25,UAV_083,38.742321,101.0020828,2568.5247,2,False
25,UAV_084,38.8123894,101.0710144,2576.2573,4,False
25,UAV_085,38.9050827,101.0375061,2574.1138,0,False
25,UAV_086,38.8654137,101.0870972,2573.1255,0,False
25,UAV_087,38.8010941,101.1362686,2576.7922,4,False
25,UAV_088,38.8011436,100.9807892,2571.7458,2,False
25,UAV_089,38.8537292,101.0574112,2569.5251,1,False
25,UAV_090,38.8760757,101.0244293,2569.46,3,False
25,UAV_091,38.8296585,101.02211,2573.2,2,False
25,UAV_092,38.8265495,100.9949341,2567.3711,3,False
25,UAV_093,38.8855743,100.9300842,2574.9634,5,False
25,UAV_094,38.7943039,101.0167847,2576.8369,4,False
25,UAV_095,38.8553429,101.1052094,2572.5437,1,False
25,UAV_096,38.8593903,101.0647736,2570.083,1,True
25,UAV_097,38.8176651,100.9222412,2573.1702,2,False
25,UAV_098,38.8840599,101.1270294,2575.2888,0,False
25,UAV_099,38.9094009,101.0277863,2574.4062,0,False
25,UAV_100,38.9013634,101.0986938,2568.6001,1,False
25,UAV_101,38.8661232,100.9975052,2573.7134,5,False
25,UAV_102,38.807766,101.0921555,2569.751,1,False
25,UAV_103,38.8915901,100.969368,2576.3406,5,False
25,UAV_104,38.798214,101.0215988,2574.4736,2,False
25,UAV_105,38.8906059,100.9877014,2570.7407,3,False
25,UAV_106,38.9117928,100.9946442,2569.1387,3,False
25,UAV_107,38.7889748,101.0735855,2570.4031,1,False
25,UAV_108,38.9516335,100.9738846,2570.4341,3,False
25,UAV_109,38.8772163,101.0454483,2573.8699,0,False
25,UAV_110,38.8425674,101.0919495,2574.4702,4,False
25,UAV_111,38.8484955,101.0056305,2575.3433,5,False
25,UAV_112,38.8081779,101.0348587,2571.1792,2,False
25,UAV_113,38.8109322,100.9849854,2573.5647,2,False
25,UAV_114,38.8772163,101.0151443,2574.6443,5,False
25,UAV_115,38.8794937,101.0380936,2571.6316,3,False
25,UAV_116,38.8450623,101.0547409,2569.2754,1,False
25,UAV_117,38.8602524,100.9500198,2571.7546,3,False
25,UAV_118,38.7977791,101.0056381,2570.5942,2,False
25,UAV_119,38.8059959,101.0539932,2572.4802,2,False
25,UAV_120,38.8532753,101.0718079,2576.6755,4,False
25,UAV_121,38.7794724,101.103447,2571.2139,1,False
25,UAV_122,38.7883797,101.0341873,2575.6025,4,False
25,UAV_123,38.8510895,101.0496597,2572.4626,1,False
25,UAV_124,38.8766403,101.122757,2576.2664,0,False
25,UAV_125,38.8254776,100.9982529,2572.1348,2,False
25,UAV_126,38.8007584,101.011467,2571.8953,2,False
25,UAV_127,38.9088631,101.0147324,2569.2449,3,False
25,UAV_128,38.85886,100.9669495,2565.9556,3,False
25,UAV_129,38.9523621,101.0432129,2572.2385,0,False
25,UAV_130,38.7962914,101.018486,2573.7925,2,False
25,UAV_131,38.8920784,100.9649277,2567.5623,3,False
25,UAV_132,38.866375,100.991188,2574.2278,5,False
25,UAV_133,38.882843,101.0415039,2573.2258,0,False
25,UAV_134,38.7474251,101.001709,2565.0879,2,False
25,UAV_135,38.7785759,101.0589294,2575.3687,4,False
25,UAV_136,38.8240547,101.0502243,2565.9614,1,False
25,UAV_137,38.8425789,100.9850998,2568.5623,3,False
25,UAV_138,38.814312,101.0545349,2568.5242,1,False
25,UAV_139,38.8069038,101.0323868,2569.9814,2,False
25,UAV_140,38.8565369,101.0675583,2565.4216,1,False
25,UAV_141,38.7911835,101.001091,2574.5728,2,False
25,UAV_142,38.8923149,101.1068344,2574.2634,0,False
25,UAV_143,38.7752838,100.9979706,2578.603,4,False
25,UAV_144,38.8440285,101.0799484,2566.5085,1,False
25,UAV_145,38.8642044,101.0936661,2568.9082,1,False
25,UAV_146,38.8783951,101.0066147,2574.4973,5,False
25,UAV_147,38.9147224,100.9909363,2572.9573,3,False
25,UAV_148,38.8096046,100.9900436,2578.7688,5,False
25,UAV_149,38.7745667,101.0835266,2571.7781,4,False
25,UAV_150,38.775795,101.1144409,2575.6992,4,False
25,UAV_151,38.8762054,101.0852966,2573.301,0,False
25,UAV_152,38.9157257,100.9619751,2575.4395,5,False
25,UAV_153,38.842411,101.0985947,2572.6138,1,False
25,UAV_154,38.8181953,101.0862656,2574.0957,4,False
25,UAV_155,38.8460541,100.9859467,2573.3914,5,False
25,UAV_156,38.8819122,101.0613327,2578.3105,0,False
25,UAV_157,38.7986488,101.1266251,2571.0493,1,False
25,UAV_158,38.8477135,101.079483,2571.1248,1,False
25,UAV_159,38.8418388,101.077095,2574.7068,4,False
25,UAV_160,38.8445282,100.9729004,2570.7344,3,False
25,UAV_161,38.9155273,101.1078491,2575.7036,0,False
25,UAV_162,38.8643227,101.0142899,2574.4885,5,False
25,UAV_163,38.7413673,101.0343094,2573.4001,2,False
25,UAV_164,38.7769165,100.9811707,2572.6541,2,False
25,UAV_165,38.8960457,100.9690857,2578.115,5,False
25,UAV_166,38.9043121,101.0959854,2575.3445,0,False
25,UAV_167,38.8994904,101.034996,2580.072,5,False
25,UAV_168,38.7737541,101.0953293,2573.6882,4,False
25,UAV_169,38.8894653,101.0181656,2574.0078,5,False
25,UAV_170,38.823513,101.1286163,2572.9561,1,False
25,UAV_171,38.864048,101.0489578,2578.22,5,False
25,UAV_172,38.8087082,101.0426331,2572.2527,2,False
25,UAV_173,38.7735977,100.9742508,2568.1943,2,False
25,UAV_174,38.8413811,101.007019,2577.6956,5,False
25,UAV_175,38.855381,101.0982437,2570.0684,1,False
25,UAV_176,38.7868423,101.1145172,2568.8438,1,False
25,UAV_177,38.8067245,101.0899734,2573.3613,4,False
25,UAV_178,38.8688087,101.0108566,2577.1096,5,False
25,UAV_179,38.8244095,101.0036621,2572.9958,2,False
25,UAV_180,38.8591385,100.9988861,2573.9512,5,False
25,UAV_181,38.8996696,101.0191803,2573.759,5,False
25,UAV_182,38.8606529,101.0523071,2575.1489,0,False
25,UAV_183,38.8439217,100.9523239,2571.1636,3,False
25,UAV_184,38.7488289,100.9796753,2570.135,2,False
25,UAV_185,38.8989754,101.0072937,2568.417,3,False
25,UAV_186,38.868248,101.0170975,2576.6179,5,False
25,UAV_187,38.8769989,101.0939026,2574.8491,0,False
25,UAV_188,38.9147644,101.0071869,2576.3079,5,False
25,UAV_189,38.7778511,100.9901428,2573.6294,2,False
25,UAV_190,38.8819809,101.0204239,2571.9922,3,False
25,UAV_191,38.8932724,100.965004,2575.9414,5,False
25,UAV_192,38.7612457,100.9857407,2574.5212,2,False
25,UAV_193,38.794281,101.0260468,2572.9473,2,False
25,UAV_194,38.8572083,101.057045,2571.9331,1,False
25,UAV_195,38.9600067,101.1340256,2573.3979,0,False
25,UAV_196,38.877636,101.0831909,2571.5471,1,False
25,UAV_197,38.922287,101.0324478,2577.6785,0,False
25,UAV_198,38.8051872,101.0321732,2571.5728,2,True
25,UAV_199,38.871376,101.0415497,2573.3174,0,False
25,UAV_200,38.7533989,101.1147385,2573.3022,4,False
25,UAV_201,38.9303398,101.0556259,2571.7905,0,False
25,UAV_202,38.8466454,101.0120468,2578.2126,5,False
25,UAV_203,38.8320808,101.0292587,2570.0151,2,False
25,UAV_204,38.82687,101.0201187,2570.854,2,False
25,UAV_205,38.7742615,101.1276855,2577.769,4,False
25,UAV_206,38.9052353,101.0323792,2571.1619,3,False
25,UAV_207,38.8519135,101.0410309,2571.8572,1,False
25,UAV_208,38.8493919,101.0753098,2572.7222,1,False
25,UAV_209,38.8919487,101.0848236,2575.4783,0,False
25,UAV_210,38.9353333,101.0381699,2573.4731,0,False
25,UAV_211,38.7873154,100.9808655,2576.2568,5,False
25,UAV_212,38.7643814,101.0168533,2575.9336,4,False
25,UAV_213,38.7763138,101.0338745,2569.7673,2,False
25,UAV_214,38.8274498,101.0593796,2574.2747,4,False
25,UAV_215,38.8386345,101.1006165,2579.2717,4,False
25,UAV_216,38.7966118,100.96521,2568.6582,2,False
25,UAV_217,38.9144325,101.1264496,2573.6711,0,False
25,UAV_218,38.8150558,100.9860001,2572.7981,2,False
25,UAV_219,38.7705612,101.0821762,2575.823,4,False
25,UAV_220,38.8917046,101.0365524,2572.4543,0,False
25,UAV_221,38.8737068,101.0398788,2572.8611,0,False
25,UAV_222,38.8588562,101.0477295,2565.7163,1,False
25,UAV_223,38.8265076,101.0722351,2569.3865,1,False
25,UAV_224,38.8288727,100.9407501,2575.4058,5,False
25,UAV_225,38.838974,101.0545197,2571.991,1,False
25,UAV_226,38.7848587,100.9969711,2574.322,2,False
25,UAV_227,38.8464966,101.1192932,2572.4893,1,False
25,UAV_228,38.7889137,101.0636368,2576.6509,4,False
25,UAV_229,38.951313,101.0042496,2573.8936,0,False
25,UAV_230,38.8121033,101.1151733,2578.7976,4,False
25,UAV_231,38.8230247,101.061203,2573.2063,4,False
25,UAV_232,38.8264542,100.9728851,2577.2642,5,False
25,UAV_233,38.775322,100.9801559,2573.0254,2,False
25,UAV_234,38.8339348,100.995163,2573.199,5,False
25,UAV_235,38.7929153,101.0390549,2570.4783,2,False
25,UAV_236,38.8803673,100.9729843,2574.2764,5,False
25,UAV_237,38.8692474,101.0849533,2575.7361,0,False
25,UAV_238,38.882061,101.0871353,2575.1392,0,False
25,UAV_239,38.8473549,101.0668259,2574.2947,4,False
25,UAV_240,38.8466187,101.0543365,2575.3923,4,False
25,UAV_241,38.8419189,100.9769058,2566.9907,3,False
25,UAV_242,38.777195,101.0291977,2573.0037,2,False
25,UAV_243,38.8240013,100.9974747,2571.0444,2,False
25,UAV_244,38.7961426,101.0842972,2571.906,1,False
25,UAV_245,38.9237938,101.0146103,2577.1897,5,False
25,UAV_246,38.9222336,101.0086594,2571.8845,3,False
25,UAV_247,38.937397,101.0756149,2575.2812,0,False
25,UAV_248,38.8179703,101.0956192,2571.7197,1,False
25,UAV_249,38.9228554,100.9898834,2577.2524,5,False
25,UAV_250,38.8855438,101.01548,2579.0671,5,False
25,UAV_251,38.8533554,100.9760437,2574.2708,5,False
25,UAV_252,38.7686386,101.1281281,2566.7153,1,False
25,UAV_253,38.8148575,101.0792313,2570.6748,1,False
25,UAV_254,38.8792763,101.0404739,2570.7,3,False
25,UAV_255,38.8650894,100.9991226,2568.7395,3,False
25,UAV_256,38.8998642,101.1165009,2572.658,0,False
25,UAV_257,38.8486519,101.0755157,2570.8594,1,False
25,UAV_258,38.9294434,101.0908966,2574.4275,0,True
25,UAV_259,38.8027115,101.1248398,2574.5823,4,False
25,UAV_260,38.8240585,101.0629501,2574.2747,4,False
25,UAV_261,38.903717,101.0428772,2571.9326,0,False
25,UAV_262,38.8724327,101.0844727,2574.7981,0,False
25,UAV_263,38.7914124,101.1464233,2575.1873,4,False
25,UAV_264,38.9324837,101.0593719,2574.1497,0,False
25,UAV_265,38.8652267,101.0478439,2570.9731,1,False
25,UAV_266,38.8761101,101.0916672,2570.7998,1,False
25,UAV_267,38.8834381,101.0990372,2572.6733,0,False
25,UAV_268,38.9235611,100.9698105,2574.9141,5,False
25,UAV_269,38.8974304,101.0160522,2573.0007,3,False
25,UAV_270,38.7951851,101.0148926,2573.2439,2,False
25,UAV_271,38.8656044,100.9975586,2574.4871,5,False
25,UAV_272,38.7529793,101.0002747,2579.0168,4,False
25,UAV_273,38.8486443,101.025032,2569.4609,3,False
25,UAV_274,38.8435478,101.0241318,2572.8152,5,False
25,UAV_275,38.8742294,100.9840546,2578.2961,5,False
25,UAV_276,38.7729759,101.0597305,2573.1006,4,False
25,UAV_277,38.7705345,100.990593,2573.7168,2,False
25,UAV_278,38.7940598,101.0957108,2570.3679,1,False
25,UAV_279,38.8853111,101.096405,2571.9382,0,False
25,UAV_280,38.8027153,100.9996796,2575.4402,5,False
25,UAV_281,38.9009514,101.0733109,2576.2427,0,False
25,UAV_282,38.8348007,101.0932693,2570.3174,1,False
25,UAV_283,38.8988609,101.0906448,2571.8672,0,False
25,UAV_284,38.8823967,101.014328,2575.2334,5,False
25,UAV_285,38.8394279,101.0849228,2574.6084,4,False
25,UAV_286,38.8365784,100.9504166,2577.4668,5,False
25,UAV_287,38.8450508,101.1017456,2568.6802,1,False
25,UAV_288,38.9051743,101.0920105,2574.5405,0,False
25,UAV_289,38.9093094,101.1441269,2574.7336,0,False
25,UAV_290,38.8146133,101.0042877,2575.7466,5,True
25,UAV_291,38.877079,101.0600281,2575.2588,0,False
25,UAV_292,38.848362,101.0043335,2571.5171,3,False
25,UAV_293,38.8768234,101.0984955,2573.8201,0,False
25,UAV_294,38.8450432,101.1406555,2572.2832,1,False
25,UAV_295,38.9542885,101.0184555,2570.9446,3,False
25,UAV_296,38.8429794,101.104248,2572.3108,1,False
25,UAV_297,38.8005142,101.0128403,2575.4661,5,False
25,UAV_298,38.873909,101.0778503,2572.9648,0,False
25,UAV_299,38.7805939,101.0558395,2577.4443,4,False
25,UAV_300,38.822506,100.9592972,2568.7366,2,False
25,UAV_301,38.8468742,101.0674667,2574.9431,4,False
25,UAV_302,38.779583,101.1492691,2574.5112,4,False
25,UAV_303,38.9010468,101.0911713,2569.2029,1,False
25,UAV_304,38.9067535,101.0660095,2572.3472,0,False
25,UAV_305,38.8611374,100.9743195,2579.1714,5,False
25,UAV_306,38.8471718,101.0152512,2579.1858,5,False
25,UAV_307,38.8273392,100.9984894,2573.4419,2,False
25,UAV_308,38.8633118,101.1029358,2569.374,1,False
25,UAV_309,38.9042358,101.084877,2571.7451,0,False
25,UAV_310,38.8683548,101.0047989,2574.0366,5,False
25,UAV_311,38.7602119,101.0136261,2565.9446,2,False
25,UAV_312,38.9068909,101.0351181,2573.2263,0,False
25,UAV_313,38.8713799,101.0377045,2576.123,5,False
25,UAV_314,38.8811798,100.957077,2578.5747,5,False
25,UAV_315,38.8288193,101.0326233,2578.2883,5,False
25,UAV_316,38.9167671,101.0436859,2580.4744,0,False
25,UAV_317,38.9322586,101.0438614,2575.6516,0,False
25,UAV_318,38.804554,101.0774231,2577.9048,4,False
25,UAV_319,38.8387756,101.0264359,2574.6973,5,False
25,UAV_320,38.8435287,101.0877457,2575.8176,4,False
25,UAV_321,38.9411545,100.9919205,2572.0867,3,False
25,UAV_322,38.8352089,101.1005707,2573.5317,1,False
25,UAV_323,38.7965012,101.0803757,2579.6453,4,False
25,UAV_324,38.8900719,101.0282974,2577.3008,5,False
25,UAV_325,38.7988663,101.1133728,2567.1875,1,False
25,UAV_326,38.8658714,101.1327591,2574.7783,0,False
25,UAV_327,38.8778458,101.0107574,2574.8708,5,False
25,UAV_328,38.7530022,100.9925156,2572.5398,2,False
25,UAV_329,38.7591171,101.1401978,2574.5491,4,False
25,UAV_330,38.9167061,101.0040512,2573.5293,5,False
25,UAV_331,38.9256821,101.1049728,2569.272,1,False
25,UAV_332,38.9093552,101.0430527,2573.6257,0,False
25,UAV_333,38.9537811,100.9780426,2571.9731,3,False
25,UAV_334,38.8559189,101.0385895,2574.1045,5,False
25,UAV_335,38.802681,101.0386505,2577.8477,4,False
25,UAV_336,38.8287773,101.0119934,2576.5725,5,False
25,UAV_337,38.8847237,101.0362549,2574.4724,0,False
25,UAV_338,38.7720375,101.0470352,2574.3853,4,False
25,UAV_339,38.8240051,101.1353455,2571.2361,1,False
25,UAV_340,38.85923,100.9842682,2572.2466,3,False
25,UAV_341,38.8430939,101.0199509,2573.8521,5,False
25,UAV_342,38.9339256,101.0486526,2574.4912,0,False
25,UAV_343,38.8757591,101.0762482,2570.8674,1,False
25,UAV_344,38.9296379,101.1308594,2573.4661,0,False
25,UAV_345,38.8268318,101.0171585,2568.2756,2,False
25,UAV_346,38.8986359,101.0390167,2568.1721,3,False
25,UAV_347,38.8232765,101.0207977,2575.3191,5,False
25,UAV_348,38.8167229,101.0612793,2578.5366,4,False
25,UAV_349,38.8869743,100.998497,2575.1235,5,False
25,UAV_350,38.7965927,101.1109543,2573.6018,4,False
25,UAV_351,38.9018326,101.1321335,2571.7219,0,False
25,UAV_352,38.8287392,101.0321198,2573.3545,2,False
25,UAV_353,38.770565,100.9760361,2570.0234,2,False
25,UAV_354,38.7908325,100.9795227,2569.991,2,False
25,UAV_355,38.8938141,101.0423965,2576.5325,0,False
25,UAV_356,38.8178177,101.0353699,2570.3145,2,False
25,UAV_357,38.7583199,101.0046921,2571.9631,2,False
25,UAV_358,38.8650627,101.0943069,2576.9956,0,False
25,UAV_359,38.8462563,100.9975281,2571.8484,3,False
25,UAV_360,38.8269272,101.0964432,2571.2034,1,False
25,UAV_361,38.8763924,101.0561295,2572.3901,0,False
25,UAV_362,38.8285828,101.0901184,2566.4849,1,False
25,UAV_363,38.8191261,101.1152802,2571.1108,1,False
25,UAV_364,38.8464165,101.0342178,2573.8767,5,False
25,UAV_365,38.8250504,101.0539932,2575.7166,4,False
25,UAV_366,38.7895699,101.1233673,2574.1292,4,False
25,UAV_367,38.8655205,101.006897,2573.5789,5,False
25,UAV_368,38.8754845,101.0531235,2568.7561,1,False
25,UAV_369,38.9073982,101.1116867,2578.9512,0,False
25,UAV_370,38.8535271,101.023819,2569.9299,3,True
25,UAV_371,38.8765373,101.0301666,2577.7183,5,False
25,UAV_372,38.8826027,101.0380554,2574.1694,0,False
25,UAV_373,38.8651619,101.0941696,2571.4966,1,False
25,UAV_374,38.8212471,101.0524139,2575.468,4,False
25,UAV_375,38.8095932,101.038414,2571.1833,2,False
25,UAV_376,38.7957802,101.0136261,2570.2019,2,False
25,UAV_377,38.8751373,101.0960922,2575.9568,0,False
25,UAV_378,38.8790779,101.1122513,2571.1812,1,False
25,UAV_379,38.7760124,101.0077896,2578.0269,4,False
25,UAV_380,38.8135719,101.0060654,2576.0735,5,False
25,UAV_381,38.8758125,101.0107346,2577.3528,5,False
25,UAV_382,38.8663635,100.9736023,2573.8198,5,False
25,UAV_383,38.9208336,101.0169067,2565.9116,3,False
25,UAV_384,38.8884048,100.986351,2571.1079,3,False
25,UAV_385,38.7593002,101.1156387,2576.751,4,False
25,UAV_386,38.8474045,101.0884857,2570.502,1,False
25,UAV_387,38.9043159,101.0784836,2571.2234,0,False
25,UAV_388,38.8043785,101.0830231,2568.0488,1,False
25,UAV_389,38.8321686,101.115593,2572.824,1,False
25,UAV_390,38.8445892,100.9940338,2572.5825,5,False
25,UAV_391,38.7724037,101.07827,2576.103,4,False
25,UAV_392,38.8004646,101.0615234,2574.3347,4,False
25,UAV_393,38.8979111,100.9905243,2568.3379,3,False
25,UAV_394,38.9546356,101.0640488,2571.6965,0,False
25,UAV_395,38.893074,100.9661179,2572.0388,3,False
25,UAV_396,38.9522324,100.9953003,2570.2524,3,False
25,UAV_397,38.8309784,101.0202255,2573.0974,2,False
25,UAV_398,38.8878479,101.0638885,2572.4087,0,False
25,UAV_399,38.8774757,101.0692444,2570.3774,1,False
25,UAV_400,38.8498611,101.0358582,2573.5552,5,False
25,UAV_401,38.8875275,101.0012894,2566.5002,3,False
25,UAV_402,38.8803749,101.0749283,2572.1523,0,False
25,UAV_403,38.9145927,101.0821609,2579.1501,0,False
25,UAV_404,38.8628654,101.0339813,2574.363,5,False
25,UAV_405,38.8929939,101.0284424,2570.4526,3,False
25,UAV_406,38.8206978,101.0574493,2578.4163,4,False
25,UAV_407,38.7793541,101.0472488,2577.782,4,False
25,UAV_408,38.8014297,101.0641556,2577.4504,4,False
25,UAV_409,38.8799896,101.0170059,2572.4807,3,False
25,UAV_410,38.7697296,101.0512924,2570.9556,2,False
25,UAV_411,38.8741837,101.0621948,2575.698,0,False
25,UAV_412,38.796566,100.9782104,2570.6157,2,False
25,UAV_413,38.8085709,101.0870132,2570.8674,1,False
25,UAV_414,38.867115,100.9937897,2567.9827,3,False
25,UAV_415,38.8376312,100.9680557,2571.0132,3,False
25,UAV_416,38.8579445,101.0236588,2573.012,5,False
25,UAV_417,38.9107704,101.1205063,2576.6572,0,False
25,UAV_418,38.8750916,101.0264053,2573.7192,5,False
25,UAV_419,38.8239822,100.9603806,2574.4736,5,False
25,UAV_420,38.7747345,101.0234528,2571.6187,2,False
25,UAV_421,38.7465515,101.0634537,2577.4009,4,False
25,UAV_422,38.8633499,100.9827118,2564.2603,3,False
25,UAV_423,38.8803864,101.0994797,2580.5127,0,False
25,UAV_424,38.8151741,100.9564362,2577.6973,5,False
25,UAV_425,38.8875999,101.0638657,2576.0662,0,False
25,UAV_426,38.8632965,101.0769348,2570.2976,1,False
25,UAV_427,38.8435135,101.0372925,2577.23,5,False
25,UAV_428,38.8484726,100.9513016,2565.4395,3,False
25,UAV_429,38.8415298,100.9667282,2575.5474,5,False
25,UAV_430,38.7504082,101.0486603,2571.8164,2,False
25,UAV_431,38.7895966,101.0274506,2573.4045,2,False
25,UAV_432,38.8884468,101.0795898,2579.9766,0,False
25,UAV_433,38.9565735,101.0139923,2573.0276,0,False
25,UAV_434,38.8325577,100.9719696,2568.4109,3,False
25,UAV_435,38.8548355,100.9730301,2573.3013,5,False
25,UAV_436,38.7566948,100.9971619,2568.1448,2,False
25,UAV_437,38.8791084,101.1228943,2578.9487,0,False
25,UAV_438,38.8610573,100.9976273,2570.1428,3,False
25,UAV_439,38.9139404,101.0374222,2574.6489,0,False
25,UAV_440,38.9254913,101.0095367,2566.9504,3,False
25,UAV_441,38.8266525,100.9553452,2573.6223,5,False
25,UAV_442,38.8566628,100.9850693,2567.1912,3,False
25,UAV_443,38.9607582,101.1520233,2574.043,0,False
25,UAV_444,38.8012581,100.9977036,2570.9883,2,False
25,UAV_445,38.8135262,100.9744797,2569.2439,2,False
25,UAV_446,38.8624763,101.0867004,2575.1089,0,False
25,UAV_447,38.8953857,101.098114,2572.3279,0,False
25,UAV_448,38.7754936,101.0312729,2567.5713,2,False
25,UAV_449,38.8083992,101.0640488,2569.2507,1,False
25,UAV_450,38.8086357,101.1260605,2575.4817,4,False
25,UAV_451,38.7906418,100.9980087,2574.9717,2,False
25,UAV_452,38.8647766,101.0871964,2573.3994,0,False
25,UAV_453,38.911602,101.0651779,2570.3,0,False
25,UAV_454,38.8369751,101.1085434,2575.4094,4,False
25,UAV_455,38.8146019,100.9930191,2574.7769,5,False
25,UAV_456,38.8255653,101.0393906,2569.5037,1,False
25,UAV_457,38.8482552,101.0383682,2568.46,1,False
25,UAV_458,38.8541756,101.0248718,2570.9834,3,False
25,UAV_459,38.8873672,100.9988708,2572.1201,3,False
25,UAV_460,38.7539444,101.0671005,2568.1057,2,False
25,UAV_461,38.8993034,100.9526749,2569.2456,3,False
25,UAV_462,38.8781242,101.1165466,2576.2605,0,False
25,UAV_463,38.783577,100.9933395,2570.8542,2,False
25,UAV_464,38.8802528,100.9994354,2574.345,5,False
25,UAV_465,38.8707314,100.9641342,2571.8074,3,False
25,UAV_466,38.9473572,101.073555,2573.7141,0,False
25,UAV_467,38.8681145,101.0210724,2570.9812,3,False
25,UAV_468,38.8008308,100.9766541,2570.5432,2,False
25,UAV_469,38.8448334,101.0559311,2576.1709,4,False
25,UAV_470,38.8467522,101.0617828,2574.2839,4,False
25,UAV_471,38.8129539,100.9706802,2573.0044,2,False
25,UAV_472,38.8965263,101.1062775,2576.8459,0,False
25,UAV_473,38.8202209,101.1199417,2571.6531,1,False
25,UAV_474,38.8055115,100.9754791,2578.6367,5,False
25,UAV_475,38.9273529,101.0260544,2572.7966,0,False
25,UAV_476,38.9157143,101.0729599,2577.7866,0,False
25,UAV_477,38.8679008,100.9956894,2579.0034,5,False
25,UAV_478,38.9052696,100.9849091,2568.8906,3,False
25,UAV_479,38.8757324,101.067009,2566.3994,1,False
25,UAV_480,38.8134117,101.0551682,2574.6746,4,False
25,UAV_481,38.8198166,100.9781036,2576.7678,5,False
25,UAV_482,38.7930222,101.1151581,2578.7205,4,False
25,UAV_483,38.9003754,101.1096878,2572.542,0,False
25,UAV_484,38.8482285,101.0606766,2572.7742,1,False
25,UAV_485,38.8078346,101.0150452,2569.2502,2,False
25,UAV_486,38.9079094,101.0451431,2574.2375,0,False
25,UAV_487,38.905838,101.0061569,2571.1472,3,False
25,UAV_488,38.8609505,100.9943466,2576.9841,5,False
25,UAV_489,38.8330421,101.0176926,2569.387,2,False
25,UAV_490,38.8230209,100.9883575,2574.4062,5,False
25,UAV_491,38.9133339,101.0409851,2573.3506,0,False
25,UAV_492,38.8415413,101.0420456,2573.6157,5,False
25,UAV_493,38.8737335,101.0113678,2573.9521,5,False
25,UAV_494,38.7879219,100.9961472,2569.9758,2,False
25,UAV_495,38.9314575,101.0131989,2573.2661,0,False
25,UAV_496,38.8437996,101.0218277,2569.0156,3,False
25,UAV_497,38.7993965,101.0065918,2567.4487,2,False
25,UAV_498,38.8411331,101.0207977,2573.6946,5,False
25,UAV_499,38.8671112,100.9751816,2570.0129,3,False
25,UAV_500,38.8249931,101.0858078,2570.9312,1,False
26,UAV_001,38.8300476,101.0860214,2573.4358,3,False
26,UAV_002,38.8740921,100.9930038,2572.0769,0,False
26,UAV_003,38.888649,101.0580597,2572.0725,1,False
26,UAV_004,38.7827606,101.0011749,2567.5916,5,False
26,UAV_005,38.8152771,101.0997772,2576.0312,3,False
26,UAV_006,38.8206635,101.0805893,2573.936,3,False
26,UAV_007,38.8972816,101.1022339,2576.0972,4,False
26,UAV_008,38.8796577,101.0521851,2574.3345,4,False
26,UAV_009,38.9139671,101.1010818,2569.3735,1,False
26,UAV_010,38.8805656,100.9336624,2572.2146,0,False
26,UAV_011,38.900425,101.049881,2575.6538,4,False
26,UAV_012,38.8129768,101.0475616,2569.7747,5,False
26,UAV_013,38.8486671,101.054306,2571.8496,1,False
26,UAV_014,38.8600502,100.9881592,2577.6064,2,False
26,UAV_015,38.8842926,100.958519,2569.1538,0,False
26,UAV_016,38.9673843,100.9617462,2571.3137,0,False
26,UAV_017,38.8894463,101.0449295,2567.7385,1,False
26,UAV_018,38.8830376,101.0011749,2575.4792,0,False
26,UAV_019,38.8612442,101.0039597,2575.8181,2,False
26,UAV_020,38.8375626,100.9902573,2576.3352,2,False
26,UAV_021,38.9211769,101.0746918,2571.7942,1,False
26,UAV_022,38.8844185,100.9532394,2568.6221,0,False
26,UAV_023,38.8649788,100.9595947,2579.051,2,False
26,UAV_024,38.8574104,101.0307846,2575.2588,2,False
26,UAV_025,38.8936424,101.0327301,2572.4758,0,False
26,UAV_026,38.8894234,101.0973511,2579.1619,4,False
26,UAV_027,38.8481026,101.0761871,2573.3694,3,False
26,UAV_028,38.9005928,101.1096649,2570.3816,1,False
26,UAV_029,38.8476257,101.0543289,2576.3752,4,False
26,UAV_030,38.8330612,101.017807,2571.9563,5,False
26,UAV_031,38.8453026,101.0293884,2571.4534,1,False
26,UAV_032,38.843544,101.0824051,2572.1602,1,False
26,UAV_033,38.884716,101.079422,2575.666,4,False
26,UAV_034,38.8933334,101.0477448,2576.635,4,False
26,UAV_035,38.8312645,101.0327835,2573.2329,2,False
26,UAV_036,38.8719292,100.9747314,2567.115,5,False
26,UAV_037,38.9111481,100.9773483,2578.5117,0,False
26,UAV_038,38.893116,101.0236282,2572.1477,0,False
26,UAV_039,38.9477043,101.0053635,2579.9399,0,False
26,UAV_040,38.83181,101.0212936,2569.5339,5,False
26,UAV_041,38.8351059,101.0060349,2576.3384,2,False
26,UAV_042,38.9355927,101.0800629,2577.5574,4,False
26,UAV_043,38.9060249,101.104744,2576.5146,4,False
26,UAV_044,38.7663231,100.9905472,2571.0857,5,False
26,UAV_045,38.9450645,101.0197067,2571.9014,0,False
26,UAV_046,38.8003387,100.9869156,2576.4475,2,False
26,UAV_047,38.8818054,100.9790726,2568.2393,0,False
26,UAV_048,38.9440269,101.0371323,2574.7583,0,False
26,UAV_049,38.7903328,101.0499878,2566.9082,5,False
26,UAV_050,38.896946,101.0315552,2567.9485,1,False
26,UAV_051,38.8781776,101.0322418,2573.8252,0,False
26,UAV_052,38.8083038,101.0621185,2575.0789,3,False
26,UAV_053,38.8848572,101.0746613,2574.739,4,False
26,UAV_054,38.8262405,101.0635986,2573.7903,3,False
26,UAV_055,38.7985039,101.0725632,2573.8501,3,False
26,UAV_056,38.853508,101.0349579,2578.0408,2,False
26,UAV_057,38.8018112,101.0671387,2568.4946,1,False
26,UAV_058,38.8142738,101.0339737,2574.5952,2,False
26,UAV_059,38.8807564,101.0704956,2573.7349,4,False
26,UAV_060,38.7801132,101.0076752,2566.344,5,False
26,UAV_061,38.8390465,101.0861053,2576.7214,4,False
26,UAV_062,38.8704185,101.0159988,2577.1824,2,False
26,UAV_063,38.9129715,100.9780807,2577.1018,0,False
26,UAV_064,38.8915062,101.1350784,2572.0354,4,False
26,UAV_065,38.8839684,101.0459747,2572.7876,0,False
26,UAV_066,38.923214,101.1108475,2569.9939,1,False
26,UAV_067,38.8797264,100.9922638,2576.3711,0,False
26,UAV_068,38.876152,101.0166702,2571.0132,0,False
26,UAV_069,38.9128838,101.0822067,2572.9573,4,False
26,UAV_070,38.789566,101.0225372,2577.9851,2,False
26,UAV_071,38.8207855,101.1324387,2576.1848,3,False
26,UAV_072,38.864563,101.0432281,2579.7175,4,False
26,UAV_073,38.7936554,101.0184479,2574.3997,2,False
26,UAV_074,38.7879295,101.0102234,2567.2053,5,False
26,UAV_075,38.8150101,100.9846878,2577.0386,2,False
26,UAV_076,38.9075584,101.0161819,2572.3677,0,False
26,UAV_077,38.8068657,101.0542603,2575.5447,3,False
26,UAV_078,38.9084167,101.0111771,2577.968,0,False
26,UAV_079,38.9061127,101.0525742,2575.3142,4,False
26,UAV_080,38.9570961,101.0827332,2566.8906,1,False
26,UAV_081,38.7843781,101.0002365,2574.1709,2,False
26,UAV_082,38.7861443,101.0781555,2574.0061,3,False
26,UAV_083,38.7431335,101.0004883,2567.1814,5,False
26,UAV_084,38.8104515,101.0710068,2570.9519,3,False
26,UAV_085,38.9077187,101.0371704,2576.0115,4,False
26,UAV_086,38.8786125,101.0845413,2569.7456,1,False
26,UAV_087,38.7982292,101.1378403,2576.5334,3,False
26,UAV_088,38.8095055,100.9806824,2573.8372,2,False
26,UAV_089,38.8531914,101.0565796,2570.7163,1,False
26,UAV_090,38.8761673,101.0246506,2573.9585,0,False
26,UAV_091,38.8292809,101.022049,2569.6873,5,True
26,UAV_092,38.8265228,100.994873,2574.7842,2,False
26,UAV_093,38.8850365,100.9500656,2575.8662,0,False
26,UAV_094,38.7917633,101.0184937,2574.575,2,False
26,UAV_095,38.8554192,101.105072,2569.5969,1,False
26,UAV_096,38.8589935,101.064476,2568.6982,1,False
26,UAV_097,38.8140106,100.9392166,2573.0178,2,False
26,UAV_098,38.891758,101.1088562,2567.9663,1,False
26,UAV_099,38.9104919,101.0277634,2574.6565,0,False
26,UAV_100,38.9013252,101.0968323,2571.5286,1,False
26,UAV_101,38.8689346,100.9974289,2572.5527,0,False
26,UAV_102,38.808445,101.093399,2572.1167,3,False
26,UAV_103,38.8827591,101.0023041,2573.7871,0,False
26,UAV_104,38.7980461,101.0219345,2569.3152,5,False
26,UAV_105,38.8901215,100.9863129,2568.7295,0,False
26,UAV_106,38.913063,100.9942245,2567.6768,0,False
26,UAV_107,38.7890663,101.0735092,2574.8586,3,False
26,UAV_108,38.9516678,100.9724884,2569.6355,0,False
26,UAV_109,38.8750381,101.0454483,2574.4519,4,False
26,UAV_110,38.844017,101.0927887,2574.0146,3,False
26,UAV_111,38.8523331,101.012146,2574.0037,2,False
26,UAV_112,38.7876472,100.9918518,2573.498,2,False
26,UAV_113,38.7980957,100.987114,2574.3335,2,False
26,UAV_114,38.8755302,101.0162888,2572.4045,0,False
26,UAV_115,38.8794365,101.0378494,2565.3313,1,False
26,UAV_116,38.8411636,101.058136,2576.249,4,False
26,UAV_117,38.8577118,100.9522095,2576.5598,2,False
26,UAV_118,38.7961884,101.0056305,2572.6907,5,False
26,UAV_119,38.8055916,101.0521088,2572.5718,3,False
26,UAV_120,38.8531342,101.0721283,2568.6526,1,False
26,UAV_121,38.7791443,101.1029358,2568.5156,3,False
26,UAV_122,38.7883148,101.0344772,2581.7483,2,False
26,UAV_123,38.8484268,101.0522537,2578.3171,4,False
26,UAV_124,38.8772774,101.122673,2572.9814,4,False
26,UAV_125,38.8239059,100.9982605,2573.7817,2,False
26,UAV_126,38.8011856,101.0099945,2570.95,5,False
26,UAV_127,38.9085197,101.0144577,2565.5969,1,False
26,UAV_128,38.8592415,100.9663773,2573.053,0,False
26,UAV_129,38.9522095,101.047699,2573.0823,0,False
26,UAV_130,38.7971306,101.0183945,2572.76,5,False
26,UAV_131,38.8913841,100.963295,2576.3494,0,False
26,UAV_132,38.8947372,101.0227737,2574.4507,0,False
26,UAV_133,38.8840179,101.0405273,2566.8333,1,False
26,UAV_134,38.7472038,101.0004807,2573.9563,2,False
26,UAV_135,38.7779045,101.0606308,2578.7585,3,False
26,UAV_136,38.8231201,101.0497131,2573.4956,3,False
26,UAV_137,38.8433876,100.984314,2566.8953,5,False
26,UAV_138,38.8142776,101.0536575,2569.0984,1,False
26,UAV_139,38.8056412,101.0311279,2569.9998,5,False
26,UAV_140,38.8570747,101.0658188,2568.0,1,False
26,UAV_141,38.7887802,101.002739,2573.5508,2,False
26,UAV_142,38.8946114,101.1063995,2573.835,4,False
26,UAV_143,38.772522,100.9989624,2574.6096,2,False
26,UAV_144,38.8437767,101.0799332,2569.9666,1,False
26,UAV_145,38.8639336,101.0919724,2565.1084,1,False
26,UAV_146,38.8799706,101.0210648,2573.9089,0,False
26,UAV_147,38.9143829,100.9902649,2572.9319,0,False
26,UAV_148,38.8100357,100.9900436,2576.6008,2,False
26,UAV_149,38.7770195,101.0835114,2575.3608,3,False
26,UAV_150,38.7753525,101.115097,2574.6055,3,False
26,UAV_151,38.8826904,101.0897446,2576.0784,4,False
26,UAV_152,38.908596,100.9620285,2573.7263,0,False
26,UAV_153,38.8396683,101.1068726,2579.1355,4,False
26,UAV_154,38.8082008,101.0862732,2575.3191,3,False
26,UAV_155,38.8471107,100.9906921,2573.3596,2,False
26,UAV_156,38.8850403,101.0638351,2577.2612,4,False
26,UAV_157,38.7990341,101.1267395,2574.6985,3,False
26,UAV_158,38.8479042,101.0782394,2572.1956,1,False
26,UAV_159,38.8424377,101.0768051,2571.1521,1,False
26,UAV_160,38.847229,100.9708099,2566.365,5,False
26,UAV_161,38.9127769,101.1105499,2576.2461,4,False
26,UAV_162,38.861721,101.01577,2575.8071,2,False
26,UAV_163,38.7419243,101.0315475,2567.5991,5,False
26,UAV_164,38.777504,100.9800186,2565.9045,5,False
26,UAV_165,38.8947906,100.9728699,2575.207,0,False
26,UAV_166,38.907177,101.0958786,2573.5815,4,False
26,UAV_167,38.8980103,101.0349274,2574.5762,0,False
26,UAV_168,38.7718315,101.0953293,2570.7205,3,False
26,UAV_169,38.8921967,101.018074,2572.9216,0,False
26,UAV_170,38.8191681,101.1296921,2574.8213,3,False
26,UAV_171,38.8639679,101.0490799,2576.8984,4,False
26,UAV_172,38.8077431,101.0414963,2565.5986,5,False
26,UAV_173,38.7737465,100.9741898,2576.3423,2,False
26,UAV_174,38.8415909,101.0072403,2575.4844,2,False
26,UAV_175,38.8543968,101.0982971,2571.7805,1,False
26,UAV_176,38.786644,101.1143341,2573.5591,3,False
26,UAV_177,38.807106,101.0899353,2570.123,3,False
26,UAV_178,38.8669472,101.0118713,2576.9619,2,False
26,UAV_179,38.8236313,101.0015869,2571.6133,5,False
26,UAV_180,38.8588104,100.9992981,2576.4692,2,False
26,UAV_181,38.8970642,101.0216141,2574.6597,0,False
26,UAV_182,38.860817,101.0521164,2569.0298,1,False
26,UAV_183,38.8425217,100.9521332,2572.3726,2,False
26,UAV_184,38.7514305,100.9776535,2571.9116,5,False
26,UAV_185,38.8989143,101.0052109,2569.8162,0,False
26,UAV_186,38.8680649,101.0156174,2569.4553,1,True
26,UAV_187,38.8785019,101.0953445,2575.8281,4,False
26,UAV_188,38.9146194,101.0072556,2572.5916,0,False
26,UAV_189,38.7768669,100.9892502,2571.4778,5,False
26,UAV_190,38.8794022,101.0207138,2575.8767,0,False
26,UAV_191,38.8931808,100.9657898,2575.3491,0,False
26,UAV_192,38.7544937,100.9788971,2570.7917,5,False
26,UAV_193,38.7991028,101.0259857,2574.5244,2,False
26,UAV_194,38.8549309,101.0570374,2577.6262,4,False
26,UAV_195,38.8993759,101.1385574,2571.8794,4,False
26,UAV_196,38.9488831,101.1100006,2576.0354,4,False
26,UAV_197,38.9217644,101.032486,2570.3665,0,False
26,UAV_198,38.8051376,101.0322037,2576.8398,2,False
26,UAV_199,38.8709831,101.0415344,2573.7109,0,False
26,UAV_200,38.7527657,101.1161041,2576.5974,3,False
26,UAV_201,38.9344177,101.0522842,2574.458,4,False
26,UAV_202,38.8309288,100.97715,2574.636,2,False
26,UAV_203,38.8311768,101.028595,2571.3418,5,False
26,UAV_204,38.829319,101.0172348,2573.0417,2,False
26,UAV_205,38.7742615,101.128746,2568.3464,3,False
26,UAV_206,38.905529,101.031311,2573.7803,0,False
26,UAV_207,38.8522949,101.0409393,2572.9058,0,False
26,UAV_208,38.8495331,101.0747757,2567.5737,1,False
26,UAV_209,38.8761482,101.1418228,2575.4426,4,False
26,UAV_210,38.9361687,101.0394669,2572.7366,0,False
26,UAV_211,38.8065147,101.0125427,2573.6836,2,False
26,UAV_212,38.766655,101.0169983,2572.3501,5,False
26,UAV_213,38.7835541,101.0291672,2573.6526,2,False
26,UAV_214,38.8274689,101.059166,2571.4658,1,False
26,UAV_215,38.834034,101.1005936,2578.6504,4,False
26,UAV_216,38.7977295,100.9626465,2574.8237,2,False
26,UAV_217,38.885128,101.1526337,2575.3027,4,False
26,UAV_218,38.8079262,100.9860687,2569.0293,5,False
26,UAV_219,38.7704391,101.0824051,2573.2825,3,False
26,UAV_220,38.8915939,101.036438,2577.3408,4,False
26,UAV_221,38.8737831,101.0401001,2580.5229,4,False
26,UAV_222,38.8577042,101.0476151,2566.6404,1,False
26,UAV_223,38.8254128,101.0707321,2568.8528,1,False
26,UAV_224,38.8323517,100.9429169,2574.9946,2,False
26,UAV_225,38.8118172,101.0905762,2575.9861,3,False
26,UAV_226,38.7838097,101.000145,2579.1045,2,False
26,UAV_227,38.8463097,101.1195679,2575.7473,4,False
26,UAV_228,38.7843323,101.0636139,2573.8323,3,False
26,UAV_229,38.9513168,101.0092087,2574.2329,0,False
26,UAV_230,38.8207932,101.1152267,2572.9771,3,False
26,UAV_231,38.8218727,101.0575562,2567.8835,1,False
26,UAV_232,38.8292694,100.9740982,2572.9165,2,False
26,UAV_233,38.776577,100.9796906,2567.907,5,False
26,UAV_234,38.831852,100.995163,2571.6526,5,False
26,UAV_235,38.7894669,101.0405197,2579.0593,2,False
26,UAV_236,38.8825378,100.974968,2573.4753,0,False
26,UAV_237,38.8716774,101.0896835,2577.6567,4,False
26,UAV_238,38.87957,101.0892181,2573.6067,4,False
26,UAV_239,38.8489532,101.0673294,2574.5725,4,False
26,UAV_240,38.8476448,101.055542,2577.2964,4,False
26,UAV_241,38.8398056,100.9780197,2573.7366,2,False
26,UAV_242,38.7772179,101.0301437,2572.1108,5,False
26,UAV_243,38.8240662,100.9970627,2571.3,5,False
26,UAV_244,38.797226,101.0836563,2569.4048,3,False
26,UAV_245,38.9136848,101.0148621,2571.8972,0,False
26,UAV_246,38.9254074,101.0085602,2573.1106,0,False
26,UAV_247,38.9362068,101.0756836,2574.3757,4,False
26,UAV_248,38.8358612,101.0943756,2575.5605,3,False
26,UAV_249,38.9185791,100.9910583,2576.168,0,False
26,UAV_250,38.8919754,101.0399094,2573.2393,0,False
26,UAV_251,38.8534546,100.9746552,2568.2827,5,False
26,UAV_252,38.7674408,101.1273041,2570.8784,3,False
26,UAV_253,38.8170929,101.0774918,2569.7883,1,False
26,UAV_254,38.880394,101.0397568,2568.1941,1,False
26,UAV_255,38.8665276,100.9969559,2573.1448,0,False
26,UAV_256,38.8996277,101.1163559,2575.3757,4,False
26,UAV_257,38.8481598,101.0753479,2569.3601,1,False
26,UAV_258,38.8908005,101.0632706,2574.1355,4,False
26,UAV_259,38.7981071,101.1207275,2562.9824,1,False
26,UAV_260,38.8241348,101.0628357,2574.145,3,False
26,UAV_261,38.9186287,101.0365677,2572.2002,0,False
26,UAV_262,38.8666,101.0810165,2572.2791,1,False
26,UAV_263,38.7912712,101.1470795,2572.0854,3,False
26,UAV_264,38.931942,101.0581284,2572.0627,0,False
26,UAV_265,38.8654976,101.0447159,2576.1421,4,False
26,UAV_266,38.8761673,101.0905151,2571.5815,1,False
26,UAV_267,38.8834724,101.0989227,2569.1663,1,False
26,UAV_268,38.9235077,100.9698486,2574.6975,0,False
26,UAV_269,38.8945656,101.018898,2573.6738,0,False
26,UAV_270,38.7938805,101.0156097,2573.1797,2,False
26,UAV_271,38.8652306,100.997673,2575.3381,2,False
26,UAV_272,38.7592468,101.0036163,2570.8413,5,False
26,UAV_273,38.8490601,101.0246658,2563.45,1,False
26,UAV_274,38.842762,101.0242462,2573.0522,2,False
26,UAV_275,38.8713608,100.9855881,2572.8003,0,True
26,UAV_276,38.7707558,101.057106,2574.9128,3,False
26,UAV_277,38.7685242,100.9912186,2572.7676,5,False
26,UAV_278,38.7942352,101.0951843,2572.7266,3,False
26,UAV_279,38.8877563,101.0962067,2580.3611,4,False
26,UAV_280,38.7999649,101.0006714,2579.9719,2,False
26,UAV_281,38.8902817,101.074234,2571.2153,1,False
26,UAV_282,38.8412666,101.0927048,2577.3853,4,False
26,UAV_283,38.8983307,101.0901947,2572.4424,4,False
26,UAV_284,38.8789139,101.0133286,2572.3555,0,False
26,UAV_285,38.8385849,101.0846939,2572.4333,3,False
26,UAV_286,38.8434906,100.9528427,2574.2158,2,False
26,UAV_287,38.8454247,101.1004639,2574.1355,3,False
26,UAV_288,38.9049454,101.0922852,2575.2363,4,False
26,UAV_289,38.9044838,101.1453018,2571.9841,4,False
26,UAV_290,38.8119049,101.0131226,2573.2383,2,False
26,UAV_291,38.8845367,101.0145416,2572.9744,0,False
26,UAV_292,38.8473167,101.004425,2575.2036,2,False
26,UAV_293,38.8772354,101.0959091,2571.1189,1,False
26,UAV_294,38.84552,101.1412277,2576.5466,4,False
26,UAV_295,38.935688,101.0178223,2570.2507,0,False
26,UAV_296,38.8431587,101.1040802,2569.9717,1,False
26,UAV_297,38.8029671,101.0157852,2576.1797,2,False
26,UAV_298,38.8705025,101.0950165,2575.9084,4,False
26,UAV_299,38.7800407,101.0558319,2573.2488,3,False
26,UAV_300,38.8222427,100.9589844,2570.9167,5,False
26,UAV_301,38.837944,101.0544662,2572.6733,3,False
26,UAV_302,38.7781372,101.1485519,2570.5173,3,False
26,UAV_303,38.9006882,101.0897217,2570.3379,1,False
26,UAV_304,38.9081993,101.0675583,2575.9519,4,False
26,UAV_305,38.8611565,100.973999,2575.5261,2,False
26,UAV_306,38.8464661,101.0173264,2577.0437,2,False
26,UAV_307,38.8325844,100.9891205,2570.2344,5,False
26,UAV_308,38.8623428,101.1015854,2569.9109,1,False
26,UAV_309,38.9050713,101.0867767,2577.7402,4,False
26,UAV_310,38.8619118,101.0080643,2574.7378,2,False
26,UAV_311,38.7612381,101.0114746,2568.969,5,False
26,UAV_312,38.9074402,101.0340881,2577.0378,4,False
26,UAV_313,38.8679161,101.0379944,2571.3669,1,False
26,UAV_314,38.8790131,100.957077,2571.1001,0,False
26,UAV_315,38.8879585,100.9932556,2570.0081,0,False
26,UAV_316,38.9157333,101.0461426,2572.3691,0,False
26,UAV_317,38.9307938,101.0463486,2570.3274,0,False
26,UAV_318,38.8037949,101.0775223,2573.9514,3,False
26,UAV_319,38.8322411,101.0237579,2572.8049,2,False
26,UAV_320,38.8437386,101.0876999,2573.332,3,False
26,UAV_321,38.9584618,101.0068665,2572.1882,0,False
26,UAV_322,38.8375397,101.1019287,2575.1208,3,False
26,UAV_323,38.7511368,101.025795,2568.7949,5,False
26,UAV_324,38.891243,101.0286026,2574.6252,0,False
26,UAV_325,38.7991371,101.1132507,2571.7866,3,False
26,UAV_326,38.8656502,101.1330719,2572.8696,4,False
26,UAV_327,38.8783722,101.0123978,2572.2488,0,False
26,UAV_328,38.7494545,100.960907,2571.8589,5,False
26,UAV_329,38.7624474,101.086792,2573.2031,3,False
26,UAV_330,38.916214,101.0039902,2570.2676,0,False
26,UAV_331,38.9252167,101.103569,2577.3652,4,False
26,UAV_332,38.9102859,101.043045,2576.7168,4,False
26,UAV_333,38.9539185,100.9767303,2568.1492,0,False
26,UAV_334,38.8644867,101.0272217,2575.2886,2,False
26,UAV_335,38.8044968,101.0406265,2572.2869,3,False
26,UAV_336,38.8242645,101.0121841,2571.5635,5,False
26,UAV_337,38.8849487,101.0366821,2573.8115,0,False
26,UAV_338,38.7749634,101.0469589,2573.3752,3,False
26,UAV_339,38.8256912,101.1329117,2576.6047,3,False
26,UAV_340,38.8603783,100.9830322,2569.8032,5,False
26,UAV_341,38.8463097,101.0200729,2571.3857,5,False
26,UAV_342,38.9052696,101.0888443,2574.1318,4,False
26,UAV_343,38.8701744,101.0815887,2578.0076,4,False
26,UAV_344,38.9297791,101.1309052,2574.0325,4,False
26,UAV_345,38.8267288,101.0169449,2568.1821,5,False
26,UAV_346,38.9032326,101.0440598,2575.7153,4,False
26,UAV_347,38.8209648,101.0218964,2578.4141,2,False
26,UAV_348,38.815136,101.061264,2574.9343,3,False
26,UAV_349,38.8731232,100.9904099,2573.1729,0,False
26,UAV_350,38.7952042,101.105545,2570.8401,3,False
26,UAV_351,38.9009933,101.1315231,2572.3987,4,False
26,UAV_352,38.8062515,101.0741501,2574.7124,3,False
26,UAV_353,38.7675934,100.9786453,2577.3081,2,False
26,UAV_354,38.7904892,100.97892,2571.2957,5,False
26,UAV_355,38.8955269,101.041954,2575.0432,4,False
26,UAV_356,38.8176308,101.0349426,2570.9995,5,False
26,UAV_357,38.7335892,100.9692841,2570.1978,5,False
26,UAV_358,38.8630066,101.097084,2570.6926,1,False
26,UAV_359,38.8323174,100.9490356,2568.6519,5,False
26,UAV_360,38.8232117,101.0981598,2572.0801,3,False
26,UAV_361,38.8807335,101.0535736,2568.9043,1,False
26,UAV_362,38.8281784,101.0894012,2568.6335,1,False
26,UAV_363,38.8179893,101.1141357,2573.616,3,False
26,UAV_364,38.8506546,101.0365524,2573.2986,2,False
26,UAV_365,38.8184319,101.057373,2575.0588,3,False
26,UAV_366,38.7823906,101.1241684,2576.8696,3,False
26,UAV_367,38.8625488,101.0097046,2574.4722,0,False
26,UAV_368,38.8738022,101.0525284,2570.5188,1,False
26,UAV_369,38.8924141,101.1069794,2572.3516,4,False
26,UAV_370,38.853405,101.0238342,2567.2273,1,False
26,UAV_371,38.8767357,101.0301437,2571.9126,0,False
26,UAV_372,38.8828735,101.0382843,2571.3406,0,False
26,UAV_373,38.8676491,101.0921707,2568.9839,1,False
26,UAV_374,38.8223763,101.0523758,2570.2615,1,False
26,UAV_375,38.8095322,101.038269,2572.9351,3,False
26,UAV_376,38.795742,101.0131683,2571.9011,5,False
26,UAV_377,38.8686638,101.0969925,2575.9163,4,False
26,UAV_378,38.8804665,101.1136398,2578.2959,4,False
26,UAV_379,38.7787323,101.0077438,2576.6042,2,False
26,UAV_380,38.8119621,101.006012,2579.0249,2,False
26,UAV_381,38.8712997,101.0100403,2574.9729,0,False
26,UAV_382,38.8439903,100.9949951,2577.2915,2,False
26,UAV_383,38.9210968,101.0166855,2570.0938,0,False
26,UAV_384,38.8883705,100.986084,2570.2383,0,False
26,UAV_385,38.7565536,101.1166229,2578.7412,3,False
26,UAV_386,38.8468475,101.0888443,2575.7065,4,False
26,UAV_387,38.9042587,101.0810318,2579.7527,4,False
26,UAV_388,38.8044739,101.0829773,2575.5083,3,False
26,UAV_389,38.8330231,101.1131744,2570.4861,1,False
26,UAV_390,38.8458557,100.9940872,2575.0183,2,False
26,UAV_391,38.7723389,101.0785599,2575.7837,3,False
26,UAV_392,38.8003082,101.0614548,2575.7891,3,False
26,UAV_393,38.8975182,100.9905167,2575.7378,0,False
26,UAV_394,38.9543877,101.0640564,2575.093,4,False
26,UAV_395,38.8942146,100.9656296,2570.2896,0,False
26,UAV_396,38.9512062,100.9944687,2564.9165,0,False
26,UAV_397,38.8311234,101.0199585,2569.0051,5,False
26,UAV_398,38.8880959,101.0625763,2572.1475,1,False
26,UAV_399,38.8799438,101.069519,2573.634,4,False
26,UAV_400,38.8503647,101.0365982,2574.3198,2,False
26,UAV_401,38.886219,101.0000458,2570.2791,0,False
26,UAV_402,38.8729515,101.075943,2578.2539,4,False
26,UAV_403,38.915638,101.0843506,2574.7649,4,False
26,UAV_404,38.8654594,101.0337067,2579.8843,4,False
26,UAV_405,38.894928,101.0257645,2573.209,0,False
26,UAV_406,38.8184242,101.0574493,2572.4075,3,False
26,UAV_407,38.7952995,101.0346985,2575.7319,2,False
26,UAV_408,38.8016891,101.0643692,2574.8833,3,False
26,UAV_409,38.8795967,101.017189,2575.3154,0,False
26,UAV_410,38.7693214,101.0510712,2568.501,5,False
26,UAV_411,38.8724327,101.0622101,2574.387,4,False
26,UAV_412,38.7968521,100.9800186,2576.6533,2,False
26,UAV_413,38.8089256,101.0859222,2572.155,3,False
26,UAV_414,38.8617096,101.0039673,2579.3723,2,False
26,UAV_415,38.8321037,100.9641113,2565.9993,5,False
26,UAV_416,38.8606262,101.0232849,2575.5603,2,True
26,UAV_417,38.9106941,101.1205597,2572.8206,4,False
26,UAV_418,38.8711891,101.0217514,2567.6255,1,False
26,UAV_419,38.819397,100.9603653,2577.5356,2,False
26,UAV_420,38.7771606,101.0233994,2574.5667,2,False
26,UAV_421,38.746067,101.0655594,2572.4922,3,False
26,UAV_422,38.8642731,100.9819031,2572.5564,0,False
26,UAV_423,38.879837,101.1021347,2574.8501,4,False
26,UAV_424,38.8180122,100.9591751,2580.252,2,False
26,UAV_425,38.8876839,101.0642395,2575.7219,4,True
26,UAV_426,38.8556862,101.0697479,2570.3376,1,False
26,UAV_427,38.8438034,101.0374603,2576.1384,2,False
26,UAV_428,38.8499222,100.9500427,2571.2883,5,False
26,UAV_429,38.849308,100.9654236,2574.7776,2,False
26,UAV_430,38.7493706,101.047142,2573.1482,3,False
26,UAV_431,38.7886391,101.0293884,2580.3235,2,False
26,UAV_432,38.8733711,101.0671844,2573.5288,4,False
26,UAV_433,38.9618568,101.0132217,2575.6523,0,False
26,UAV_434,38.8315315,100.9711533,2570.0422,5,False
26,UAV_435,38.8571358,100.9737854,2572.5913,0,False
26,UAV_436,38.7565804,100.9929428,2575.4961,2,False
26,UAV_437,38.8778267,101.1230164,2571.0574,1,False
26,UAV_438,38.8599205,100.99617,2571.7725,0,False
26,UAV_439,38.9109383,101.0399475,2574.0454,0,False
26,UAV_440,38.9236374,101.0088043,2572.7544,0,False
26,UAV_441,38.8266373,100.9608383,2570.8708,5,False
26,UAV_442,38.8570251,100.9826279,2572.6741,0,False
26,UAV_443,38.8909149,101.0976486,2572.2314,4,False
26,UAV_444,38.8039551,100.9976654,2571.8345,5,False
26,UAV_445,38.8143578,100.9718323,2570.5999,5,False
26,UAV_446,38.8609276,101.0871735,2574.5984,4,False
26,UAV_447,38.9011536,101.0965042,2569.9927,1,False
26,UAV_448,38.7753906,101.0302582,2570.3833,5,False
26,UAV_449,38.8084564,101.0639801,2573.7224,3,True
26,UAV_450,38.8008003,101.1223679,2573.2852,3,False
26,UAV_451,38.7914734,101.0000381,2577.0432,2,False
26,UAV_452,38.8644066,101.0867844,2569.7715,1,False
26,UAV_453,38.9079971,101.0660248,2577.218,4,False
26,UAV_454,38.8453484,101.108429,2576.3469,4,False
26,UAV_455,38.8170319,100.992981,2573.2009,2,False
26,UAV_456,38.8249969,101.0388718,2570.8835,5,False
26,UAV_457,38.8487053,101.0379791,2571.8584,1,False
26,UAV_458,38.8551407,101.0222626,2569.0291,1,False
26,UAV_459,38.8868904,100.9984283,2569.0271,0,False
26,UAV_460,38.7529564,101.0651016,2569.0239,5,False
26,UAV_461,38.9025917,100.9525528,2569.3845,0,False
26,UAV_462,38.8719597,101.1196136,2574.637,4,False
26,UAV_463,38.7840233,100.9928055,2573.6775,2,False
26,UAV_464,38.826725,100.9809723,2570.8633,5,False
26,UAV_465,38.8738899,100.9636765,2573.47,0,False
26,UAV_466,38.9507561,101.0765686,2574.8081,4,False
26,UAV_467,38.863533,101.0617294,2573.1418,4,False
26,UAV_468,38.7510414,101.023735,2573.6196,2,False
26,UAV_469,38.8453293,101.0557556,2569.551,1,False
26,UAV_470,38.8468018,101.0619049,2569.7822,1,False
26,UAV_471,38.8130913,100.9693604,2568.0952,5,False
26,UAV_472,38.8923035,101.1139374,2579.9355,4,False
26,UAV_473,38.8145103,101.1184158,2573.3616,3,False
26,UAV_474,38.8030663,100.9777603,2573.5059,2,False
26,UAV_475,38.9280434,101.0258942,2570.4004,0,False
26,UAV_476,38.9128456,101.0758057,2574.6294,4,False
26,UAV_477,38.8728828,101.0005798,2574.0562,0,False
26,UAV_478,38.9051399,100.9847183,2574.8726,0,False
26,UAV_479,38.8748665,101.065979,2567.9875,1,False
26,UAV_480,38.8080292,101.0556183,2578.2185,2,False
26,UAV_481,38.8199005,100.9783096,2576.1145,2,False
26,UAV_482,38.7944183,101.1166458,2572.2737,3,False
26,UAV_483,38.9000854,101.1094284,2573.2583,4,False
26,UAV_484,38.8515472,101.0606613,2571.9263,1,False
26,UAV_485,38.8087769,101.0141296,2566.9761,5,False
26,UAV_486,38.9065132,101.0451202,2575.5356,4,False
26,UAV_487,38.9049988,101.0054321,2574.6975,0,False
26,UAV_488,38.8574448,101.0042725,2572.7229,0,False
26,UAV_489,38.8341255,101.017128,2575.7974,2,False
26,UAV_490,38.8158569,100.9884109,2569.8171,5,False
26,UAV_491,38.9121132,101.0406876,2570.9402,0,False
26,UAV_492,38.8404617,101.0415955,2572.0732,1,False
26,UAV_493,38.8625183,101.0002518,2573.2788,0,False
26,UAV_494,38.7871933,100.9956436,2573.9897,2,False
26,UAV_495,38.9286613,101.0159225,2575.8081,0,False
26,UAV_496,38.8471985,101.0203476,2573.3291,2,False
26,UAV_497,38.7984772,101.0046463,2566.6909,5,False
26,UAV_498,38.8447342,101.0215225,2574.3076,2,False
26,UAV_499,38.8648376,100.9751816,2576.2139,2,False
26,UAV_500,38.8271942,101.0839462,2568.9155,1,False
27,UAV_001,38.8300209,101.0854416,2566.3591,1,False
27,UAV_002,38.8719826,100.9939499,2571.0229,2,False
27,UAV_003,38.8875084,101.0574493,2570.791,5,False
27,UAV_004,38.7808113,101.0011978,2574.6533,4,False
27,UAV_005,38.8151474,101.0996094,2566.8445,1,False
27,UAV_006,38.8246307,101.0825729,2570.999,1,False
27,UAV_007,38.89785,101.103653,2574.6804,0,False
27,UAV_008,38.8795509,101.0505371,2567.2512,5,False
27,UAV_009,38.9137764,101.1009064,2564.8274,5,False
27,UAV_010,38.8842621,100.9336395,2569.8782,2,False
27,UAV_011,38.8990669,101.0498352,2571.3022,5,False
27,UAV_012,38.8434677,101.0336838,2573.374,3,False
27,UAV_013,38.8481216,101.054039,2571.2292,5,False
27,UAV_014,38.8588562,100.993927,2575.2732,3,False
27,UAV_015,38.8847961,100.9569855,2572.1121,2,False
27,UAV_016,38.9673424,100.9603271,2571.001,3,False
27,UAV_017,38.891552,101.0426788,2572.3616,5,False
27,UAV_018,38.8849335,101.002655,2573.1079,3,False
27,UAV_019,38.8871155,101.0253983,2573.2478,3,False
27,UAV_020,38.840168,100.9921799,2580.9438,3,False
27,UAV_021,38.9223366,101.0852661,2573.8928,5,False
27,UAV_022,38.8910713,100.9516678,2573.3545,3,False
27,UAV_023,38.8641281,100.9601593,2578.1467,3,False
27,UAV_024,38.855442,101.0308151,2577.0537,3,False
27,UAV_025,38.8947487,101.0340271,2573.8491,3,False
27,UAV_026,38.8874245,101.0989532,2574.4119,0,False
27,UAV_027,38.8496742,101.0717926,2569.1062,5,False
27,UAV_028,38.9007874,101.1082001,2570.9922,5,False
27,UAV_029,38.8498383,101.0550461,2577.4866,0,False
27,UAV_030,38.8318939,101.0169983,2570.5298,2,False
27,UAV_031,38.8441162,101.0294647,2574.512,3,False
27,UAV_032,38.8418541,101.0828476,2575.3005,0,False
27,UAV_033,38.8845634,101.0795059,2577.1528,0,False
27,UAV_034,38.8923798,101.0477753,2574.7859,3,False
27,UAV_035,38.8312416,101.0329514,2570.6855,2,False
27,UAV_036,38.870697,100.9693909,2570.2419,2,False
27,UAV_037,38.9094162,100.9788589,2576.5293,3,False
27,UAV_038,38.8919258,101.0237198,2576.2202,3,False
27,UAV_039,38.9463463,101.0052719,2575.4158,3,False
27,UAV_040,38.8311996,101.0159149,2572.854,4,False
27,UAV_041,38.8323402,101.0087814,2576.4395,4,False
27,UAV_042,38.9358673,101.0851364,2571.6128,5,False
27,UAV_043,38.9066849,101.107132,2575.6079,0,False
27,UAV_044,38.7701111,100.9898376,2563.9001,2,False
27,UAV_045,38.9442787,101.0186081,2569.3943,5,False
27,UAV_046,38.7997513,100.9888,2574.2241,4,False
27,UAV_047,38.8818436,100.977951,2572.3296,3,False
27,UAV_048,38.9447479,101.038353,2572.0818,5,False
27,UAV_049,38.7916832,101.0493927,2578.0261,4,False
27,UAV_050,38.8971748,101.0313721,2569.8345,5,False
27,UAV_051,38.874691,101.0333939,2575.3069,3,False
27,UAV_052,38.8110428,101.0592575,2570.3062,1,False
27,UAV_053,38.8836746,101.070816,2568.0042,5,False
27,UAV_054,38.8262596,101.0634232,2570.7886,1,False
27,UAV_055,38.7999992,101.0727539,2573.3298,1,False
27,UAV_056,38.8485985,101.0339203,2574.0955,3,False
27,UAV_057,38.8021393,101.0657425,2572.8433,1,False
27,UAV_058,38.8137283,101.0346298,2574.5408,4,False
27,UAV_059,38.8657837,101.0878372,2578.6021,0,False
27,UAV_060,38.7806854,101.0063629,2569.7996,4,False
27,UAV_061,38.836689,101.0878372,2572.9619,1,False
27,UAV_062,38.8790703,101.013916,2568.2864,2,False
27,UAV_063,38.9081383,100.9788208,2573.7708,3,False
27,UAV_064,38.8914299,101.1335373,2571.2932,5,False
27,UAV_065,38.8819656,101.0446472,2574.1299,3,False
27,UAV_066,38.9229317,101.1094208,2569.345,5,False
27,UAV_067,38.8970833,100.9895554,2573.6204,3,False
27,UAV_068,38.8753319,101.014595,2570.7988,2,False
27,UAV_069,38.9090118,101.0806198,2572.8015,5,False
27,UAV_070,38.7889252,101.0227051,2571.5657,4,False
27,UAV_071,38.8202667,101.1327133,2573.1809,1,False
27,UAV_072,38.8631363,101.0466003,2576.8616,0,False
27,UAV_073,38.7963448,101.0183258,2574.7529,4,False
27,UAV_074,38.7862053,101.0069427,2572.1882,4,False
27,UAV_075,38.8150063,100.984726,2573.8984,4,False
27,UAV_076,38.9086342,101.0149536,2575.7612,3,False
27,UAV_077,38.8474846,101.0931473,2572.6018,1,False
27,UAV_078,38.9080849,101.0113907,2577.4338,3,False
27,UAV_079,38.9056702,101.0529633,2573.2095,5,False
27,UAV_080,38.9565849,101.0814056,2571.3425,5,False
27,UAV_081,38.7926636,101.0000534,2573.9927,4,False
27,UAV_082,38.7853012,101.0792007,2576.3059,1,False
27,UAV_083,38.7439957,100.9989319,2576.5212,4,False
27,UAV_084,38.8085175,101.0710144,2572.9297,1,False
27,UAV_085,38.91045,101.0370865,2573.2048,3,False
27,UAV_086,38.89151,101.0869675,2575.5732,0,False
27,UAV_087,38.7955475,101.1388931,2572.7517,1,False
27,UAV_088,38.8177948,100.9804764,2574.802,4,False
27,UAV_089,38.8526955,101.0557098,2570.436,5,False
27,UAV_090,38.8761559,101.0249634,2575.7456,3,False
27,UAV_091,38.8289948,101.0218353,2572.2444,4,False
27,UAV_092,38.8265266,100.9947891,2573.9282,4,False
27,UAV_093,38.8893013,100.9771118,2574.022,3,False
27,UAV_094,38.7893143,101.0204315,2574.5005,4,False
27,UAV_095,38.8554535,101.1049194,2573.0605,0,False
27,UAV_096,38.858593,101.0642014,2574.9243,0,False
27,UAV_097,38.8033104,100.9709625,2571.3882,4,False
27,UAV_098,38.893795,101.0794373,2568.6147,5,False
27,UAV_099,38.9116707,101.0277405,2574.2327,3,False
27,UAV_100,38.9013939,101.0949478,2568.4001,5,False
27,UAV_101,38.8715324,100.9973831,2575.3936,3,False
27,UAV_102,38.8091965,101.0946198,2573.9246,1,False
27,UAV_103,38.8600273,101.0218964,2573.623,3,False
27,UAV_104,38.797905,101.0222015,2573.6313,4,False
27,UAV_105,38.8895645,100.9850159,2571.5813,2,False
27,UAV_106,38.9143372,100.9938583,2567.0276,2,False
27,UAV_107,38.7896576,101.0735703,2572.7644,1,False
27,UAV_108,38.9516449,100.9710922,2568.6521,2,False
27,UAV_109,38.87286,101.0454483,2571.6101,5,False
27,UAV_110,38.8453293,101.0937729,2578.5979,0,False
27,UAV_111,38.849617,101.0202332,2577.2952,3,False
27,UAV_112,38.7647896,100.9547348,2571.8997,4,False
27,UAV_113,38.7833939,100.9871521,2571.387,4,False
27,UAV_114,38.8739777,101.0174713,2575.3586,3,False
27,UAV_115,38.8793373,101.0376511,2573.2983,3,False
27,UAV_116,38.8362656,101.0604324,2578.5066,0,False
27,UAV_117,38.8551865,100.9545135,2573.7822,3,False
27,UAV_118,38.7946854,101.0062714,2576.1716,4,False
27,UAV_119,38.8052711,101.0502777,2573.0859,1,False
27,UAV_120,38.8530998,101.0723953,2571.333,5,False
27,UAV_121,38.7787552,101.1023636,2569.4539,1,False
27,UAV_122,38.7884064,101.0347977,2574.7415,4,False
27,UAV_123,38.8457603,101.0549164,2575.3474,0,False
27,UAV_124,38.8772392,101.1228333,2579.1597,0,False
27,UAV_125,38.8223267,100.9982452,2571.5854,2,False
27,UAV_126,38.8016357,101.0085526,2571.1443,4,False
27,UAV_127,38.9082527,101.0141373,2572.6592,3,False
27,UAV_128,38.8596306,100.9657669,2566.4634,2,False
27,UAV_129,38.9514503,101.0520325,2574.7659,3,False
27,UAV_130,38.7976761,101.018013,2577.3408,4,False
27,UAV_131,38.8907738,100.9616699,2568.8323,2,False
27,UAV_132,38.9297485,101.0084457,2573.5881,3,False
27,UAV_133,38.8852386,101.0396347,2571.2869,5,False
27,UAV_134,38.7470093,100.9992218,2572.6533,4,False
27,UAV_135,38.7773628,101.0623856,2574.6853,4,False
27,UAV_136,38.8220787,101.0500336,2575.3135,4,False
27,UAV_137,38.8442078,100.983551,2570.5586,2,False
27,UAV_138,38.8142624,101.0527802,2570.6465,1,False
27,UAV_139,38.8044357,101.0298462,2577.3455,4,False
27,UAV_140,38.8576622,101.0640869,2570.4685,5,False
27,UAV_141,38.7864227,101.0045547,2574.0371,4,False
27,UAV_142,38.8969421,101.1055527,2571.6682,5,False
27,UAV_143,38.769989,100.9993515,2572.8987,4,False
27,UAV_144,38.8435249,101.079895,2568.333,5,False
27,UAV_145,38.8636856,101.090271,2568.239,5,False
27,UAV_146,38.8863068,101.0066986,2573.5547,3,False
27,UAV_147,38.9140053,100.9895554,2567.292,2,False
27,UAV_148,38.8107262,100.9899979,2570.3745,2,False
27,UAV_149,38.7795639,101.0834198,2575.0652,1,False
27,UAV_150,38.7749481,101.1157913,2573.854,1,False
27,UAV_151,38.875515,101.095459,2573.6685,0,False
27,UAV_152,38.9014626,100.9621048,2581.4482,3,False
27,UAV_153,38.8318329,101.1126099,2579.6519,0,False
27,UAV_154,38.7981834,101.0862961,2575.6125,1,False
27,UAV_155,38.8490791,100.9949265,2577.2883,3,False
27,UAV_156,38.8846283,101.0652161,2579.2087,0,False
27,UAV_157,38.799221,101.126297,2573.3132,1,False
27,UAV_158,38.8480415,101.0769806,2575.9224,0,False
27,UAV_159,38.8430328,101.0765228,2572.4211,1,False
27,UAV_160,38.8500938,100.9689865,2573.4355,3,False
27,UAV_161,38.9100151,101.1132584,2575.8438,0,False
27,UAV_162,38.8592644,101.0175476,2577.6516,3,False
27,UAV_163,38.7426682,101.0288773,2575.4407,4,False
27,UAV_164,38.778141,100.97892,2571.448,4,False
27,UAV_165,38.8914757,100.9765244,2576.1978,3,False
27,UAV_166,38.9098854,101.0957413,2572.7483,5,False
27,UAV_167,38.8965683,101.0349197,2578.2451,3,False
27,UAV_168,38.7698975,101.0953293,2572.5264,1,False
27,UAV_169,38.8949699,101.0179367,2575.3025,3,False
27,UAV_170,38.8148117,101.1300507,2576.2236,0,False
27,UAV_171,38.8637848,101.0490494,2575.4377,0,False
27,UAV_172,38.8068047,101.0403442,2566.0134,2,False
27,UAV_173,38.7735863,100.9742203,2576.3704,4,False
27,UAV_174,38.8418045,101.0073624,2573.6624,3,False
27,UAV_175,38.8535271,101.0982819,2572.9109,1,False
27,UAV_176,38.7864799,101.1141586,2570.1587,1,False
27,UAV_177,38.8067322,101.0903015,2574.9497,1,False
27,UAV_178,38.8647499,101.0129929,2572.6248,3,False
27,UAV_179,38.8230095,100.9994354,2569.623,2,False
27,UAV_180,38.8584785,100.9997025,2573.7866,3,False
27,UAV_181,38.894455,101.0241547,2577.3191,3,False
27,UAV_182,38.8609886,101.0519409,2569.877,5,False
27,UAV_183,38.8410606,100.9516068,2575.7473,4,False
27,UAV_184,38.7541733,100.9758835,2569.5164,4,False
27,UAV_185,38.8989258,101.0031586,2571.4724,3,False
27,UAV_186,38.8678169,101.014183,2570.155,2,False
27,UAV_187,38.8794594,101.0970459,2576.9402,0,False
27,UAV_188,38.9148331,101.0073242,2575.1064,3,False
27,UAV_189,38.775898,100.9883041,2570.3865,4,False
27,UAV_190,38.8771553,101.0202026,2571.9692,3,False
27,UAV_191,38.8930435,100.9664154,2576.8608,3,False
27,UAV_192,38.7613258,100.9720764,2575.1553,4,False
27,UAV_193,38.8035278,101.0246353,2571.0325,4,False
27,UAV_194,38.8549461,101.0670319,2577.1816,0,False
27,UAV_195,38.9066086,101.0772705,2574.0005,0,False
27,UAV_196,38.9146767,101.0876541,2570.7837,5,False
27,UAV_197,38.9212379,101.0325241,2573.9521,3,False
27,UAV_198,38.8052292,101.0319443,2577.2024,4,False
27,UAV_199,38.8705444,101.0415649,2574.7881,3,False
27,UAV_200,38.7522583,101.1175156,2570.0476,1,False
27,UAV_201,38.9371185,101.0480499,2567.1909,5,False
27,UAV_202,38.7992744,100.9424591,2571.8545,4,False
27,UAV_203,38.830246,101.0278625,2570.2727,2,False
27,UAV_204,38.8327065,101.014801,2574.1797,4,False
27,UAV_205,38.7743683,101.1298523,2570.6938,1,False
27,UAV_206,38.9059105,101.0302582,2567.0547,5,False
27,UAV_207,38.8527527,101.0409927,2575.6606,3,False
27,UAV_208,38.8496742,101.0742569,2571.1057,5,False
27,UAV_209,38.8587151,101.1380081,2574.4834,0,False
27,UAV_210,38.9369431,101.0409393,2573.3018,3,False
27,UAV_211,38.8096085,100.9981079,2570.3362,2,False
27,UAV_212,38.7687302,101.0167923,2577.197,4,False
27,UAV_213,38.7931366,101.0263214,2575.4448,4,False
27,UAV_214,38.8275604,101.0588455,2569.0417,1,False
27,UAV_215,38.8294945,101.1005249,2576.6475,0,False
27,UAV_216,38.7990379,100.9601822,2570.2634,2,False
27,UAV_217,38.8907509,101.1426392,2574.9053,0,False
27,UAV_218,38.8007965,100.9861526,2572.8757,4,False
27,UAV_219,38.7703056,101.0826721,2573.7241,1,False
27,UAV_220,38.8915062,101.0361862,2571.7468,5,False
27,UAV_221,38.8738213,101.0404358,2572.1179,5,False
27,UAV_222,38.8564453,101.0476685,2576.3765,0,False
27,UAV_223,38.824398,101.0692139,2569.3486,1,False
27,UAV_224,38.8356094,100.9452438,2577.886,4,False
27,UAV_225,38.7970009,101.1347198,2572.0801,1,False
27,UAV_226,38.7839279,101.0030899,2575.3423,4,False
27,UAV_227,38.8460922,101.1199265,2576.4021,0,False
27,UAV_228,38.7797546,101.0636063,2577.5229,4,False
27,UAV_229,38.9450607,101.0092087,2575.8481,3,False
27,UAV_230,38.8291969,101.1151581,2575.2646,0,False
27,UAV_231,38.8215561,101.0538406,2571.0225,1,False
27,UAV_232,38.8311234,100.9754639,2578.9438,4,False
27,UAV_233,38.7778931,100.9793701,2566.4556,2,False
27,UAV_234,38.8297691,100.995163,2573.949,4,False
27,UAV_235,38.7857666,101.0414886,2574.553,4,False
27,UAV_236,38.8839493,100.9772034,2576.5081,3,False
27,UAV_237,38.8720131,101.094635,2574.4922,0,False
27,UAV_238,38.8770828,101.0914383,2576.4475,0,False
27,UAV_239,38.8505554,101.0678101,2572.6252,1,False
27,UAV_240,38.8487701,101.0566177,2579.3184,0,False
27,UAV_241,38.8373184,100.9793396,2573.5801,4,False
27,UAV_242,38.7772903,101.0310974,2574.2236,4,False
27,UAV_243,38.8240967,100.9968185,2572.4224,4,False
27,UAV_244,38.798336,101.0830841,2572.5532,1,False
27,UAV_245,38.9038849,101.0116196,2572.1135,3,False
27,UAV_246,38.9285126,101.0085983,2573.261,3,False
27,UAV_247,38.9349632,101.0756607,2576.5696,0,False
27,UAV_248,38.8537331,101.0954895,2574.2925,0,False
27,UAV_249,38.9142914,100.9914703,2576.2954,3,False
27,UAV_250,38.902565,101.0484314,2574.0325,3,False
27,UAV_251,38.8534927,100.9732895,2563.6023,2,False
27,UAV_252,38.7662201,101.1263885,2566.0815,1,False
27,UAV_253,38.8194389,101.0759811,2574.4749,1,False
27,UAV_254,38.8815994,101.0391617,2571.2266,5,False
27,UAV_255,38.868145,100.9949265,2569.6379,2,False
27,UAV_256,38.8994942,101.1163559,2575.4517,0,False
27,UAV_257,38.8476181,101.0751801,2573.9763,0,False
27,UAV_258,38.8519402,101.1249161,2574.3704,0,False
27,UAV_259,38.792244,101.1184464,2571.4688,1,False
27,UAV_260,38.8241348,101.062645,2567.9338,1,False
27,UAV_261,38.8898697,101.0472946,2574.1814,3,False
27,UAV_262,38.8623161,101.0763474,2571.761,5,False
27,UAV_263,38.7911568,101.1477127,2572.5486,1,False
27,UAV_264,38.9309578,101.0573273,2572.6018,5,False
27,UAV_265,38.865181,101.0416183,2571.8433,5,False
27,UAV_266,38.8763237,101.0893784,2568.2903,5,False
27,UAV_267,38.8836212,101.0988388,2568.7812,5,False
27,UAV_268,38.9234428,100.9698715,2575.1931,3,False
27,UAV_269,38.8917351,101.0216522,2571.8401,3,False
27,UAV_270,38.7927475,101.0164413,2577.5369,4,False
27,UAV_271,38.8648338,100.9978256,2573.7542,3,False
27,UAV_272,38.766098,101.0039215,2578.2698,4,False
27,UAV_273,38.8494987,101.0242462,2567.2864,2,False
27,UAV_274,38.8419838,101.0243454,2576.8745,3,False
27,UAV_275,38.86866,100.9866333,2575.0737,3,False
27,UAV_276,38.769207,101.0539932,2569.7957,1,False
27,UAV_277,38.7666969,100.9919968,2573.895,4,False
27,UAV_278,38.7944145,101.0946503,2570.8796,1,False
27,UAV_279,38.8904648,101.0963058,2578.8599,0,False
27,UAV_280,38.7974091,101.0010986,2572.6875,4,False
27,UAV_281,38.8800926,101.0734177,2573.1292,5,False
27,UAV_282,38.8473549,101.0939102,2571.676,1,False
27,UAV_283,38.8978348,101.0898056,2571.9155,5,False
27,UAV_284,38.8754349,101.0117874,2570.6824,2,False
27,UAV_285,38.8376808,101.0845261,2571.2568,1,False
27,UAV_286,38.8487854,100.9559326,2571.2439,2,False
27,UAV_287,38.8459282,101.0991821,2574.1763,0,False
27,UAV_288,38.904747,101.0925293,2572.9258,5,False
27,UAV_289,38.8996277,101.1456528,2575.3826,0,False
27,UAV_290,38.8035698,101.0191193,2572.8694,4,False
27,UAV_291,38.8657532,101.0830841,2571.5149,5,False
27,UAV_292,38.8463669,101.0044327,2576.5232,3,False
27,UAV_293,38.877121,101.0933228,2569.5437,5,False
27,UAV_294,38.8461418,101.1416626,2573.2974,1,False
27,UAV_295,38.9029045,101.0339737,2567.8728,5,False
27,UAV_296,38.8434105,101.1038895,2571.7522,1,True
27,UAV_297,38.8053055,101.0189438,2579.1982,4,False
27,UAV_298,38.8646545,101.1099319,2575.2549,0,False
27,UAV_299,38.7794151,101.0558701,2570.9353,1,False
27,UAV_300,38.822113,100.9587097,2567.4214,2,False
27,UAV_301,38.8150291,101.0508881,2577.2324,0,False
27,UAV_302,38.7767792,101.1477966,2571.9692,1,False
27,UAV_303,38.9002686,101.0883331,2573.1367,5,False
27,UAV_304,38.9096642,101.0688248,2575.3943,0,False
27,UAV_305,38.861187,100.9737396,2568.8032,2,False
27,UAV_306,38.8454437,101.0193024,2573.4915,3,False
27,UAV_307,38.8257332,100.9770432,2567.8125,2,False
27,UAV_308,38.8614502,101.100174,2571.1978,5,False
27,UAV_309,38.9060364,101.0885468,2574.2644,0,False
27,UAV_310,38.8541908,101.0103836,2576.5691,3,False
27,UAV_311,38.7624321,101.0093918,2570.9629,4,False
27,UAV_312,38.9080811,101.0330887,2571.6309,5,False
27,UAV_313,38.8644485,101.0374527,2570.5642,5,False
27,UAV_314,38.8768387,100.9570847,2572.7314,3,False
27,UAV_315,38.827404,100.9534988,2575.5061,4,False
27,UAV_316,38.9143066,101.0484924,2574.1804,3,False
27,UAV_317,38.9289703,101.0486145,2575.6943,3,False
27,UAV_318,38.8030586,101.0775986,2573.9841,1,False
27,UAV_319,38.827446,101.0201416,2571.8184,4,False
27,UAV_320,38.8332253,101.0834656,2571.561,1,False
27,UAV_321,38.9662895,101.0331345,2576.593,3,False
27,UAV_322,38.839798,101.1035156,2574.6167,0,False
27,UAV_323,38.811512,101.0084,2575.3381,4,False
27,UAV_324,38.8922997,101.0289459,2574.7749,3,True
27,UAV_325,38.7993622,101.1131363,2570.9336,1,False
27,UAV_326,38.8654366,101.1334686,2570.6074,5,False
27,UAV_327,38.8792534,101.0140228,2572.8726,3,False
27,UAV_328,38.7544823,101.0131226,2570.7163,4,False
27,UAV_329,38.8229485,101.0685501,2574.6462,0,False
27,UAV_330,38.9157944,101.0037079,2571.0879,3,False
27,UAV_331,38.9246864,101.1022263,2567.948,5,False
27,UAV_332,38.911129,101.0430756,2575.0403,3,False
27,UAV_333,38.9539986,100.9754105,2569.6592,2,False
27,UAV_334,38.8900032,101.0002823,2573.9612,3,False
27,UAV_335,38.8058167,101.0429153,2574.686,4,False
27,UAV_336,38.8201828,101.0123825,2578.4661,4,False
27,UAV_337,38.8848839,101.0372238,2571.9429,5,False
27,UAV_338,38.777977,101.0469284,2574.8225,4,False
27,UAV_339,38.8269539,101.1303177,2574.6753,0,False
27,UAV_340,38.861557,100.9818192,2572.4976,2,False
27,UAV_341,38.8494377,101.019928,2573.0256,3,False
27,UAV_342,38.8607178,101.1285706,2571.2793,1,False
27,UAV_343,38.8553162,101.0852203,2574.429,0,False
27,UAV_344,38.9298172,101.1313629,2576.9082,0,False
27,UAV_345,38.8266296,101.0167313,2569.1414,2,False
27,UAV_346,38.8985252,101.0500107,2573.7961,3,False
27,UAV_347,38.8184357,101.0233002,2568.7634,2,False
27,UAV_348,38.8135452,101.0612488,2575.5764,0,False
27,UAV_349,38.9064636,100.9465408,2570.6128,2,False
27,UAV_350,38.7973328,101.1001358,2570.8779,1,False
27,UAV_351,38.900177,101.1309128,2571.0198,5,False
27,UAV_352,38.7688179,101.0013428,2572.3293,4,False
27,UAV_353,38.764698,100.9809952,2579.8672,4,False
27,UAV_354,38.7900505,100.9782333,2574.8967,4,False
27,UAV_355,38.8971138,101.0414124,2568.6843,5,False
27,UAV_356,38.8174438,101.0345154,2568.8459,2,False
27,UAV_357,38.7357903,101.0411911,2573.5442,4,False
27,UAV_358,38.8606949,101.099762,2575.3628,0,False
27,UAV_359,38.8059387,100.9869614,2570.6614,2,False
27,UAV_360,38.8199158,101.100647,2569.9812,1,False
27,UAV_361,38.8852577,101.0528336,2574.6582,3,False
27,UAV_362,38.8278275,101.0886459,2570.2678,1,False
27,UAV_363,38.8169518,101.1129303,2567.7554,1,False
27,UAV_364,38.8533783,101.0401993,2580.6978,0,False
27,UAV_365,38.8107719,101.0597153,2575.8428,0,False
27,UAV_366,38.7754326,101.1233139,2576.3794,1,False
27,UAV_367,38.8596115,101.012352,2574.4321,3,False
27,UAV_368,38.8719673,101.0522995,2573.731,3,False
27,UAV_369,38.8924446,101.0990372,2573.1086,5,False
27,UAV_370,38.8532982,101.023819,2570.3481,2,False
27,UAV_371,38.8767929,101.0304031,2571.1096,5,False
27,UAV_372,38.8831482,101.0384903,2570.9268,5,False
27,UAV_373,38.8702812,101.0904312,2570.9055,5,False
27,UAV_374,38.8230782,101.0523834,2571.8582,1,False
27,UAV_375,38.8095131,101.0381088,2572.9971,4,False
27,UAV_376,38.7956352,101.0132675,2575.0432,4,False
27,UAV_377,38.8623085,101.0959778,2577.365,0,False
27,UAV_378,38.8819962,101.1148071,2571.2561,5,False
27,UAV_379,38.7819862,101.0077362,2573.6477,4,False
27,UAV_380,38.8102951,101.0059891,2572.6978,4,False
27,UAV_381,38.8673973,101.0078964,2577.6106,3,False
27,UAV_382,38.8265381,101.0097885,2574.8142,4,False
27,UAV_383,38.9213448,101.0164948,2576.0215,3,False
27,UAV_384,38.8883324,100.9858322,2569.4407,2,False
27,UAV_385,38.7540016,101.1170425,2573.0461,1,False
27,UAV_386,38.846405,101.0886078,2576.1189,0,True
27,UAV_387,38.9038734,101.0835266,2576.1265,0,False
27,UAV_388,38.804554,101.082901,2570.873,1,False
27,UAV_389,38.8333702,101.1107254,2567.7249,1,False
27,UAV_390,38.8468857,100.9944839,2573.9556,3,False
27,UAV_391,38.7722855,101.0788116,2572.5449,1,False
27,UAV_392,38.799839,101.0620193,2577.4861,0,False
27,UAV_393,38.8971291,100.9904785,2572.4302,3,False
27,UAV_394,38.954937,101.0640793,2573.6565,5,False
27,UAV_395,38.895359,100.9652557,2569.9404,2,False
27,UAV_396,38.9500999,100.9938278,2566.8718,2,False
27,UAV_397,38.8308716,101.0197678,2570.9509,2,False
27,UAV_398,38.8884392,101.0612869,2570.4856,5,False
27,UAV_399,38.8826447,101.0701599,2574.6628,0,False
27,UAV_400,38.8510208,101.0373001,2572.2522,3,False
27,UAV_401,38.8849907,100.9987793,2568.4031,2,False
27,UAV_402,38.8656693,101.0748291,2574.0398,0,False
27,UAV_403,38.916481,101.0865173,2570.9558,5,False
27,UAV_404,38.8686562,101.0338516,2574.4307,3,False
27,UAV_405,38.8975868,101.0231552,2570.6135,5,True
27,UAV_406,38.8184433,101.0699463,2573.8577,1,False
27,UAV_407,38.8196716,101.0171356,2568.2944,2,False
27,UAV_408,38.8020515,101.0642395,2572.9373,1,False
27,UAV_409,38.8793793,101.017334,2575.9832,3,False
27,UAV_410,38.7687798,101.0509644,2574.4309,4,False
27,UAV_411,38.8707657,101.0622101,2570.7373,5,False
27,UAV_412,38.797348,100.9817429,2573.2373,4,False
27,UAV_413,38.8093872,101.0848465,2571.0681,1,False
27,UAV_414,38.8497314,101.0225906,2578.8389,3,False
27,UAV_415,38.8321724,100.9596634,2568.1592,2,False
27,UAV_416,38.86343,101.0233459,2574.4893,3,False
27,UAV_417,38.9104881,101.1206665,2575.4395,0,False
27,UAV_418,38.8681068,101.0163269,2573.3499,3,False
27,UAV_419,38.8148422,100.96035,2572.634,4,False
27,UAV_420,38.7796783,101.0233688,2573.3291,4,False
27,UAV_421,38.7457542,101.0677109,2571.3989,1,False
27,UAV_422,38.8652344,100.9811249,2570.6873,2,False
27,UAV_423,38.8788834,101.1047058,2577.1914,0,False
27,UAV_424,38.8190117,100.9633636,2574.5618,4,False
27,UAV_425,38.8876648,101.064743,2574.7236,0,False
27,UAV_426,38.8557854,101.061615,2573.7898,0,False
27,UAV_427,38.8441467,101.0376892,2572.7903,3,False
27,UAV_428,38.8513718,100.9488144,2571.0608,2,False
27,UAV_429,38.8568459,100.9652786,2572.6775,2,False
27,UAV_430,38.7484169,101.0455551,2574.8457,4,False
27,UAV_431,38.7878647,101.0313644,2575.4875,4,False
27,UAV_432,38.8884239,101.0546036,2568.3611,5,False
27,UAV_433,38.9662399,101.0107574,2574.1172,3,False
27,UAV_434,38.8304329,100.9704971,2566.6016,2,False
27,UAV_435,38.8594856,100.9749527,2573.854,3,False
27,UAV_436,38.7568779,100.9887466,2570.5776,4,False
27,UAV_437,38.8766136,101.1230698,2578.314,0,False
27,UAV_438,38.85886,100.9946442,2568.8372,2,False
27,UAV_439,38.9080353,101.0421677,2579.6465,0,False
27,UAV_440,38.9216537,101.0085831,2567.979,2,False
27,UAV_441,38.8230858,100.9608841,2579.7102,4,False
27,UAV_442,38.8575745,100.9802017,2570.8137,2,False
27,UAV_443,38.9401741,101.0799026,2570.8982,5,False
27,UAV_444,38.8069801,100.9976349,2571.3723,4,False
27,UAV_445,38.8153839,100.9692612,2571.8826,4,False
27,UAV_446,38.859169,101.0877457,2574.3738,0,False
27,UAV_447,38.9078064,101.0953751,2569.03,5,False
27,UAV_448,38.7753563,101.0292511,2572.1375,4,False
27,UAV_449,38.8085213,101.063858,2573.3479,1,False
27,UAV_450,38.7950478,101.1173096,2571.5745,1,False
27,UAV_451,38.7919617,101.0019989,2574.6577,4,False
27,UAV_452,38.8640594,101.0861359,2566.8181,5,False
27,UAV_453,38.9042625,101.0662384,2573.158,5,False
27,UAV_454,38.8536377,101.1082001,2577.4917,0,False
27,UAV_455,38.8196907,100.9928665,2573.1702,4,False
27,UAV_456,38.8243294,101.0385361,2568.8035,2,False
27,UAV_457,38.8491516,101.0375977,2570.906,2,False
27,UAV_458,38.8563118,101.0197296,2569.4229,2,True
27,UAV_459,38.8863869,100.9979782,2568.7214,2,False
27,UAV_460,38.7521248,101.0630188,2571.7708,1,False
27,UAV_461,38.9058571,100.9527817,2569.3064,2,False
27,UAV_462,38.8647194,101.1218033,2572.1228,5,False
27,UAV_463,38.784584,100.9921265,2572.0964,4,False
27,UAV_464,38.8071938,100.9943161,2572.9077,4,False
27,UAV_465,38.8769455,100.963707,2572.6843,3,False
27,UAV_466,38.953495,101.0799942,2572.0718,5,False
27,UAV_467,38.8179817,101.0209808,2574.5085,4,False
27,UAV_468,38.7623138,101.030838,2575.2246,4,False
27,UAV_469,38.8459587,101.0554657,2567.9214,5,False
27,UAV_470,38.8468704,101.0619583,2575.2847,0,False
27,UAV_471,38.8131752,100.9680481,2570.0745,2,False
27,UAV_472,38.8808708,101.1191559,2573.9072,0,False
27,UAV_473,38.8091087,101.1160278,2574.3513,1,False
27,UAV_474,38.8002243,100.9797745,2575.2866,4,False
27,UAV_475,38.9287262,101.0257568,2569.2065,5,False
27,UAV_476,38.9099922,101.0785828,2570.4805,5,False
27,UAV_477,38.8765221,101.0066452,2573.5234,3,False
27,UAV_478,38.9052124,100.984581,2567.9382,2,False
27,UAV_479,38.8739281,101.0650711,2570.7258,5,False
27,UAV_480,38.8024979,101.0557861,2577.3801,4,False
27,UAV_481,38.8199806,100.978508,2576.1953,4,False
27,UAV_482,38.7959366,101.1179504,2580.3362,0,False
27,UAV_483,38.9002991,101.1091537,2570.1323,5,False
27,UAV_484,38.8548584,101.0605469,2575.468,0,False
27,UAV_485,38.8097992,101.0132904,2569.4639,2,False
27,UAV_486,38.9051895,101.0450974,2576.2661,3,False
27,UAV_487,38.9041328,101.0046616,2574.9404,3,False
27,UAV_488,38.8477631,101.0112152,2576.9072,3,False
27,UAV_489,38.8352203,101.0166016,2570.6582,2,False
27,UAV_490,38.8086815,100.988472,2580.0691,4,False
27,UAV_491,38.9107971,101.0404968,2572.4827,5,False
27,UAV_492,38.8393784,101.0411377,2570.4558,2,False
27,UAV_493,38.8368721,101.0542908,2570.1621,1,False
27,UAV_494,38.7865639,100.9951859,2571.8733,4,False
27,UAV_495,38.9255371,101.0181046,2579.1311,3,False
27,UAV_496,38.8507233,101.0191956,2571.3247,2,False
27,UAV_497,38.7976875,101.0026321,2574.3657,4,True
27,UAV_498,38.8481407,101.0223999,2576.1401,3,False
27,UAV_499,38.8648453,100.9851761,2570.1321,2,False
27,UAV_500,38.828743,101.0818024,2570.1577,1,False
28,UAV_001,38.8299904,101.084877,2568.8408,4,False
28,UAV_002,38.869606,100.9951172,2573.1323,0,False
28,UAV_003,38.8862991,101.057045,2569.4216,3,False
28,UAV_004,38.7788849,101.0011978,2575.272,5,False
28,UAV_005,38.8150482,101.0994568,2568.2527,4,False
28,UAV_006,38.827137,101.0849228,2574.4761,1,False
28,UAV_007,38.8984756,101.1052094,2571.3765,2,False
28,UAV_008,38.8795547,101.0488968,2567.5461,3,False
28,UAV_009,38.9135895,101.1007538,2573.7944,2,False
28,UAV_010,38.8878822,100.934227,2575.9102,0,False
28,UAV_011,38.8977661,101.049736,2575.2549,0,False
28,UAV_012,38.8666344,101.0156708,2574.239,0,True
28,UAV_013,38.8477249,101.0536652,2571.4741,4,False
28,UAV_014,38.8567886,100.9991226,2573.1726,0,False
28,UAV_015,38.8853111,100.9554596,2566.344,3,False
28,UAV_016,38.967247,100.958931,2568.8538,3,False
28,UAV_017,38.8928299,101.0402069,2568.8037,3,False
28,UAV_018,38.886013,101.0044556,2575.8726,0,False
28,UAV_019,38.8832817,101.0455399,2574.0425,0,False
28,UAV_020,38.8419647,100.9943771,2577.4336,0,False
28,UAV_021,38.9163513,101.0997467,2574.5618,2,False
28,UAV_022,38.8978806,100.9507065,2568.2554,3,False
28,UAV_023,38.86343,100.9608002,2572.2495,0,False
28,UAV_024,38.853508,101.0308228,2573.4836,0,False
28,UAV_025,38.896122,101.0353012,2576.1848,0,False
28,UAV_026,38.8851585,101.1005478,2569.0215,4,False
28,UAV_027,38.8535805,101.0679321,2574.9998,1,False
28,UAV_028,38.901062,101.1067352,2572.677,2,False
28,UAV_029,38.8520966,101.0555496,2576.4507,1,False
28,UAV_030,38.8307304,101.0161896,2575.708,1,False
28,UAV_031,38.8429337,101.0294876,2578.0593,1,False
28,UAV_032,38.840168,101.0836411,2573.8423,1,False
28,UAV_033,38.8846321,101.0795593,2573.8984,2,False
28,UAV_034,38.8912506,101.0478516,2573.0603,0,False
28,UAV_035,38.8311005,101.0332336,2575.0479,1,False
28,UAV_036,38.8706245,100.9640045,2568.4746,3,True
28,UAV_037,38.907856,100.9808121,2573.9236,0,False
28,UAV_038,38.8907204,101.0237656,2573.3386,0,False
28,UAV_039,38.9450645,101.0052795,2574.5872,0,False
28,UAV_040,38.8325233,101.0107727,2568.8535,3,False
28,UAV_041,38.829586,101.0114822,2578.7451,1,False
28,UAV_042,38.9354553,101.0901337,2576.1604,2,False
28,UAV_043,38.9070702,101.1094513,2575.7117,2,False
28,UAV_044,38.773941,100.9895706,2570.4287,5,False
28,UAV_045,38.9434204,101.0176544,2569.1096,3,False
28,UAV_046,38.7988205,100.9906158,2575.4478,5,False
28,UAV_047,38.8819618,100.9768219,2571.5088,0,False
28,UAV_048,38.9440002,101.0410385,2573.438,0,False
28,UAV_049,38.7931023,101.04879,2574.5784,1,False
28,UAV_050,38.8974037,101.0312042,2574.5369,0,False
28,UAV_051,38.8713913,101.0351028,2571.1743,3,False
28,UAV_052,38.8126221,101.0558929,2575.0239,1,False
28,UAV_053,38.8833504,101.0666656,2569.7234,3,False
28,UAV_054,38.8262215,101.0632706,2570.5854,4,False
28,UAV_055,38.8010826,101.0735092,2577.6379,1,False
28,UAV_056,38.8440094,101.0325851,2567.7944,3,False
28,UAV_057,38.8025284,101.0643692,2565.5007,4,False
28,UAV_058,38.813221,101.0353165,2571.0754,5,False
28,UAV_059,38.8404617,101.0597763,2575.2966,1,False
28,UAV_060,38.7813873,101.0051498,2568.814,5,False
28,UAV_061,38.8342056,101.0891342,2581.7305,1,False
28,UAV_062,38.8878593,101.0138245,2571.3743,0,False
28,UAV_063,38.9030762,100.9792023,2578.5334,0,False
28,UAV_064,38.8907051,101.1322784,2571.3052,2,False
28,UAV_065,38.8801613,101.0428696,2569.9307,3,False
28,UAV_066,38.9225883,101.1080322,2572.436,2,False
28,UAV_067,38.9143791,100.9920502,2574.1292,0,False
28,UAV_068,38.8746452,101.0124893,2570.0491,3,False
28,UAV_069,38.9053917,101.0784531,2567.771,3,False
28,UAV_070,38.7881203,101.022728,2573.9985,5,False
28,UAV_071,38.8197098,101.1330109,2571.4607,4,False
28,UAV_072,38.861187,101.0497971,2572.8613,0,False
28,UAV_073,38.7991714,101.01828,2572.6318,5,False
28,UAV_074,38.7859726,101.0034332,2569.8567,5,False
28,UAV_075,38.8149338,100.9847717,2573.5881,5,False
28,UAV_076,38.9091377,101.0136032,2568.7793,3,False
28,UAV_077,38.8659935,101.1035233,2573.9116,2,False
28,UAV_078,38.9076385,101.0115509,2575.314,0,False
28,UAV_079,38.9052315,101.0534439,2577.4092,0,False
28,UAV_080,38.9560127,101.0801468,2568.3645,2,False
28,UAV_081,38.8009415,100.9999619,2574.0864,5,False
28,UAV_082,38.7845459,101.0802841,2576.7522,1,False
28,UAV_083,38.7448997,100.9973984,2566.0181,5,False
28,UAV_084,38.8065872,101.0710144,2572.0549,4,False
28,UAV_085,38.9131584,101.0370636,2574.5073,0,False
28,UAV_086,38.9009094,101.09375,2575.2983,2,False
28,UAV_087,38.7931175,101.1393661,2572.5542,4,False
28,UAV_088,38.8260651,100.9803925,2575.3159,5,False
28,UAV_089,38.8522415,101.054863,2571.4167,4,False
28,UAV_090,38.8761215,101.0252151,2574.2786,0,False
28,UAV_091,38.8288536,101.0216141,2571.2874,5,False
28,UAV_092,38.8265114,100.9947433,2570.1501,5,False
28,UAV_093,38.8977814,100.9992828,2572.7888,0,False
28,UAV_094,38.7869034,101.0224838,2577.6482,1,False
28,UAV_095,38.8554916,101.1047134,2574.1604,2,False
28,UAV_096,38.8581963,101.0639038,2565.7986,3,False
28,UAV_097,38.7892189,100.9969559,2575.094,5,False
28,UAV_098,38.8901901,101.0548019,2574.2756,2,False
28,UAV_099,38.9128151,101.0278091,2572.615,0,False
28,UAV_100,38.9015617,101.0930786,2570.4963,2,False
28,UAV_101,38.8748436,100.9974289,2573.6694,0,False
28,UAV_102,38.8099403,101.0957947,2575.4797,1,False
28,UAV_103,38.8336906,101.0146942,2572.2163,5,False
28,UAV_104,38.7977638,101.0224304,2572.6775,5,False
28,UAV_105,38.8889465,100.9837875,2572.2703,0,False
28,UAV_106,38.9156113,100.9935608,2572.2917,0,False
28,UAV_107,38.7905045,101.0737457,2571.0552,4,False
28,UAV_108,38.95158,100.9697113,2575.2097,0,False
28,UAV_109,38.8706856,101.0454407,2572.6804,0,False
28,UAV_110,38.8463402,101.0950012,2574.4895,2,False
28,UAV_111,38.841938,101.0269012,2566.2639,3,False
28,UAV_112,38.7467957,100.9908066,2570.8445,5,False
28,UAV_113,38.7706909,100.9852066,2569.6921,5,False
28,UAV_114,38.8725281,101.0187302,2572.6487,0,False
28,UAV_115,38.8790779,101.0375824,2568.3171,3,False
28,UAV_116,38.8307724,101.0614471,2573.0383,4,False
28,UAV_117,38.8526535,100.9569321,2571.0464,3,False
28,UAV_118,38.7933655,101.0072861,2574.8491,5,False
28,UAV_119,38.8050385,101.0485153,2572.2285,4,False
28,UAV_120,38.8530197,101.0727158,2579.4006,1,False
28,UAV_121,38.7782784,101.1017685,2573.9863,1,False
28,UAV_122,38.7883644,101.0351028,2576.4797,1,False
28,UAV_123,38.8430672,101.0575943,2573.4153,1,False
28,UAV_124,38.8775711,101.122963,2574.3401,2,False
28,UAV_125,38.8207512,100.9982452,2572.4312,5,False
28,UAV_126,38.8021049,101.007103,2573.0383,5,False
28,UAV_127,38.9078865,101.0137787,2567.9473,3,False
28,UAV_128,38.8600121,100.9651871,2566.4741,3,False
28,UAV_129,38.9501266,101.0561218,2575.7183,2,False
28,UAV_130,38.7983284,101.0176544,2573.5515,5,False
28,UAV_131,38.8902435,100.9600906,2574.219,0,False
28,UAV_132,38.9438782,100.9648895,2575.3945,0,False
28,UAV_133,38.8864822,101.0388184,2569.8401,3,False
28,UAV_134,38.7468376,100.997963,2570.7996,5,False
28,UAV_135,38.7769547,101.0641861,2574.5457,1,False
28,UAV_136,38.8210945,101.0505371,2570.9666,4,False
28,UAV_137,38.8450508,100.9827957,2573.0586,0,False
28,UAV_138,38.81427,101.0518951,2570.8455,4,False
28,UAV_139,38.8033028,101.028511,2568.835,5,False
28,UAV_140,38.8582954,101.0623856,2569.2153,4,False
28,UAV_141,38.7840729,101.006485,2574.281,5,False
28,UAV_142,38.8991356,101.1044922,2571.0217,2,False
28,UAV_143,38.7677612,100.9990005,2574.637,5,False
28,UAV_144,38.8432693,101.0798721,2567.0056,4,False
28,UAV_145,38.8634605,101.0885696,2570.8545,4,False
28,UAV_146,38.8966904,100.9738083,2571.5374,0,False
28,UAV_147,38.9135246,100.9887848,2569.873,3,False
28,UAV_148,38.8106956,100.9902344,2575.676,5,False
28,UAV_149,38.7822685,101.083374,2574.9373,1,False
28,UAV_150,38.7745934,101.1165161,2574.7085,1,False
28,UAV_151,38.8574486,101.0985107,2578.1213,1,False
28,UAV_152,38.8943176,100.9621964,2577.7395,0,False
28,UAV_153,38.8218727,101.1140213,2575.9229,1,False
28,UAV_154,38.7881432,101.0863647,2578.1548,1,False
28,UAV_155,38.8519478,100.9985352,2576.9194,0,False
28,UAV_156,38.8835945,101.0678787,2569.1826,3,False
28,UAV_157,38.7995644,101.1259308,2568.6804,4,False
28,UAV_158,38.8481445,101.0756912,2567.0579,4,False
28,UAV_159,38.8436356,101.0762177,2569.8958,4,False
28,UAV_160,38.8530807,100.9674225,2573.1016,0,False
28,UAV_161,38.9072495,101.1159668,2573.0779,2,False
28,UAV_162,38.8568954,101.0194626,2574.2524,0,False
28,UAV_163,38.7436104,101.0262451,2567.4397,5,False
28,UAV_164,38.7788391,100.9778366,2566.2581,5,False
28,UAV_165,38.8871384,100.9796371,2574.0176,0,False
28,UAV_166,38.9126892,101.0956192,2573.9646,2,False
28,UAV_167,38.895134,101.0349197,2577.1782,0,False
28,UAV_168,38.7679672,101.0953293,2572.1277,4,False
28,UAV_169,38.8977737,101.0181046,2572.5261,0,False
28,UAV_170,38.8105621,101.1294174,2571.2483,4,False
28,UAV_171,38.8637657,101.0491257,2576.562,1,True
28,UAV_172,38.8058891,101.0391846,2573.0288,5,False
28,UAV_173,38.7734337,100.9744492,2568.3071,5,False
28,UAV_174,38.8419456,101.0077896,2574.3088,0,False
28,UAV_175,38.8525238,101.0981216,2571.1653,4,False
28,UAV_176,38.7864456,101.1140289,2565.3506,4,False
28,UAV_177,38.8067818,101.0904465,2576.7915,1,False
28,UAV_178,38.8622551,101.014328,2569.4194,3,False
28,UAV_179,38.8225212,100.9972534,2576.3574,1,False
28,UAV_180,38.8581467,101.0001144,2574.2363,0,False
28,UAV_181,38.8918457,101.0267487,2579.5703,0,False
28,UAV_182,38.8611641,101.0517426,2569.8933,3,False
28,UAV_183,38.8394089,100.9519882,2577.2988,0,False
28,UAV_184,38.7570419,100.9743805,2567.8137,5,False
28,UAV_185,38.8990059,101.0011368,2571.9382,0,False
28,UAV_186,38.8675117,101.0127792,2567.1777,3,False
28,UAV_187,38.8804245,101.0991135,2575.0615,2,False
28,UAV_188,38.9150734,101.0074158,2573.8042,0,False
28,UAV_189,38.7749634,100.9873199,2569.1589,5,False
28,UAV_190,38.875145,101.0190811,2574.5979,0,False
28,UAV_191,38.8927994,100.9672089,2574.5076,0,False
28,UAV_192,38.7792206,100.9677811,2573.9009,5,False
28,UAV_193,38.8070183,101.0220337,2570.8894,5,False
28,UAV_194,38.8572617,101.0669937,2574.2493,2,False
28,UAV_195,38.9656258,101.1399078,2573.5469,2,False
28,UAV_196,38.8834839,101.1059265,2572.2305,2,False
28,UAV_197,38.9207077,101.0325317,2575.7827,0,False
28,UAV_198,38.8054199,101.0316925,2572.4043,5,False
28,UAV_199,38.8699608,101.0416183,2571.0608,3,False
28,UAV_200,38.7518654,101.1189499,2575.8921,1,False
28,UAV_201,38.9382362,101.0433044,2574.113,0,False
28,UAV_202,38.7725182,100.9424744,2574.7681,5,False
28,UAV_203,38.829361,101.0271149,2570.8982,5,False
28,UAV_204,38.8368034,101.0129623,2569.4521,3,False
28,UAV_205,38.7746315,101.1308975,2572.8621,4,False
28,UAV_206,38.9063606,101.0292435,2569.1265,3,False
28,UAV_207,38.8531685,101.0409851,2572.1477,0,False
28,UAV_208,38.8498154,101.0737305,2569.3877,4,False
28,UAV_209,38.8422508,101.0812759,2569.2354,4,False
28,UAV_210,38.9374847,101.0425797,2577.2881,0,False
28,UAV_211,38.7949142,100.954071,2569.1636,5,False
28,UAV_212,38.7709999,101.0162048,2572.5532,5,False
28,UAV_213,38.8037949,101.0256805,2572.9565,5,False
28,UAV_214,38.8276787,101.0587311,2571.8206,4,False
28,UAV_215,38.8249245,101.1005096,2573.9641,4,False
28,UAV_216,38.8005142,100.9578476,2567.4954,5,False
28,UAV_217,38.9261513,101.1054764,2571.4019,2,False
28,UAV_218,38.7936172,100.9862366,2574.0195,5,False
28,UAV_219,38.7702866,101.0829086,2572.1475,4,False
28,UAV_220,38.8914604,101.0359421,2570.9155,3,False
28,UAV_221,38.8738747,101.0406418,2575.9341,0,False
28,UAV_222,38.8551865,101.0482101,2573.7107,0,False
28,UAV_223,38.8234634,101.0676804,2569.7156,4,False
28,UAV_224,38.8381844,100.947937,2572.2263,5,False
28,UAV_225,38.8015327,101.0905304,2579.5715,1,False
28,UAV_226,38.7849617,101.0054016,2577.3425,1,False
28,UAV_227,38.8460121,101.1202545,2571.5515,4,False
28,UAV_228,38.775177,101.0636063,2578.6726,1,False
28,UAV_229,38.9388771,101.0092163,2573.8757,0,False
28,UAV_230,38.8374557,101.1149063,2576.2773,1,False
28,UAV_231,38.8219872,101.0503006,2573.0105,4,False
28,UAV_232,38.8332634,100.9768906,2573.2751,5,False
28,UAV_233,38.7792397,100.9792099,2573.2656,5,False
28,UAV_234,38.8276825,100.9951553,2577.6396,1,False
28,UAV_235,38.7819138,101.0419617,2574.5386,1,False
28,UAV_236,38.8852959,100.9797211,2573.3262,0,False
28,UAV_237,38.8698006,101.0990448,2571.6169,2,False
28,UAV_238,38.8745804,101.0937958,2572.6951,2,False
28,UAV_239,38.8520966,101.0683975,2577.0168,1,False
28,UAV_240,38.8500099,101.0575104,2573.0818,4,False
28,UAV_241,38.8348503,100.9809341,2575.6431,0,False
28,UAV_242,38.7774162,101.0320511,2573.1536,5,False
28,UAV_243,38.8242111,100.9965897,2569.251,5,False
28,UAV_244,38.7994766,101.0825424,2569.3013,4,False
28,UAV_245,38.8954277,101.0051651,2568.0237,3,False
28,UAV_246,38.9316406,101.0085983,2571.9717,0,False
28,UAV_247,38.9337196,101.0756531,2578.0203,2,False
28,UAV_248,38.8668556,101.0985718,2574.5601,2,False
28,UAV_249,38.9101257,100.9909058,2568.3032,3,False
28,UAV_250,38.9160461,101.036972,2574.2366,0,False
28,UAV_251,38.8534698,100.9719238,2571.2603,3,False
28,UAV_252,38.7649841,101.1254654,2568.1851,4,False
28,UAV_253,38.8218842,101.0746918,2569.1106,4,False
28,UAV_254,38.882885,101.0386581,2566.2644,3,False
28,UAV_255,38.8699226,100.9930267,2570.0271,3,False
28,UAV_256,38.8995171,101.116478,2572.5181,2,False
28,UAV_257,38.8471985,101.074913,2568.2583,4,False
28,UAV_258,38.8688316,101.1262054,2576.4568,2,False
28,UAV_259,38.7858047,101.1182938,2571.0525,4,False
28,UAV_260,38.8240738,101.0624847,2572.3127,4,False
28,UAV_261,38.8480148,101.0707626,2575.5596,1,False
28,UAV_262,38.8601646,101.0708084,2570.2053,4,False
28,UAV_263,38.7910004,101.148407,2577.1792,1,False
28,UAV_264,38.929718,101.0570602,2569.6704,3,False
28,UAV_265,38.8642807,101.0386276,2573.7102,0,False
28,UAV_266,38.8765869,101.0882111,2568.6064,4,False
28,UAV_267,38.8839951,101.0988541,2570.0171,2,False
28,UAV_268,38.9233398,100.9697113,2573.5989,0,False
28,UAV_269,38.888916,101.0243073,2574.1116,0,False
28,UAV_270,38.7917213,101.0172958,2576.1621,1,False
28,UAV_271,38.864563,100.9980774,2577.9641,0,False
28,UAV_272,38.7724609,101.0010986,2576.884,1,False
28,UAV_273,38.8499336,101.0238647,2569.481,3,False
28,UAV_274,38.8411903,101.0243988,2573.0449,0,False
28,UAV_275,38.8662682,100.9870605,2573.0732,0,False
28,UAV_276,38.7683525,101.05056,2571.2644,5,False
28,UAV_277,38.7650604,100.9928894,2572.0093,5,True
28,UAV_278,38.79459,101.0941162,2567.3777,4,False
28,UAV_279,38.89394,101.096405,2575.6335,2,False
28,UAV_280,38.7951698,101.0007401,2574.0654,5,False
28,UAV_281,38.8708649,101.0712357,2569.5286,4,False
28,UAV_282,38.853096,101.0968018,2574.5969,2,False
28,UAV_283,38.8973007,101.0893707,2567.093,3,False
28,UAV_284,38.8722382,101.009613,2572.9285,0,False
28,UAV_285,38.8366966,101.0844421,2574.2666,1,False
28,UAV_286,38.8521156,100.9595108,2572.8738,0,False
28,UAV_287,38.8465538,101.0979385,2570.7358,4,False
28,UAV_288,38.9045372,101.0927963,2574.76,2,False
28,UAV_289,38.8948898,101.1448975,2575.1001,2,False
28,UAV_290,38.7906227,101.0219803,2580.9995,1,False
28,UAV_291,38.8340721,101.0631714,2574.1392,1,False
28,UAV_292,38.8452148,101.004509,2574.3523,0,False
28,UAV_293,38.8765106,101.0908279,2568.176,4,False
28,UAV_294,38.8466949,101.1420593,2572.5681,4,False
28,UAV_295,38.8783226,101.0594406,2573.5581,2,False
28,UAV_296,38.843586,101.1037521,2568.981,4,False
28,UAV_297,38.807682,101.0222015,2576.8926,1,False
28,UAV_298,38.8563042,101.1201782,2577.5911,1,False
28,UAV_299,38.7789497,101.0556412,2576.8428,1,False
28,UAV_300,38.8221054,100.958374,2565.5149,3,False
28,UAV_301,38.788475,101.0577774,2574.7612,1,False
28,UAV_302,38.775486,101.146965,2572.7432,4,False
28,UAV_303,38.8997879,101.0870132,2571.7104,2,False
28,UAV_304,38.9113846,101.0701218,2571.0601,2,False
28,UAV_305,38.8611908,100.9734726,2572.2161,0,False
28,UAV_306,38.8441162,101.0211563,2578.9241,1,False
28,UAV_307,38.8088379,100.9638062,2575.6807,5,False
28,UAV_308,38.8606339,101.0987015,2567.5198,4,False
28,UAV_309,38.9071884,101.0902405,2571.9119,2,False
28,UAV_310,38.8458328,101.0115585,2571.8147,5,False
28,UAV_311,38.7637901,101.0074234,2570.4138,5,False
28,UAV_312,38.9087868,101.0321655,2570.0105,3,False
28,UAV_313,38.8610878,101.0362167,2572.4246,0,False
28,UAV_314,38.8746605,100.9570847,2575.5312,0,False
28,UAV_315,38.8288231,100.9795609,2573.3809,5,False
28,UAV_316,38.9125214,101.0506516,2577.283,0,False
28,UAV_317,38.9268227,101.0505753,2572.554,2,False
28,UAV_318,38.8023605,101.0776215,2571.1731,4,False
28,UAV_319,38.8251076,101.0158539,2572.5742,5,False
28,UAV_320,38.8150139,101.0756836,2569.9707,4,False
28,UAV_321,38.9650116,101.0580597,2572.5725,2,False
28,UAV_322,38.8419228,101.1052628,2576.4561,1,False
28,UAV_323,38.7398033,101.0620728,2569.7339,4,False
28,UAV_324,38.8932877,101.0293121,2575.3235,0,False
28,UAV_325,38.7997055,101.112999,2567.3506,4,False
28,UAV_326,38.8652,101.1337509,2572.645,2,False
28,UAV_327,38.8803024,101.0155106,2572.2634,0,False
28,UAV_328,38.7671356,101.0366364,2576.1812,1,False
28,UAV_329,38.7813683,101.1335297,2576.0391,1,False
28,UAV_330,38.9153175,101.0035248,2573.4014,0,False
28,UAV_331,38.9240952,101.1009979,2568.1001,2,False
28,UAV_332,38.9120216,101.0430374,2577.4043,0,False
28,UAV_333,38.9540405,100.9740906,2575.6077,0,False
28,UAV_334,38.9186478,100.9721069,2571.3345,0,False
28,UAV_335,38.8068771,101.0454025,2580.072,1,False
28,UAV_336,38.8163071,101.0124664,2574.5122,5,False
28,UAV_337,38.8844566,101.0373306,2574.8833,0,False
28,UAV_338,38.780674,101.0469666,2576.082,1,False
28,UAV_339,38.8277397,101.1276093,2571.9031,4,False
28,UAV_340,38.8627548,100.980629,2571.8184,0,False
28,UAV_341,38.8525734,101.0199738,2574.5371,0,False
28,UAV_342,38.8613701,101.080368,2573.8025,2,False
28,UAV_343,38.8358841,101.0859909,2581.6926,1,False
28,UAV_344,38.9299278,101.1316223,2577.303,2,False
28,UAV_345,38.8264961,101.0165176,2569.6172,3,False
28,UAV_346,38.8864822,101.0531616,2573.3555,2,False
28,UAV_347,38.8160934,101.0249634,2572.7896,5,False
28,UAV_348,38.8119621,101.0612411,2574.4492,1,False
28,UAV_349,38.9463501,100.9205017,2572.0798,0,False
28,UAV_350,38.8024521,101.0953827,2571.2732,4,False
28,UAV_351,38.8992805,101.1302338,2570.0056,2,False
28,UAV_352,38.7492485,101.0540314,2574.0076,1,False
28,UAV_353,38.7618828,100.9830322,2570.4358,5,False
28,UAV_354,38.7896576,100.9775162,2568.394,5,False
28,UAV_355,38.8986435,101.0407104,2573.0618,0,False
28,UAV_356,38.8172607,101.0340805,2565.396,3,False
28,UAV_357,38.7638931,100.9911804,2572.353,5,False
28,UAV_358,38.8580284,101.1019745,2578.7266,1,False
28,UAV_359,38.7802696,101.0296249,2567.7231,5,False
28,UAV_360,38.8171577,101.1038742,2573.4429,4,False
28,UAV_361,38.8894234,101.0536728,2570.8298,3,False
28,UAV_362,38.827507,101.0878448,2569.9653,4,False
28,UAV_363,38.8159981,101.1117783,2571.6006,4,False
28,UAV_364,38.8544197,101.0443268,2571.6189,4,False
28,UAV_365,38.8023643,101.0608215,2576.071,1,False
28,UAV_366,38.769146,101.1212463,2571.9426,4,False
28,UAV_367,38.8567314,101.0147934,2575.1619,0,False
28,UAV_368,38.8699913,101.0523071,2573.8003,2,False
28,UAV_369,38.9073296,101.0941086,2569.5864,2,False
28,UAV_370,38.8535728,101.0236435,2575.2429,0,False
28,UAV_371,38.8754845,101.0302505,2573.5405,0,False
28,UAV_372,38.8833847,101.0387192,2576.0554,0,False
28,UAV_373,38.8730278,101.0889359,2571.5781,2,False
28,UAV_374,38.8240433,101.0524292,2571.4651,4,False
28,UAV_375,38.8094635,101.0380478,2566.8062,3,False
28,UAV_376,38.7954941,101.0136719,2573.6619,5,False
28,UAV_377,38.8565712,101.0933075,2571.2007,4,False
28,UAV_378,38.8836174,101.1158142,2574.1694,2,False
28,UAV_379,38.7848434,101.0076065,2577.2588,1,False
28,UAV_380,38.8086777,101.0059586,2572.6885,5,False
28,UAV_381,38.8644829,101.0048752,2573.2153,0,False
28,UAV_382,38.8195648,101.0130005,2577.3162,1,False
28,UAV_383,38.9217758,101.016243,2572.9575,0,False
28,UAV_384,38.8882942,100.9855881,2573.3567,0,False
28,UAV_385,38.75177,101.1166992,2568.8518,4,False
28,UAV_386,38.8462105,101.0882874,2576.9631,1,False
28,UAV_387,38.9031067,101.085968,2578.6169,2,False
28,UAV_388,38.8042412,101.0829544,2573.1621,4,False
28,UAV_389,38.8332291,101.1083908,2572.9524,4,False
28,UAV_390,38.84869,100.9948502,2573.4043,0,False
28,UAV_391,38.7722206,101.0791626,2573.7463,1,False
28,UAV_392,38.7997398,101.0625,2575.9705,1,False
28,UAV_393,38.8967361,100.9904709,2573.3032,0,False
28,UAV_394,38.9558563,101.0643311,2573.9807,2,False
28,UAV_395,38.8965073,100.9649887,2568.1355,3,False
28,UAV_396,38.9489212,100.9933472,2568.2866,3,False
28,UAV_397,38.8309174,101.0194397,2564.5591,3,False
28,UAV_398,38.8888779,101.0600357,2571.3931,2,False
28,UAV_399,38.8854027,101.0709915,2571.6755,2,False
28,UAV_400,38.8516388,101.0378723,2575.5857,1,False
28,UAV_401,38.8838577,100.9975586,2570.7705,3,False
28,UAV_402,38.8591156,101.0717926,2578.6438,1,False
28,UAV_403,38.9143715,101.0895767,2574.3042,2,False
28,UAV_404,38.8716812,101.033783,2577.6802,0,False
28,UAV_405,38.9018745,101.0208893,2566.4238,3,False
28,UAV_406,38.8207741,101.0699005,2572.0259,4,False
28,UAV_407,38.8432083,100.9983139,2566.8931,3,False
28,UAV_408,38.8021812,101.063942,2572.7354,4,False
28,UAV_409,38.8791885,101.0176849,2578.176,0,False
28,UAV_410,38.7683678,101.050827,2570.6973,5,False
28,UAV_411,38.868927,101.0622025,2572.5161,2,False
28,UAV_412,38.797905,100.983345,2569.894,5,False
28,UAV_413,38.809948,101.0837936,2570.5557,4,False
28,UAV_414,38.8350677,101.0439377,2574.1067,1,False
28,UAV_415,38.8377571,100.955719,2569.2036,3,False
28,UAV_416,38.8662262,101.0232697,2574.4529,0,False
28,UAV_417,38.910511,101.1208267,2571.3169,2,False
28,UAV_418,38.8663139,101.0101547,2567.6636,3,False
28,UAV_419,38.8102531,100.9603577,2575.7883,5,False
28,UAV_420,38.7820282,101.02314,2578.2034,1,False
28,UAV_421,38.7456398,101.0698624,2579.176,1,False
28,UAV_422,38.8662224,100.9803925,2567.2378,3,False
28,UAV_423,38.8775482,101.1071625,2578.4287,2,False
28,UAV_424,38.8178749,100.966301,2572.1187,5,False
28,UAV_425,38.8876839,101.065094,2573.6514,2,True
28,UAV_426,38.8634834,101.0544205,2575.3311,1,False
28,UAV_427,38.8443871,101.0378876,2577.3347,1,False
28,UAV_428,38.8528252,100.9476166,2567.4944,3,False
28,UAV_429,38.8640251,100.9664459,2574.616,0,False
28,UAV_430,38.7475586,101.0439148,2570.7395,5,False
28,UAV_431,38.7872696,101.0333862,2574.8464,1,False
28,UAV_432,38.9185257,101.0544815,2572.4209,2,False
28,UAV_433,38.9690933,101.0070877,2572.2473,0,False
28,UAV_434,38.8292503,100.9700165,2566.2034,3,False
28,UAV_435,38.8617897,100.9764252,2573.2595,0,False
28,UAV_436,38.7576065,100.9847412,2571.5078,5,False
28,UAV_437,38.8753967,101.123085,2576.1641,2,False
28,UAV_438,38.8578835,100.9930649,2569.7544,3,False
28,UAV_439,38.9052315,101.0439987,2574.7854,0,False
28,UAV_440,38.9195709,101.0086594,2578.5657,0,False
28,UAV_441,38.8192787,100.9610138,2574.916,5,False
28,UAV_442,38.8582954,100.9778442,2576.3523,0,False
28,UAV_443,38.9207497,101.1335144,2573.9973,2,False
28,UAV_444,38.8098679,100.9976501,2572.8074,5,False
28,UAV_445,38.8165932,100.9667969,2570.7197,5,False
28,UAV_446,38.8575554,101.0884781,2576.5593,1,False
28,UAV_447,38.9146271,101.0949707,2575.5974,2,False
28,UAV_448,38.7753906,101.0282288,2572.8787,5,False
28,UAV_449,38.8085823,101.063736,2574.0527,1,False
28,UAV_450,38.7921333,101.1113129,2565.2512,4,False
28,UAV_451,38.7951813,101.0014038,2572.5796,5,False
28,UAV_452,38.8638077,101.0856018,2568.5105,4,False
28,UAV_453,38.9004936,101.065506,2574.4209,2,False
28,UAV_454,38.8619461,101.1080856,2572.4873,2,False
28,UAV_455,38.8224831,100.9928284,2571.7949,5,False
28,UAV_456,38.8236313,101.0384598,2570.6279,4,False
28,UAV_457,38.8496017,101.0372086,2576.3135,1,False
28,UAV_458,38.8576736,101.0172958,2569.6418,3,False
28,UAV_459,38.88591,100.9975052,2570.1541,3,False
28,UAV_460,38.7514267,101.0608826,2569.791,4,False
28,UAV_461,38.9090843,100.9534149,2573.9233,0,False
28,UAV_462,38.8569031,101.1228561,2575.5549,2,False
28,UAV_463,38.784893,100.9914856,2568.3262,5,False
28,UAV_464,38.8708687,100.9864426,2571.7551,0,False
28,UAV_465,38.8801041,100.9639664,2571.8396,0,False
28,UAV_466,38.9552727,101.0838852,2577.2056,2,False
28,UAV_467,38.793705,100.9805984,2573.7434,5,False
28,UAV_468,38.8147659,100.9746857,2576.2397,5,False
28,UAV_469,38.8463516,101.0550919,2570.9331,4,False
28,UAV_470,38.8468475,101.0621033,2575.593,1,False
28,UAV_471,38.8132133,100.966713,2566.3108,3,False
28,UAV_472,38.865406,101.1203537,2577.1965,2,False
28,UAV_473,38.8042183,101.1128006,2572.1335,4,False
28,UAV_474,38.7973709,100.9816818,2574.4277,5,False
28,UAV_475,38.9294281,101.0255661,2569.7717,3,False
28,UAV_476,38.907177,101.0812302,2576.2974,2,False
28,UAV_477,38.8783836,101.013504,2576.8909,0,False
28,UAV_478,38.9049683,100.9843597,2575.396,0,False
28,UAV_479,38.8729172,101.0643311,2572.7485,2,False
28,UAV_480,38.7969551,101.0554504,2574.3464,1,False
28,UAV_481,38.8199387,100.9787521,2578.3201,1,False
28,UAV_482,38.797554,101.1189804,2576.551,1,False
28,UAV_483,38.9002914,101.1091461,2577.5505,2,False
28,UAV_484,38.858223,101.0606461,2573.1992,2,False
28,UAV_485,38.8108826,101.012558,2567.1746,3,False
28,UAV_486,38.9038391,101.04496,2572.9072,0,False
28,UAV_487,38.9032478,101.0038223,2568.7627,3,False
28,UAV_488,38.8357162,101.0129089,2579.563,1,False
28,UAV_489,38.8363342,101.0161285,2571.4268,5,False
28,UAV_490,38.8015327,100.9885406,2574.5037,5,False
28,UAV_491,38.9094658,101.0403061,2573.915,0,False
28,UAV_492,38.8382912,101.040657,2570.3364,4,True
28,UAV_493,38.8099861,100.9790268,2574.9502,5,False
28,UAV_494,38.7860069,100.9947128,2574.0327,5,False
28,UAV_495,38.9221954,101.0197296,2572.2502,0,False
28,UAV_496,38.854332,101.0183868,2573.1309,0,False
28,UAV_497,38.7970314,101.0005569,2569.4919,5,False
28,UAV_498,38.851368,101.0233917,2579.1121,1,False
28,UAV_499,38.8671837,100.9851456,2572.1531,0,False
28,UAV_500,38.8297997,101.079422,2573.8667,1,False
29,UAV_001,38.8299599,101.0842896,2570.355,0,False
29,UAV_002,38.867321,100.9965515,2574.8345,1,False
29,UAV_003,38.8850136,101.0568008,2568.2703,0,False
29,UAV_004,38.7769623,101.0011902,2575.1982,1,False
29,UAV_005,38.8149681,101.0993652,2570.0,0,False
29,UAV_006,38.8306961,101.0871658,2574.3223,3,False
29,UAV_007,38.898941,101.1068802,2573.1897,4,False
29,UAV_008,38.8796654,101.0472641,2567.6145,0,False
29,UAV_009,38.9134026,101.1005707,2566.9727,0,False
29,UAV_010,38.8914719,100.9352417,2577.2131,1,False
29,UAV_011,38.8965683,101.0497665,2571.5854,0,False
29,UAV_012,38.8693275,100.9974136,2570.9839,5,False
29,UAV_013,38.8473129,101.0533447,2573.8391,3,False
29,UAV_014,38.853653,101.0033264,2577.1045,1,False
29,UAV_015,38.8858452,100.9539337,2569.6741,5,False
29,UAV_016,38.9670982,100.9575577,2571.793,5,False
29,UAV_017,38.8932648,101.0376968,2571.6985,5,False
29,UAV_018,38.8869171,101.0064087,2574.2212,1,False
29,UAV_019,38.8522568,101.0584335,2575.9841,4,False
29,UAV_020,38.8435135,100.9968796,2578.1472,1,False
29,UAV_021,38.9056854,101.1158905,2577.2144,4,False
29,UAV_022,38.9045258,100.9509659,2572.1345,5,False
29,UAV_023,38.8628502,100.9614182,2574.7942,1,False
29,UAV_024,38.8515892,101.0308304,2575.821,1,False
29,UAV_025,38.897644,101.0364075,2575.802,4,False
29,UAV_026,38.8825951,101.1021347,2578.1699,4,False
29,UAV_027,38.8591118,101.0650635,2570.4636,0,False
29,UAV_028,38.901413,101.105278,2568.6621,0,False
29,UAV_029,38.8544083,101.0558014,2575.0012,4,False
29,UAV_030,38.8295479,101.0152969,2572.8975,1,False
29,UAV_031,38.8418732,101.0293045,2575.8818,1,False
29,UAV_032,38.8381691,101.0845184,2573.408,3,False
29,UAV_033,38.8846397,101.0795898,2570.5149,0,False
29,UAV_034,38.8902092,101.0478439,2576.0896,4,False
29,UAV_035,38.8311234,101.0334167,2576.2417,1,False
29,UAV_036,38.8715668,100.9588318,2573.3391,1,False
29,UAV_037,38.906086,100.9833069,2580.0913,1,False
29,UAV_038,38.8895187,101.0237808,2575.9761,4,False
29,UAV_039,38.943737,101.0052032,2572.0977,5,False
29,UAV_040,38.8352203,101.0064468,2570.2249,2,False
29,UAV_041,38.8268356,101.0141296,2570.8481,2,False
29,UAV_042,38.9344063,101.0949097,2570.8894,0,False
29,UAV_043,38.9060822,101.1142807,2576.7922,4,False
29,UAV_044,38.7778435,100.9894867,2570.6895,2,False
29,UAV_045,38.9424934,101.0168304,2568.6404,5,False
29,UAV_046,38.7975349,100.9923172,2576.0803,1,False
29,UAV_047,38.8821564,100.9757156,2572.0117,5,False
29,UAV_048,38.9416466,101.043541,2570.4619,5,False
29,UAV_049,38.7944298,101.0480423,2569.697,2,False
29,UAV_050,38.8976326,101.0310287,2567.6091,5,False
29,UAV_051,38.8682976,101.0374298,2577.0212,4,False
29,UAV_052,38.8129349,101.0523224,2571.407,3,False
29,UAV_053,38.8838043,101.0625687,2571.9634,0,False
29,UAV_054,38.8265572,101.0632248,2575.1597,3,False
29,UAV_055,38.8025436,101.0742874,2570.6304,3,False
29,UAV_056,38.8398552,101.0310135,2572.5273,2,False
29,UAV_057,38.8029747,101.0630417,2571.1904,3,False
29,UAV_058,38.812748,101.0360565,2573.1318,3,False
29,UAV_059,38.8157959,101.0180511,2572.7271,2,False
29,UAV_060,38.7822189,101.0040741,2562.8896,2,False
29,UAV_061,38.8316612,101.0899734,2574.4556,3,False
29,UAV_062,38.8964729,101.0160904,2572.8191,5,False
29,UAV_063,38.8979797,100.979187,2575.3213,1,False
29,UAV_064,38.8894043,101.1314316,2572.5364,0,False
29,UAV_065,38.8786392,101.0405884,2574.5476,4,False
29,UAV_066,38.9221916,101.1066895,2573.1062,4,False
29,UAV_067,38.9207726,100.9973068,2574.0186,5,False
29,UAV_068,38.8740845,101.0103607,2568.5527,5,False
29,UAV_069,38.9020576,101.0755768,2570.9893,0,False
29,UAV_070,38.7874603,101.0227585,2571.0315,2,False
29,UAV_071,38.8191719,101.1333008,2575.5217,3,False
29,UAV_072,38.8587379,101.0527496,2576.0659,4,False
29,UAV_073,38.8021355,101.0182495,2571.9802,2,False
29,UAV_074,38.7867661,101.0001602,2564.9553,2,False
29,UAV_075,38.8149033,100.984726,2577.0903,1,False
29,UAV_076,38.9092484,101.0121689,2572.7527,5,False
29,UAV_077,38.843544,101.0475845,2572.2588,0,False
29,UAV_078,38.9073219,101.0117416,2575.8779,4,False
29,UAV_079,38.9047623,101.0538406,2572.5176,4,False
29,UAV_080,38.9553795,101.0789871,2568.0703,0,False
29,UAV_081,38.8092957,100.9999466,2571.2229,2,False
29,UAV_082,38.7838974,101.0814056,2579.1406,3,False
29,UAV_083,38.745842,100.9959106,2571.2,2,False
29,UAV_084,38.8046646,101.0710144,2576.4819,3,False
29,UAV_085,38.9159317,101.0370483,2574.3069,4,False
29,UAV_086,38.9040871,101.1038284,2572.3865,0,False
29,UAV_087,38.7908401,101.1393127,2573.6462,3,False
29,UAV_088,38.8344002,100.9803619,2574.7,1,False
29,UAV_089,38.8518448,101.0539474,2571.6519,0,False
29,UAV_090,38.8761978,101.0254517,2575.0005,4,False
29,UAV_091,38.8286858,101.0213776,2570.833,2,False
29,UAV_092,38.8264465,100.9946747,2567.0862,2,False
29,UAV_093,38.9094772,101.0066147,2575.2852,4,False
29,UAV_094,38.7844963,101.0246429,2575.7622,1,False
29,UAV_095,38.8554993,101.1044388,2570.0344,0,False
29,UAV_096,38.8577957,101.0636292,2571.5034,0,False
29,UAV_097,38.7728729,101.001152,2577.0828,1,False
29,UAV_098,38.8814468,101.0481339,2571.415,0,False
29,UAV_099,38.912487,101.0445251,2572.3264,5,False
29,UAV_100,38.9018288,101.0911942,2567.2546,0,False
29,UAV_101,38.8775902,100.9972534,2575.7976,1,False
29,UAV_102,38.8108177,101.0968933,2576.4919,3,False
29,UAV_103,38.8153534,100.9855957,2572.9133,2,False
29,UAV_104,38.7976265,101.0226593,2574.5903,1,False
29,UAV_105,38.8882637,100.9826584,2569.7517,5,False
29,UAV_106,38.9169083,100.9932938,2565.3245,5,False
29,UAV_107,38.7908363,101.0737915,2571.2166,3,False
29,UAV_108,38.951458,100.9683228,2569.8694,5,False
29,UAV_109,38.870697,101.0537796,2579.6091,4,False
29,UAV_110,38.8471375,101.0965118,2577.6272,4,False
29,UAV_111,38.8300018,101.0310593,2574.0442,1,False
29,UAV_112,38.7402573,101.0346069,2570.7644,2,False
29,UAV_113,38.7619476,100.9813385,2574.8936,1,False
29,UAV_114,38.8711777,101.02005,2575.7705,1,False
29,UAV_115,38.8787804,101.0375061,2574.5073,4,False
29,UAV_116,38.8252602,101.0608826,2570.426,0,False
29,UAV_117,38.8501091,100.9594116,2578.0356,1,False
29,UAV_118,38.7922287,101.0086365,2576.9082,1,False
29,UAV_119,38.8048897,101.0468445,2573.1963,3,False
29,UAV_120,38.8529587,101.0731049,2571.6357,0,False
29,UAV_121,38.7777328,101.1011047,2567.6951,0,False
29,UAV_122,38.7880859,101.0355911,2573.436,3,False
29,UAV_123,38.8403969,101.0602341,2576.9133,4,False
29,UAV_124,38.8782501,101.122963,2571.5334,0,False
29,UAV_125,38.8191719,100.9982376,2575.1897,1,False
29,UAV_126,38.8026009,101.0056534,2565.7229,2,False
29,UAV_127,38.9075775,101.0134811,2568.9209,5,False
29,UAV_128,38.8603935,100.9645996,2569.8704,5,False
29,UAV_129,38.9482651,101.0598984,2576.3125,4,False
29,UAV_130,38.7989807,101.0172348,2566.5308,2,False
29,UAV_131,38.8897934,100.9585342,2569.9573,5,False
29,UAV_132,38.9265747,100.9432297,2570.0432,5,False
29,UAV_133,38.8877602,101.0380783,2575.4619,4,True
29,UAV_134,38.746685,100.9967117,2570.7029,2,False
29,UAV_135,38.7766876,101.0660172,2575.8999,3,False
29,UAV_136,38.8198471,101.051033,2572.9141,3,False
29,UAV_137,38.8459053,100.982048,2574.4536,1,False
29,UAV_138,38.8142929,101.0510101,2572.208,3,False
29,UAV_139,38.8022308,101.0271759,2567.1904,2,False
29,UAV_140,38.8589745,101.0607147,2567.9207,0,False
29,UAV_141,38.7817154,101.0085526,2577.1633,1,False
29,UAV_142,38.9012337,101.1031723,2571.6853,0,False
29,UAV_143,38.7657547,100.9981232,2569.2012,2,False
29,UAV_144,38.8430138,101.0798492,2571.3184,0,False
29,UAV_145,38.8632584,101.0868759,2566.0681,0,False
29,UAV_146,38.9096603,100.9457016,2573.0215,5,False
29,UAV_147,38.9130898,100.9879684,2571.1943,5,False
29,UAV_148,38.8110313,100.9901886,2579.2983,1,False
29,UAV_149,38.7851791,101.083374,2572.9175,3,False
29,UAV_150,38.7742958,101.1172256,2574.7148,3,False
29,UAV_151,38.8368645,101.0977325,2577.4031,3,False
29,UAV_152,38.8942146,100.9673462,2577.5054,1,False
29,UAV_153,38.8133354,101.1104355,2573.6042,3,False
29,UAV_154,38.7880859,101.0914841,2574.8345,3,False
29,UAV_155,38.8555679,101.001358,2572.4124,5,False
29,UAV_156,38.8803902,101.0703659,2573.1543,4,False
29,UAV_157,38.7997551,101.1266632,2577.1838,3,False
29,UAV_158,38.8482018,101.0744247,2572.5569,0,False
29,UAV_159,38.8442307,101.0759354,2565.0859,0,False
29,UAV_160,38.8561745,100.9661331,2567.3777,5,False
29,UAV_161,38.9045029,101.1186142,2572.1028,0,False
29,UAV_162,38.8545532,101.0214767,2576.4143,1,False
29,UAV_163,38.7447319,101.0237427,2572.9504,2,False
29,UAV_164,38.779583,100.9768143,2575.0356,1,False
29,UAV_165,38.8818398,100.9818344,2575.5781,1,False
29,UAV_166,38.9154396,101.0955811,2576.0369,4,False
29,UAV_167,38.8937035,101.034935,2576.1665,4,False
29,UAV_168,38.7660408,101.0953293,2571.718,3,False
29,UAV_169,38.900547,101.0180893,2572.7124,5,False
29,UAV_170,38.806694,101.1280594,2569.468,0,False
29,UAV_171,38.8637505,101.0491791,2575.0649,4,False
29,UAV_172,38.8050041,101.0379639,2569.9697,2,False
29,UAV_173,38.773159,100.9745865,2571.0027,2,False
29,UAV_174,38.8420868,101.0080185,2573.9514,1,False
29,UAV_175,38.8516312,101.0979233,2571.8269,0,False
29,UAV_176,38.7865181,101.1138229,2567.0688,0,False
29,UAV_177,38.807476,101.0904922,2571.4023,3,False
29,UAV_178,38.8599091,101.0159454,2568.7974,5,False
29,UAV_179,38.8221703,100.9950256,2568.7969,2,False
29,UAV_180,38.8578148,101.0005264,2574.1885,1,False
29,UAV_181,38.8892212,101.0293579,2578.791,4,False
29,UAV_182,38.8613358,101.0515594,2571.4768,0,False
29,UAV_183,38.8377762,100.9527206,2574.75,1,False
29,UAV_184,38.760006,100.9731445,2571.7312,2,False
29,UAV_185,38.8991547,100.9991531,2565.8706,5,False
29,UAV_186,38.8671494,101.0114441,2573.8372,1,False
29,UAV_187,38.8814468,101.101387,2573.4883,4,False
29,UAV_188,38.9146004,101.0072327,2576.3682,4,False
29,UAV_189,38.7740746,100.9863129,2573.1433,2,False
29,UAV_190,38.8733063,101.0175323,2572.6409,5,False
29,UAV_191,38.8928146,100.9677429,2578.5352,1,False
29,UAV_192,38.8012657,100.9676666,2574.9639,1,False
29,UAV_193,38.809433,101.0186844,2569.3164,2,False
29,UAV_194,38.8596725,101.0669098,2572.0676,0,False
29,UAV_195,38.9406738,101.132164,2570.5544,0,False
29,UAV_196,38.9538803,101.0933838,2576.1965,4,False
29,UAV_197,38.9203148,101.032341,2575.7571,4,False
29,UAV_198,38.8054962,101.0313873,2571.7175,2,False
29,UAV_199,38.8694458,101.0416336,2575.8022,4,False
29,UAV_200,38.7516136,101.1203995,2570.1746,3,False
29,UAV_201,38.937748,101.0384903,2569.2732,5,False
29,UAV_202,38.7667885,100.9775543,2571.0767,2,False
29,UAV_203,38.8285065,101.0263214,2568.2432,2,False
29,UAV_204,38.8414459,101.0118256,2573.1145,1,False
29,UAV_205,38.7748337,101.1320267,2572.5081,3,False
29,UAV_206,38.9068947,101.0282669,2565.083,5,False
29,UAV_207,38.8532372,101.0412827,2575.6089,1,False
29,UAV_208,38.8499565,101.073204,2572.4585,0,False
29,UAV_209,38.829998,101.0828018,2577.8457,3,False
29,UAV_210,38.937851,101.0443268,2576.6218,4,False
29,UAV_211,38.7692146,100.9324722,2571.7104,2,False
29,UAV_212,38.7733154,101.0152817,2571.635,2,False
29,UAV_213,38.814064,101.0274048,2573.1252,2,False
29,UAV_214,38.8279839,101.0586395,2569.4382,0,False
29,UAV_215,38.8248787,101.105484,2573.3801,3,False
29,UAV_216,38.8021622,100.9556656,2569.1799,2,False
29,UAV_217,38.9582939,101.0756989,2576.3616,4,False
29,UAV_218,38.7934036,100.9913788,2571.2749,2,False
29,UAV_219,38.7701035,101.083168,2572.3,3,False
29,UAV_220,38.8914413,101.0357208,2568.9116,5,False
29,UAV_221,38.8738823,101.041008,2578.791,4,False
29,UAV_222,38.8540497,101.0490494,2577.9319,4,False
29,UAV_223,38.8226128,101.066124,2570.8713,0,False
29,UAV_224,38.8401642,100.9510193,2571.8887,2,False
29,UAV_225,38.8232651,101.054863,2574.3672,3,False
29,UAV_226,38.7865753,101.0068436,2573.459,2,False
29,UAV_227,38.845871,101.1206665,2571.6978,0,False
29,UAV_228,38.7751389,101.0698395,2574.0991,3,False
29,UAV_229,38.9326744,101.0092545,2573.4111,5,False
29,UAV_230,38.8457184,101.1147156,2573.9177,3,False
29,UAV_231,38.8231316,101.0470352,2567.8774,2,False
29,UAV_232,38.8344116,100.9785233,2574.1936,1,False
29,UAV_233,38.7806587,100.9790802,2568.792,2,False
29,UAV_234,38.8255959,100.9951553,2572.281,2,False
29,UAV_235,38.7780571,101.0419998,2577.9634,1,False
29,UAV_236,38.8865967,100.9824066,2572.1777,5,False
29,UAV_237,38.8661461,101.1023941,2573.2634,0,False
29,UAV_238,38.8720551,101.0962067,2574.9807,4,False
29,UAV_239,38.8536377,101.0690842,2572.428,0,False
29,UAV_240,38.8512955,101.0582581,2573.1003,0,False
29,UAV_241,38.8324852,100.9827499,2574.949,1,False
29,UAV_242,38.7775459,101.0330353,2577.501,1,False
29,UAV_243,38.8244057,100.9964752,2571.9736,2,False
29,UAV_244,38.8006439,101.0820694,2570.6824,3,False
29,UAV_245,38.889183,100.9963226,2565.2878,5,False
29,UAV_246,38.934761,101.0085983,2572.3894,5,False
29,UAV_247,38.9324074,101.0756454,2574.7429,4,False
29,UAV_248,38.8717079,101.1017456,2576.0774,4,False
29,UAV_249,38.9062576,100.9896545,2571.3865,5,False
29,UAV_250,38.930851,101.011528,2572.0413,5,False
29,UAV_251,38.8534012,100.9705734,2568.8054,5,False
29,UAV_252,38.7637558,101.1244583,2570.7095,3,False
29,UAV_253,38.824398,101.0736542,2573.9526,3,False
29,UAV_254,38.8842354,101.0382996,2568.0518,5,False
29,UAV_255,38.8718452,100.9912872,2570.2615,5,False
29,UAV_256,38.8994751,101.1166763,2570.3037,0,True
29,UAV_257,38.8468857,101.0745621,2572.4495,0,False
29,UAV_258,38.9170189,101.064682,2573.7109,4,False
29,UAV_259,38.7795258,101.1202164,2570.5098,3,False
29,UAV_260,38.8240204,101.0622787,2572.1943,3,False
29,UAV_261,38.8406067,101.0964279,2575.4011,3,False
29,UAV_262,38.8605499,101.0649643,2568.4998,0,False
29,UAV_263,38.7908707,101.1490555,2576.2361,3,False
29,UAV_264,38.9284401,101.0572433,2573.8684,4,False
29,UAV_265,38.8628311,101.0358658,2572.7483,5,False
29,UAV_266,38.8769531,101.0870361,2570.5559,0,False
29,UAV_267,38.8839798,101.098999,2579.0825,4,False
29,UAV_268,38.9233704,100.9696121,2574.0789,5,False
29,UAV_269,38.8861351,101.0268097,2574.8408,4,False
29,UAV_270,38.7908134,101.0181503,2576.0037,1,False
29,UAV_271,38.8643913,100.9983521,2573.833,1,False
29,UAV_272,38.7772865,100.9958038,2570.5833,2,False
29,UAV_273,38.8503723,101.0234528,2570.5417,5,False
29,UAV_274,38.8403969,101.0244446,2574.2559,1,False
29,UAV_275,38.8639336,100.9870453,2571.8142,5,False
29,UAV_276,38.7680283,101.0471191,2574.1201,3,False
29,UAV_277,38.7635498,100.9937744,2580.6223,1,False
29,UAV_278,38.7947617,101.0935898,2568.0413,0,False
29,UAV_279,38.8967247,101.0961685,2578.1196,4,False
29,UAV_280,38.7931786,100.9998093,2572.7915,2,False
29,UAV_281,38.8636932,101.0679932,2572.4661,0,False
29,UAV_282,38.8581238,101.101265,2574.8403,4,False
29,UAV_283,38.8968163,101.0889664,2571.3511,0,False
29,UAV_284,38.8693161,101.0068741,2572.6184,5,False
29,UAV_285,38.8358688,101.0842667,2571.1501,0,False
29,UAV_286,38.8510857,100.9613571,2580.1687,1,False
29,UAV_287,38.8473015,101.0967178,2570.325,0,False
29,UAV_288,38.9042816,101.0930939,2576.3162,4,False
29,UAV_289,38.8905258,101.143364,2575.834,4,False
29,UAV_290,38.7753983,101.0210571,2567.1106,2,False
29,UAV_291,38.8093033,101.0138855,2574.6111,1,False
29,UAV_292,38.8442955,101.0043106,2571.4971,2,False
29,UAV_293,38.8754311,101.0885086,2572.9316,0,False
29,UAV_294,38.8472061,101.1427231,2573.0015,3,False
29,UAV_295,38.8778992,101.0835953,2575.8201,4,False
29,UAV_296,38.8437881,101.1036148,2570.6174,0,False
29,UAV_297,38.810051,101.0256195,2570.6692,2,False
29,UAV_298,38.8461723,101.1239624,2574.0645,3,False
29,UAV_299,38.7784805,101.0554276,2568.342,2,False
29,UAV_300,38.8220253,100.9579315,2570.4927,2,True
29,UAV_301,38.7693863,101.0734482,2573.1052,3,False
29,UAV_302,38.7742157,101.1460953,2574.5923,3,False
29,UAV_303,38.89925,101.0857544,2565.9351,0,False
29,UAV_304,38.9132271,101.0712585,2568.0601,0,False
29,UAV_305,38.8611755,100.9732971,2570.2666,5,False
29,UAV_306,38.8424644,101.0228195,2571.5205,2,False
29,UAV_307,38.7870255,100.9506989,2572.9944,2,False
29,UAV_308,38.85989,101.0972519,2570.9644,0,False
29,UAV_309,38.9085159,101.0917816,2574.2495,4,False
29,UAV_310,38.8376236,101.0110397,2574.7803,1,False
29,UAV_311,38.7653084,101.0055618,2571.6077,2,False
29,UAV_312,38.9095726,101.0312958,2567.8704,5,False
29,UAV_313,38.8577766,101.0345535,2569.9055,0,False
29,UAV_314,38.8746681,100.9654083,2574.332,1,False
29,UAV_315,38.8884583,101.027977,2573.6748,4,False
29,UAV_316,38.9103851,101.0525665,2576.7502,4,False
29,UAV_317,38.9244041,101.0521545,2572.5486,4,False
29,UAV_318,38.8016739,101.0776215,2573.1077,3,False
29,UAV_319,38.8255768,101.011322,2574.0774,1,False
29,UAV_320,38.7940216,101.0653687,2573.615,3,False
29,UAV_321,38.9540024,101.0709305,2573.5764,4,False
29,UAV_322,38.843277,101.1073456,2579.5691,4,False
29,UAV_323,38.8174706,101.0821075,2574.7429,3,False
29,UAV_324,38.894207,101.0297012,2575.9421,4,False
29,UAV_325,38.7996941,101.112915,2567.6377,0,False
29,UAV_326,38.8649788,101.134079,2574.8311,4,False
29,UAV_327,38.8815041,101.016861,2574.384,1,False
29,UAV_328,38.7847977,100.9809799,2576.1345,1,False
29,UAV_329,38.7472839,101.1105957,2571.2227,3,False
29,UAV_330,38.914917,101.0032501,2568.29,5,False
29,UAV_331,38.9234352,101.0998611,2575.7993,4,False
29,UAV_332,38.9129105,101.0430756,2575.8169,4,False
29,UAV_333,38.9540443,100.9727402,2569.9626,5,False
29,UAV_334,38.9350815,100.9580307,2575.2256,5,False
29,UAV_335,38.8076591,101.0478058,2576.1858,3,False
29,UAV_336,38.8124924,101.0124283,2575.0659,1,False
29,UAV_337,38.8843765,101.0369568,2571.5579,5,False
29,UAV_338,38.7835732,101.046936,2573.46,3,False
29,UAV_339,38.8280716,101.1249008,2569.1553,0,False
29,UAV_340,38.8639832,100.9794693,2569.8547,5,False
29,UAV_341,38.8556938,101.0200119,2574.7656,1,False
29,UAV_342,38.9062843,101.0506821,2573.0735,4,False
29,UAV_343,38.8179092,101.0839386,2572.4382,3,False
29,UAV_344,38.9299507,101.1317139,2574.3027,4,False
29,UAV_345,38.8263664,101.0163727,2570.0657,2,False
29,UAV_346,38.8728943,101.0523453,2573.532,4,False
29,UAV_347,38.8138084,101.0267868,2577.8555,1,False
29,UAV_348,38.8103676,101.0612411,2574.8926,3,False
29,UAV_349,38.9440346,100.9447479,2573.0981,5,False
29,UAV_350,38.8098984,101.0918503,2572.5466,3,False
29,UAV_351,38.8983765,101.1295471,2569.0654,0,False
29,UAV_352,38.7650032,101.0583344,2575.3564,3,False
29,UAV_353,38.7591591,100.9847031,2573.78,2,False
29,UAV_354,38.7892799,100.9767532,2565.4885,2,False
29,UAV_355,38.9000664,101.0398788,2570.5454,5,True
29,UAV_356,38.8170776,101.0336609,2567.8467,2,False
29,UAV_357,38.7972908,100.9799118,2574.0352,1,False
29,UAV_358,38.8554535,101.1042709,2574.8076,4,False
29,UAV_359,38.7671623,100.9868622,2573.0906,2,False
29,UAV_360,38.8144188,101.1078339,2572.7073,3,False
29,UAV_361,38.8926086,101.0558701,2574.1665,4,False
29,UAV_362,38.8272362,101.0870209,2570.5928,0,False
29,UAV_363,38.8151665,101.1105194,2572.9504,3,False
29,UAV_364,38.8534622,101.0482101,2576.6418,4,False
29,UAV_365,38.7939758,101.0602875,2575.2466,3,False
29,UAV_366,38.7641487,101.1183472,2572.7251,3,False
29,UAV_367,38.8539314,101.0169525,2574.9907,1,False
29,UAV_368,38.8680573,101.0530319,2577.7285,4,False
29,UAV_369,38.926033,101.0956879,2576.3123,4,False
29,UAV_370,38.8537407,101.0239029,2568.0164,5,False
29,UAV_371,38.8755798,101.0303268,2568.345,5,False
29,UAV_372,38.8836365,101.0389099,2576.9451,4,False
29,UAV_373,38.8758698,101.0876999,2570.1533,0,False
29,UAV_374,38.8248253,101.0523758,2574.8962,3,False
29,UAV_375,38.809433,101.0379639,2571.2773,2,False
29,UAV_376,38.7954979,101.013855,2572.075,2,False
29,UAV_377,38.8520164,101.0894699,2570.519,0,False
29,UAV_378,38.8853111,101.1166077,2575.8828,4,False
29,UAV_379,38.7876167,101.0076065,2574.0354,1,False
29,UAV_380,38.8070145,101.0059433,2572.1321,2,False
29,UAV_381,38.8628235,101.0013199,2570.1382,5,False
29,UAV_382,38.8254128,101.0034332,2574.1831,1,False
29,UAV_383,38.922081,101.0160675,2575.071,4,False
29,UAV_384,38.8882561,100.9853287,2571.561,5,False
29,UAV_385,38.749752,101.1157684,2571.4473,3,False
29,UAV_386,38.8462029,101.0879669,2570.1736,0,False
29,UAV_387,38.9019966,101.0883026,2574.0276,4,False
29,UAV_388,38.8042336,101.0831375,2571.283,3,False
29,UAV_389,38.8326187,101.1061783,2570.5667,0,False
29,UAV_390,38.8500366,100.995224,2574.0559,1,False
29,UAV_391,38.7721405,101.0793839,2577.2056,3,False
29,UAV_392,38.7997437,101.0631409,2572.4866,3,False
29,UAV_393,38.8963432,100.9904556,2570.8394,5,False
29,UAV_394,38.9568024,101.0644379,2572.2029,4,False
29,UAV_395,38.897625,100.9648514,2573.2356,5,False
29,UAV_396,38.9476738,100.9930496,2571.1899,5,False
29,UAV_397,38.8309212,101.019249,2571.0474,2,False
29,UAV_398,38.8894157,101.0588074,2567.2175,0,False
29,UAV_399,38.8881683,101.0719147,2573.8369,4,False
29,UAV_400,38.8524513,101.0385361,2576.3804,1,False
29,UAV_401,38.8828163,100.9963455,2571.9294,5,False
29,UAV_402,38.8538933,101.0673904,2569.9048,0,False
29,UAV_403,38.9140015,101.0915909,2578.0312,4,False
29,UAV_404,38.8745041,101.033844,2567.9221,5,False
29,UAV_405,38.9072495,101.0190887,2571.635,5,False
29,UAV_406,38.8233452,101.0697708,2574.5833,3,False
29,UAV_407,38.8566437,100.9824982,2569.4783,5,False
29,UAV_408,38.8024292,101.0637665,2570.7576,3,False
29,UAV_409,38.8790894,101.0178604,2578.5979,1,False
29,UAV_410,38.7678947,101.0507202,2569.9646,2,False
29,UAV_411,38.8671265,101.0622177,2575.312,4,False
29,UAV_412,38.7986908,100.9849319,2575.0759,1,False
29,UAV_413,38.8106194,101.0827942,2577.1313,3,False
29,UAV_414,38.818943,101.0621948,2577.5417,3,False
29,UAV_415,38.847599,100.9531326,2572.7104,1,False
29,UAV_416,38.8690262,101.0231476,2576.822,1,False
29,UAV_417,38.9105034,101.1210175,2576.0308,4,False
29,UAV_418,38.8656044,101.0036926,2573.2588,1,False
29,UAV_419,38.8102608,100.9659042,2576.095,1,False
29,UAV_420,38.7851906,101.023262,2572.0522,2,False
29,UAV_421,38.7457314,101.0720062,2572.4768,3,False
29,UAV_422,38.8672485,100.9797058,2572.825,5,False
29,UAV_423,38.8758316,101.1094666,2575.7554,4,False
29,UAV_424,38.81427,100.9691772,2574.7683,1,False
29,UAV_425,38.8876686,101.065567,2573.4348,4,False
29,UAV_426,38.8770752,101.049736,2568.2422,0,False
29,UAV_427,38.8445778,101.0380859,2571.9043,0,False
29,UAV_428,38.8542709,100.9464493,2564.9004,5,False
29,UAV_429,38.8705864,100.9687729,2574.584,1,False
29,UAV_430,38.7467842,101.0422745,2567.2283,2,False
29,UAV_431,38.7868385,101.0354309,2579.1445,1,False
29,UAV_432,38.9325104,101.0662766,2576.0728,4,False
29,UAV_433,38.9703026,101.0030746,2567.8828,5,False
29,UAV_434,38.8280029,100.9697342,2570.8137,2,False
29,UAV_435,38.8639793,100.9780579,2577.0012,1,False
29,UAV_436,38.7589073,100.9810791,2571.2632,2,False
29,UAV_437,38.8743134,101.122879,2573.9797,4,False
29,UAV_438,38.8569679,100.9914932,2570.1843,5,False
29,UAV_439,38.9025955,101.0454102,2575.0571,4,False
29,UAV_440,38.9175873,101.0095596,2573.3157,5,False
29,UAV_441,38.8148766,100.9614258,2576.7483,1,False
29,UAV_442,38.8591957,100.9755173,2567.5222,5,False
29,UAV_443,38.9055748,101.1533966,2573.2773,4,False
29,UAV_444,38.8127975,100.9976959,2572.3357,2,False
29,UAV_445,38.8179741,100.9644547,2570.5696,2,False
29,UAV_446,38.856102,101.0892715,2571.1946,0,False
29,UAV_447,38.9213905,101.0951004,2576.1501,4,False
29,UAV_448,38.7754936,101.0272141,2571.1509,2,False
29,UAV_449,38.8086357,101.0636292,2572.1326,3,False
29,UAV_450,38.7925301,101.1050034,2571.9368,3,False
29,UAV_451,38.7948647,101.0034485,2572.7825,2,False
29,UAV_452,38.8633499,101.0849838,2567.6519,0,False
29,UAV_453,38.8969612,101.0640945,2574.5491,4,False
29,UAV_454,38.8702354,101.1080399,2572.845,0,False
29,UAV_455,38.824955,100.9928589,2573.1189,1,False
29,UAV_456,38.8228226,101.0382843,2573.2278,3,False
29,UAV_457,38.8500633,101.0368195,2569.7441,0,False
29,UAV_458,38.8592224,101.0149841,2572.043,5,False
29,UAV_459,38.8854446,100.9970093,2572.6042,5,False
29,UAV_460,38.7508545,101.0587387,2571.8455,3,False
29,UAV_461,38.9122276,100.9540558,2575.6416,1,False
29,UAV_462,38.8491821,101.1223907,2572.9368,0,False
29,UAV_463,38.7850952,100.9906311,2572.925,2,False
29,UAV_464,38.8570709,100.9890594,2574.8018,1,False
29,UAV_465,38.8832207,100.9644852,2577.0603,1,False
29,UAV_466,38.9572334,101.0879745,2573.9365,4,False
29,UAV_467,38.82481,101.0212784,2572.0298,2,False
29,UAV_468,38.8182373,101.0488739,2573.2488,3,False
29,UAV_469,38.8464966,101.0547714,2569.134,0,False
29,UAV_470,38.8466873,101.0622253,2575.3679,4,False
29,UAV_471,38.8132057,100.9653931,2569.6602,2,False
29,UAV_472,38.8518639,101.1171799,2574.0894,3,False
29,UAV_473,38.7999687,101.1088104,2574.5447,3,False
29,UAV_474,38.794487,100.9833603,2575.6152,1,False
29,UAV_475,38.9301834,101.0254517,2569.1086,5,False
29,UAV_476,38.9043999,101.0837173,2572.4932,4,False
29,UAV_477,38.8775711,101.0209885,2577.1245,1,False
29,UAV_478,38.9047241,100.9841995,2574.6462,5,False
29,UAV_479,38.8718376,101.063736,2568.6409,0,False
29,UAV_480,38.7916107,101.0548172,2574.521,3,False
29,UAV_481,38.8197479,100.9786835,2571.2356,2,False
29,UAV_482,38.7992325,101.1197662,2575.959,3,False
29,UAV_483,38.9005699,101.1092072,2577.9695,4,False
29,UAV_484,38.8581848,101.0677872,2575.8145,4,False
29,UAV_485,38.8120193,101.0119095,2568.519,2,False
29,UAV_486,38.9025497,101.0449829,2571.915,5,False
29,UAV_487,38.9023895,101.0029755,2570.8582,5,False
29,UAV_488,38.8250389,101.0085449,2566.9534,2,False
29,UAV_489,38.8374634,101.0157013,2569.8435,2,False
29,UAV_490,38.801384,100.9949036,2577.6953,1,False
29,UAV_491,38.9081879,101.040062,2566.6975,5,False
29,UAV_492,38.8372154,101.0401459,2569.9705,0,False
29,UAV_493,38.7946091,101.0464249,2573.7573,3,True
29,UAV_494,38.7852821,100.9941559,2569.6899,2,False
29,UAV_495,38.9187164,101.020813,2576.4001,4,False
29,UAV_496,38.8580055,101.0179062,2572.3303,5,False
29,UAV_497,38.7965012,100.9984894,2571.02,2,False
29,UAV_498,38.8543663,101.0245285,2575.7173,1,True
29,UAV_499,38.8694649,100.9851151,2575.6113,1,False
29,UAV_500,38.8304176,101.0769196,2572.9158,3,False
30,UAV_001,38.8299294,101.0837173,2570.4644,4,False
30,UAV_002,38.8651085,100.9981842,2575.688,5,False
30,UAV_003,38.8836632,101.0567703,2570.554,4,False
30,UAV_004,38.7751236,101.001152,2577.5425,5,False
30,UAV_005,38.8148689,101.0992584,2568.2244,4,False
30,UAV_006,38.8298645,101.089592,2577.4883,1,False
30,UAV_007,38.8991737,101.1086349,2574.4226,0,False
30,UAV_008,38.8798828,101.0456467,2570.1853,4,False
30,UAV_009,38.9132156,101.1004028,2567.8264,4,False
30,UAV_010,38.8949203,100.9368057,2572.0066,3,False
30,UAV_011,38.895298,101.0497131,2576.2314,0,False
30,UAV_012,38.8501625,100.9829025,2568.8445,2,False
30,UAV_013,38.8469315,101.053009,2571.1047,4,False
30,UAV_014,38.8496437,101.0064087,2575.8066,5,False
30,UAV_015,38.8863983,100.9524078,2570.0564,3,False
30,UAV_016,38.9668999,100.956192,2566.2124,3,False
30,UAV_017,38.8929329,101.0353622,2568.1287,4,False
30,UAV_018,38.8874664,101.008316,2577.3132,0,False
30,UAV_019,38.8191643,101.0600967,2572.5234,1,False
30,UAV_020,38.8451233,100.9995346,2574.6062,5,False
30,UAV_021,38.8915634,101.1308212,2576.4641,0,False
30,UAV_022,38.9109764,100.952179,2574.7498,3,False
30,UAV_023,38.8623581,100.9620514,2575.7124,5,False
30,UAV_024,38.849659,101.0308228,2575.6064,5,False
30,UAV_025,38.8993073,101.0373383,2572.1047,3,False
30,UAV_026,38.8798332,101.1036606,2574.3081,0,False
30,UAV_027,38.8657303,101.0634689,2568.4905,4,False
30,UAV_028,38.9018364,101.1038589,2569.1353,4,False
30,UAV_029,38.8568306,101.0558014,2573.3838,0,False
30,UAV_030,38.828289,101.0143433,2569.1423,2,False
30,UAV_031,38.8408394,101.0290375,2576.636,5,False
30,UAV_032,38.8358612,101.0856094,2573.7493,1,False
30,UAV_033,38.8847237,101.0796967,2577.5959,0,False
30,UAV_034,38.8893051,101.0476532,2573.3831,0,False
30,UAV_035,38.8310394,101.0333481,2575.0327,5,False
30,UAV_036,38.8735504,100.9540176,2572.0522,3,False
30,UAV_037,38.905201,100.9860916,2576.2185,3,False
30,UAV_038,38.888443,101.0235825,2573.0408,3,False
30,UAV_039,38.9424515,101.005188,2571.2703,3,False
30,UAV_040,38.8388863,101.0033722,2567.3218,2,False
30,UAV_041,38.8241196,101.0166397,2574.0234,5,False
30,UAV_042,38.9327202,101.0994492,2572.8203,0,False
30,UAV_043,38.9059029,101.1165085,2575.6584,0,False
30,UAV_044,38.7815895,100.9898987,2570.4788,2,False
30,UAV_045,38.9415016,101.0161591,2569.4316,3,False
30,UAV_046,38.7959137,100.9938965,2578.2651,5,False
30,UAV_047,38.882431,100.9746246,2572.1951,3,False
30,UAV_048,38.9376945,101.0456772,2572.5396,3,False
30,UAV_049,38.7957001,101.0470963,2575.7588,1,False
30,UAV_050,38.8978653,101.0308685,2571.1838,3,False
30,UAV_051,38.864933,101.0404587,2573.7332,0,False
30,UAV_052,38.8119812,101.048851,2573.4885,1,False
30,UAV_053,38.8852692,101.0583878,2574.1572,0,False
30,UAV_054,38.8267708,101.063118,2567.0112,4,False
30,UAV_055,38.8033905,101.0752563,2578.5618,1,False
30,UAV_056,38.8364334,101.0291061,2567.1108,2,False
30,UAV_057,38.8034859,101.0617218,2570.9819,2,False
30,UAV_058,38.8123398,101.0368576,2574.2512,5,False
30,UAV_059,38.8026886,101.0106201,2573.7712,5,False
30,UAV_060,38.7831726,101.0031128,2569.9688,2,False
30,UAV_061,38.8290939,101.0903778,2574.6379,1,False
30,UAV_062,38.9045296,101.0205841,2573.2205,3,False
30,UAV_063,38.8930397,100.9785919,2574.2769,3,False
30,UAV_064,38.8876915,101.1311264,2570.2461,4,False
30,UAV_065,38.8774414,101.0378723,2569.4146,4,False
30,UAV_066,38.9217377,101.1054077,2568.6472,4,False
30,UAV_067,38.9135666,101.0036316,2577.5862,0,False
30,UAV_068,38.8736572,101.0082169,2568.553,3,False
30,UAV_069,38.899231,101.072052,2567.5017,4,False
30,UAV_070,38.7867546,101.0227966,2573.4082,5,False
30,UAV_071,38.8186417,101.1335907,2573.467,1,False
30,UAV_072,38.8558235,101.0553665,2575.8074,0,False
30,UAV_073,38.8047867,101.0180588,2573.7795,5,False
30,UAV_074,38.7883339,100.9974899,2569.5476,2,False
30,UAV_075,38.8148918,100.9846573,2575.8301,5,False
30,UAV_076,38.9090118,101.0107117,2568.7197,3,False
30,UAV_077,38.8024826,101.1238251,2572.2866,1,False
30,UAV_078,38.907093,101.0119553,2573.4722,3,False
30,UAV_079,38.9042931,101.0542374,2575.5493,0,False
30,UAV_080,38.9546814,101.077919,2566.9771,4,False
30,UAV_081,38.8093071,101.0062103,2570.2832,2,False
30,UAV_082,38.7833328,101.0825729,2574.5793,1,False
30,UAV_083,38.74683,100.9944534,2568.8992,2,False
30,UAV_084,38.802742,101.0710144,2577.2998,1,False
30,UAV_085,38.9187241,101.0370865,2572.2444,3,False
30,UAV_086,38.9006462,101.1131058,2571.7393,4,False
30,UAV_087,38.788826,101.1386261,2573.7383,1,False
30,UAV_088,38.8344231,100.9853592,2571.644,2,False
30,UAV_089,38.8515091,101.053009,2569.8992,4,False
30,UAV_090,38.8761902,101.0257721,2573.4565,3,False
30,UAV_091,38.8286362,101.0211563,2569.3735,2,True
30,UAV_092,38.8263588,100.994606,2566.0813,2,False
30,UAV_093,38.9229813,100.9957123,2571.2153,3,True
30,UAV_094,38.7820892,101.0269165,2576.9016,5,False
30,UAV_095,38.855545,101.1041641,2571.0295,4,False
30,UAV_096,38.857399,101.0633392,2573.5295,0,False
30,UAV_097,38.7572479,100.9803925,2571.4128,2,False
30,UAV_098,38.8687973,101.0632858,2573.6484,0,False
30,UAV_099,38.9113693,101.0445862,2575.3174,0,False
30,UAV_100,38.902195,101.0893326,2569.3467,4,False
30,UAV_101,38.8801804,100.9972305,2574.7441,3,False
30,UAV_102,38.8118401,101.0978546,2574.1091,1,False
30,UAV_103,38.8130798,100.954361,2573.5405,5,False
30,UAV_104,38.797493,101.0229263,2578.4097,5,False
30,UAV_105,38.8875198,100.9816589,2569.8176,3,False
30,UAV_106,38.9181824,100.9930954,2573.167,3,False
30,UAV_107,38.790432,101.0736313,2573.5747,1,False
30,UAV_108,38.9512901,100.96698,2572.8696,3,False
30,UAV_109,38.8729591,101.0537109,2580.1978,0,False
30,UAV_110,38.8481293,101.0981827,2571.7554,4,False
30,UAV_111,38.8164101,101.032135,2577.0637,5,False
30,UAV_112,38.7470741,101.008194,2570.7502,2,False
30,UAV_113,38.7590408,100.976532,2573.9836,5,False
30,UAV_114,38.869915,101.0214462,2574.0945,3,False
30,UAV_115,38.8785362,101.0372772,2572.0054,3,False
30,UAV_116,38.8201408,101.059021,2573.4575,1,False
30,UAV_117,38.847538,100.9619217,2569.1018,2,False
30,UAV_118,38.7908211,101.0103836,2570.5217,2,False
30,UAV_119,38.8048248,101.0452423,2569.8972,2,False
30,UAV_120,38.8528519,101.0732651,2572.5164,4,False
30,UAV_121,38.7772141,101.1004486,2575.7505,1,False
30,UAV_122,38.7883987,101.0362244,2573.8521,5,False
30,UAV_123,38.8377266,101.0628357,2577.082,1,False
30,UAV_124,38.8781662,101.1231918,2576.0417,0,False
30,UAV_125,38.8175812,100.9982376,2575.6135,5,False
30,UAV_126,38.8031082,101.0042191,2569.991,2,False
30,UAV_127,38.9071884,101.0131683,2571.0078,3,False
30,UAV_128,38.860775,100.9639969,2572.6609,3,False
30,UAV_129,38.9459229,101.0633011,2577.3608,0,False
30,UAV_130,38.7997093,101.0167389,2568.8271,2,False
30,UAV_131,38.889431,100.9570312,2573.2593,3,False
30,UAV_132,38.8899841,100.9693298,2572.8777,3,False
30,UAV_133,38.889061,101.0373993,2567.5889,4,False
30,UAV_134,38.7465668,100.9954453,2570.3147,2,False
30,UAV_135,38.7765961,101.0678711,2579.7175,1,False
30,UAV_136,38.8184128,101.0516281,2579.3733,5,False
30,UAV_137,38.8467674,100.9813004,2566.4373,2,False
30,UAV_138,38.8143387,101.0501404,2573.0361,1,False
30,UAV_139,38.8012314,101.0258179,2569.2507,2,False
30,UAV_140,38.8596954,101.0590668,2569.6814,4,False
30,UAV_141,38.7793465,101.0107346,2576.1619,5,False
30,UAV_142,38.9029999,101.1016235,2569.4519,4,False
30,UAV_143,38.7638855,100.9967575,2572.2473,2,False
30,UAV_144,38.842762,101.0798264,2574.4568,1,False
30,UAV_145,38.8630791,101.0851974,2571.0332,4,False
30,UAV_146,38.9239731,100.942688,2572.8496,3,False
30,UAV_147,38.9126854,100.9871216,2569.4878,3,False
30,UAV_148,38.8111801,100.9904938,2577.3516,5,False
30,UAV_149,38.7880821,101.0832367,2574.8162,1,False
30,UAV_150,38.773838,101.1177139,2575.1255,1,False
30,UAV_151,38.8234978,101.0930405,2573.6282,1,False
30,UAV_152,38.9014473,100.967392,2576.1099,3,False
30,UAV_153,38.8082619,101.1030884,2571.7739,1,False
30,UAV_154,38.79813,101.0917206,2578.6482,1,False
30,UAV_155,38.8597298,101.0032806,2575.5527,5,False
30,UAV_156,38.874794,101.0725632,2576.4746,0,False
30,UAV_157,38.7993927,101.1274338,2569.5837,4,False
30,UAV_158,38.848217,101.0731277,2569.1072,4,False
30,UAV_159,38.8448296,101.0756378,2574.3325,1,False
30,UAV_160,38.8593407,100.9651337,2563.5044,2,False
30,UAV_161,38.9017792,101.1211853,2577.6111,0,False
30,UAV_162,38.8521996,101.0236053,2571.6973,3,False
30,UAV_163,38.7460251,101.0213318,2567.2102,2,False
30,UAV_164,38.7803841,100.9758072,2568.4792,2,False
30,UAV_165,38.8758621,100.9829559,2571.8225,3,False
30,UAV_166,38.9182739,101.0957642,2574.563,0,False
30,UAV_167,38.8922539,101.0349121,2578.3062,0,False
30,UAV_168,38.764122,101.0953293,2575.7852,1,False
30,UAV_169,38.9033775,101.0180054,2574.4941,3,False
30,UAV_170,38.8030128,101.1262589,2569.1331,4,False
30,UAV_171,38.8637199,101.0492935,2571.877,4,False
30,UAV_172,38.8041496,101.0367508,2571.2822,2,False
30,UAV_173,38.7726631,100.9749908,2570.0071,2,False
30,UAV_174,38.8422661,101.0082397,2576.0881,5,False
30,UAV_175,38.850563,101.0978317,2572.5613,4,False
30,UAV_176,38.7865906,101.1136398,2570.0051,1,False
30,UAV_177,38.8074799,101.0907822,2573.5276,1,False
30,UAV_178,38.8576317,101.0177612,2576.5879,5,False
30,UAV_179,38.8219604,100.9927902,2570.6863,2,False
30,UAV_180,38.8575859,101.0008926,2571.6609,3,False
30,UAV_181,38.8865852,101.0319519,2569.9182,3,False
30,UAV_182,38.861515,101.0513687,2574.4878,0,False
30,UAV_183,38.8359032,100.9535675,2574.772,5,False
30,UAV_184,38.7630501,100.9721832,2567.6477,2,False
30,UAV_185,38.8993721,100.9972305,2571.5315,3,False
30,UAV_186,38.8667336,101.0101395,2568.0093,3,False
30,UAV_187,38.8822517,101.103775,2574.7734,0,False
30,UAV_188,38.9146996,101.0072937,2566.4009,3,False
30,UAV_189,38.7732353,100.9852295,2574.2925,5,False
30,UAV_190,38.8717079,101.0155334,2568.1228,3,False
30,UAV_191,38.8929253,100.9679642,2578.9238,5,False
30,UAV_192,38.8191299,100.9718475,2577.0083,5,False
30,UAV_193,38.8105659,101.0148315,2569.8364,2,False
30,UAV_194,38.8621941,101.0668488,2574.6453,0,False
30,UAV_195,38.8898315,101.0771179,2569.342,4,False
30,UAV_196,38.9018211,101.1009979,2580.7793,0,False
30,UAV_197,38.9199219,101.0321121,2567.4775,3,False
30,UAV_198,38.8056335,101.0311432,2564.1238,2,False
30,UAV_199,38.8690834,101.0414963,2570.6257,4,False
30,UAV_200,38.7515144,101.1218414,2575.1775,1,False
30,UAV_201,38.935688,101.0340424,2571.4878,3,False
30,UAV_202,38.7878723,101.012207,2575.0854,5,False
30,UAV_203,38.8276863,101.0254974,2564.7778,2,False
30,UAV_204,38.8462105,101.0111313,2572.7854,5,False
30,UAV_205,38.7751808,101.1330872,2571.2156,1,False
30,UAV_206,38.9075012,101.0273361,2568.6873,3,False
30,UAV_207,38.8533516,101.0414276,2576.4165,0,False
30,UAV_208,38.8501015,101.07267,2569.8601,4,False
30,UAV_209,38.8236771,101.1399536,2575.354,1,False
30,UAV_210,38.9380417,101.0461044,2573.772,0,False
30,UAV_211,38.7437172,100.9590149,2571.9521,2,False
30,UAV_212,38.7754326,101.0140762,2574.6069,5,False
30,UAV_213,38.8225746,101.0312119,2572.7288,5,False
30,UAV_214,38.8281059,101.058403,2572.8767,1,False
30,UAV_215,38.8294907,101.1054077,2575.4038,1,False
30,UAV_216,38.8039513,100.9536285,2573.321,5,False
30,UAV_217,38.9572906,101.0812988,2575.9875,0,False
30,UAV_218,38.8006325,100.9914169,2573.5107,5,False
30,UAV_219,38.7700119,101.0834045,2578.8447,1,False
30,UAV_220,38.8913651,101.0355911,2567.1653,4,False
30,UAV_221,38.873951,101.0412674,2572.6343,3,False
30,UAV_222,38.8527794,101.0501633,2572.6309,4,False
30,UAV_223,38.8218498,101.0645676,2570.1284,4,False
30,UAV_224,38.8419991,100.9545517,2577.0876,5,False
30,UAV_225,38.8512039,101.1068573,2572.1116,4,False
30,UAV_226,38.7885323,101.0074081,2571.311,2,False
30,UAV_227,38.8456993,101.1209259,2577.0476,1,False
30,UAV_228,38.7796822,101.0697784,2569.7742,2,False
30,UAV_229,38.9264526,101.0093307,2577.0471,0,False
30,UAV_230,38.8457146,101.1203232,2577.5498,1,False
30,UAV_231,38.8249664,101.0441742,2571.4658,2,False
30,UAV_232,38.8349304,100.9802628,2576.8486,5,False
30,UAV_233,38.7822304,100.9788361,2571.1389,2,False
30,UAV_234,38.823513,100.995163,2573.5315,5,False
30,UAV_235,38.7743187,101.041275,2576.5239,5,False
30,UAV_236,38.8875847,100.9851685,2576.2786,5,False
30,UAV_237,38.8622818,101.1041336,2573.7229,0,False
30,UAV_238,38.8695068,101.0986633,2569.7971,4,True
30,UAV_239,38.8548431,101.0699692,2576.7773,0,False
30,UAV_240,38.8526115,101.0588455,2576.8647,0,False
30,UAV_241,38.8301697,100.9846954,2574.1912,5,False
30,UAV_242,38.7778473,101.0339279,2570.9309,2,False
30,UAV_243,38.8247032,100.9963455,2571.4895,2,False
30,UAV_244,38.8018227,101.0816269,2568.9058,4,False
30,UAV_245,38.8859634,100.9857635,2571.5854,3,False
30,UAV_246,38.9378853,101.0085831,2572.0825,3,False
30,UAV_247,38.931221,101.0756454,2577.4614,0,False
30,UAV_248,38.8668709,101.1060104,2576.0667,0,False
30,UAV_249,38.902626,100.9879227,2568.2686,3,False
30,UAV_250,38.9444618,100.9842529,2571.8162,3,False
30,UAV_251,38.8532829,100.9692307,2569.969,3,False
30,UAV_252,38.7625656,101.1233978,2575.3752,1,False
30,UAV_253,38.8269577,101.0728455,2568.6687,4,False
30,UAV_254,38.8856239,101.0380707,2571.7864,3,False
30,UAV_255,38.8739128,100.9897156,2571.6584,3,False
30,UAV_256,38.8993416,101.1169052,2576.6924,0,False
30,UAV_257,38.8466415,101.0742722,2565.3442,4,False
30,UAV_258,38.9270134,101.0906067,2570.7178,4,False
30,UAV_259,38.7741165,101.1243896,2575.1794,1,False
30,UAV_260,38.8239937,101.0621796,2574.5278,1,False
30,UAV_261,38.8749123,101.1136398,2577.4729,0,False
30,UAV_262,38.8632851,101.0594482,2572.6724,4,False
30,UAV_263,38.7908287,101.1496887,2571.0332,1,False
30,UAV_264,38.9272118,101.0582275,2572.6736,0,False
30,UAV_265,38.8608742,101.0334015,2570.0193,4,False
30,UAV_266,38.8774261,101.0858917,2577.3054,0,False
30,UAV_267,38.8839645,101.0989685,2572.2844,4,False
30,UAV_268,38.9234581,100.9695892,2571.1863,3,False
30,UAV_269,38.8834152,101.0290909,2572.5574,3,False
30,UAV_270,38.7899895,101.0190659,2575.2351,5,False
30,UAV_271,38.8642311,100.9985428,2577.6716,5,False
30,UAV_272,38.7793274,100.9891205,2572.7131,5,False
30,UAV_273,38.8507957,101.0230331,2569.2434,2,False
30,UAV_274,38.8396072,101.0244522,2575.4514,5,False
30,UAV_275,38.8619232,100.9863586,2569.7456,3,False
30,UAV_276,38.7684059,101.0436554,2572.635,2,False
30,UAV_277,38.7621574,100.9946899,2575.2754,5,True
30,UAV_278,38.7949448,101.0930557,2569.1421,4,False
30,UAV_279,38.8992958,101.0961456,2575.5701,0,False
30,UAV_280,38.7913094,100.9984741,2567.7917,2,False
30,UAV_281,38.8594818,101.0638885,2569.3667,4,False
30,UAV_282,38.8620758,101.1069794,2577.6519,0,False
30,UAV_283,38.8962021,101.088501,2567.2478,4,False
30,UAV_284,38.8670158,101.0035095,2570.9504,3,False
30,UAV_285,38.8350677,101.0840073,2570.7881,4,False
30,UAV_286,38.8499832,100.965126,2568.6511,2,False
30,UAV_287,38.8481712,101.0955429,2570.699,4,False
30,UAV_288,38.9040833,101.0933456,2578.7329,0,False
30,UAV_289,38.8863945,101.1412888,2571.9688,4,False
30,UAV_290,38.7597809,101.0165253,2570.1072,2,False
30,UAV_291,38.8071289,101.0806656,2574.3738,1,False
30,UAV_292,38.8432999,101.004303,2567.4724,2,False
30,UAV_293,38.8739014,101.0864105,2571.0286,4,False
30,UAV_294,38.8476677,101.14328,2574.1094,1,False
30,UAV_295,38.9020157,101.0958328,2578.0999,0,False
30,UAV_296,38.8439827,101.1034698,2572.8997,1,False
30,UAV_297,38.8122673,101.0292282,2573.2236,5,False
30,UAV_298,38.8351097,101.1204605,2569.3152,4,False
30,UAV_299,38.7778625,101.055336,2567.8206,2,False
30,UAV_300,38.8223572,100.957756,2571.6682,2,False
30,UAV_301,38.7674904,101.0935516,2573.6919,1,False
30,UAV_302,38.7729263,101.1451569,2569.3606,1,False
30,UAV_303,38.8986435,101.0846024,2568.1292,4,False
30,UAV_304,38.9151459,101.0722504,2576.5317,0,False
30,UAV_305,38.8611412,100.9731522,2570.678,3,False
30,UAV_306,38.8404961,101.0242462,2576.8757,5,False
30,UAV_307,38.7668724,100.9391327,2576.082,5,False
30,UAV_308,38.8592453,101.0957108,2574.2903,0,False
30,UAV_309,38.9099922,101.0931549,2575.3635,0,False
30,UAV_310,38.8299217,101.0093002,2573.3074,5,False
30,UAV_311,38.7669678,101.0038452,2567.3398,2,False
30,UAV_312,38.9104271,101.0305023,2573.6235,3,False
30,UAV_313,38.8546295,101.03228,2572.4077,3,False
30,UAV_314,38.8768806,100.9653778,2571.7456,3,False
30,UAV_315,38.8277016,101.0186386,2569.0715,2,False
30,UAV_316,38.9079323,101.0541534,2570.3757,4,False
30,UAV_317,38.9218216,101.0533676,2571.8701,3,False
30,UAV_318,38.8011017,101.0774994,2572.9624,1,False
30,UAV_319,38.8285141,101.0070267,2570.3215,2,False
30,UAV_320,38.7760162,101.0532532,2571.7253,2,False
30,UAV_321,38.9361267,101.065834,2573.9404,0,False
30,UAV_322,38.8447227,101.1098557,2572.5269,1,False
30,UAV_323,38.7381325,101.0298309,2571.5994,2,False
30,UAV_324,38.8952065,101.0301285,2573.2605,3,False
30,UAV_325,38.8003387,101.1127777,2568.907,4,False
30,UAV_326,38.8647614,101.1344299,2575.3247,0,False
30,UAV_327,38.8827858,101.0180893,2577.1624,0,False
30,UAV_328,38.8035965,100.9651031,2573.0684,5,False
30,UAV_329,38.8104095,101.0598602,2573.4856,1,False
30,UAV_330,38.9145508,101.0029907,2570.0911,3,False
30,UAV_331,38.9227142,101.0988083,2571.625,4,False
30,UAV_332,38.913784,101.0430145,2575.29,0,False
30,UAV_333,38.9539909,100.9714203,2572.302,3,False
30,UAV_334,38.9307022,100.9655609,2574.1992,3,False
30,UAV_335,38.8051338,101.051857,2576.5183,1,False
30,UAV_336,38.8086166,101.0124054,2575.094,5,False
30,UAV_337,38.8842888,101.0364838,2573.4724,0,False
30,UAV_338,38.7859459,101.0466537,2571.8086,2,False
30,UAV_339,38.8279228,101.1222534,2569.501,4,False
30,UAV_340,38.8652267,100.9783401,2566.9255,3,False
30,UAV_341,38.8588448,101.0200272,2573.5403,5,False
30,UAV_342,38.9333649,101.1051483,2570.1865,4,False
30,UAV_343,38.8073425,101.0792618,2569.8745,4,False
30,UAV_344,38.9300766,101.1319199,2570.6516,4,False
30,UAV_345,38.8262787,101.016304,2568.4399,2,False
30,UAV_346,38.86409,101.0474777,2571.5129,4,False
30,UAV_347,38.8115311,101.0287018,2577.2297,5,False
30,UAV_348,38.80867,101.0613022,2577.0022,1,False
30,UAV_349,38.9026222,100.9884872,2571.197,3,False
30,UAV_350,38.818985,101.0899124,2571.4663,1,False
30,UAV_351,38.8974457,101.1288071,2567.561,4,False
30,UAV_352,38.8025398,101.0000534,2568.3628,2,False
30,UAV_353,38.7565727,100.9859543,2573.8223,5,False
30,UAV_354,38.7889481,100.975975,2567.3313,2,False
30,UAV_355,38.901165,101.0389709,2570.2468,3,False
30,UAV_356,38.8168945,101.0332336,2571.9795,2,False
30,UAV_357,38.8106194,101.0435257,2575.8042,5,False
30,UAV_358,38.8525276,101.1060562,2573.3345,1,False
30,UAV_359,38.772892,100.9492569,2574.0798,5,False
30,UAV_360,38.8126945,101.1124191,2574.1436,1,False
30,UAV_361,38.8945389,101.0589371,2575.5862,0,True
30,UAV_362,38.8270187,101.086174,2574.5994,1,True
30,UAV_363,38.8144341,101.10923,2571.5981,1,False
30,UAV_364,38.8507195,101.0514145,2573.4731,0,False
30,UAV_365,38.7861176,101.0584946,2570.2209,2,False
30,UAV_366,38.761116,101.1147537,2576.7896,1,False
30,UAV_367,38.8512154,101.0188065,2573.8184,5,False
30,UAV_368,38.8662872,101.0541458,2574.1479,0,False
30,UAV_369,38.9353828,101.1021729,2572.3079,0,False
30,UAV_370,38.8538055,101.0237198,2571.8171,3,False
30,UAV_371,38.8755951,101.0302277,2569.4377,3,False
30,UAV_372,38.8839226,101.0391464,2571.4705,3,False
30,UAV_373,38.8787804,101.086731,2569.4353,4,False
30,UAV_374,38.825798,101.0523758,2574.5959,1,False
30,UAV_375,38.8094292,101.0379715,2575.7437,5,False
30,UAV_376,38.7953644,101.0136642,2570.6709,2,False
30,UAV_377,38.8491364,101.0847397,2573.2612,1,False
30,UAV_378,38.8870964,101.1171417,2574.7795,0,False
30,UAV_379,38.7900238,101.0074158,2573.8093,5,False
30,UAV_380,38.8053551,101.005928,2576.1807,5,False
30,UAV_381,38.8626633,100.9976349,2568.6921,3,False
30,UAV_382,38.8421631,100.9844131,2572.6948,5,False
30,UAV_383,38.9223976,101.0159531,2575.4958,0,False
30,UAV_384,38.8882179,100.9850769,2576.6311,5,False
30,UAV_385,38.747879,101.1144104,2577.657,1,False
30,UAV_386,38.8466682,101.0875626,2568.6877,4,False
30,UAV_387,38.9005508,101.0905151,2574.572,0,False
30,UAV_388,38.8043823,101.0831223,2575.7688,1,False
30,UAV_389,38.831562,101.1042099,2572.6196,1,False
30,UAV_390,38.8517303,100.9954529,2571.0388,3,False
30,UAV_391,38.7720718,101.0797195,2581.6492,1,False
30,UAV_392,38.8000336,101.06353,2575.7917,1,False
30,UAV_393,38.8959427,100.9904404,2570.7585,3,False
30,UAV_394,38.9572525,101.0645523,2573.0344,0,False
30,UAV_395,38.8987885,100.9646149,2565.1526,3,False
30,UAV_396,38.9463577,100.9929276,2570.115,3,False
30,UAV_397,38.8306885,101.0190887,2569.4939,2,False
30,UAV_398,38.8900375,101.0576401,2571.2542,4,False
30,UAV_399,38.890976,101.0729752,2572.6206,0,False
30,UAV_400,38.8532715,101.0392532,2576.2571,0,False
30,UAV_401,38.8818703,100.9951401,2567.0757,3,False
30,UAV_402,38.8505478,101.0619583,2571.9612,4,False
30,UAV_403,38.913105,101.0934906,2572.877,0,False
30,UAV_404,38.8769035,101.0336075,2573.7026,0,False
30,UAV_405,38.9134331,101.0177536,2571.3494,3,False
30,UAV_406,38.8255348,101.0698318,2574.9844,1,False
30,UAV_407,38.8547058,100.9732437,2567.9016,2,False
30,UAV_408,38.8026581,101.0635529,2567.8591,2,False
30,UAV_409,38.8790779,101.0179596,2573.8271,3,False
30,UAV_410,38.7675323,101.0505371,2571.6321,2,False
30,UAV_411,38.8653297,101.0622635,2572.8794,4,False
30,UAV_412,38.7996216,100.9863815,2574.4597,5,False
30,UAV_413,38.8113861,101.0818024,2567.5239,4,False
30,UAV_414,38.8040047,101.0723343,2573.2883,1,False
30,UAV_415,38.8594017,100.9525452,2573.8667,5,False
30,UAV_416,38.8717995,101.0233383,2572.688,3,False
30,UAV_417,38.9105377,101.1210861,2575.6345,0,False
30,UAV_418,38.8662338,100.9970856,2573.9663,3,False
30,UAV_419,38.8148232,100.9658432,2575.4585,5,False
30,UAV_420,38.7880325,101.0231171,2574.7368,5,False
30,UAV_421,38.7460938,101.0740891,2574.8713,1,False
30,UAV_422,38.8682976,100.9790649,2569.272,3,False
30,UAV_423,38.8737488,101.1115417,2572.2156,4,False
30,UAV_424,38.8093529,100.9717102,2576.3198,5,False
30,UAV_425,38.8876839,101.0659485,2573.4248,0,False
30,UAV_426,38.8933716,101.0486908,2573.1282,0,False
30,UAV_427,38.8448486,101.0383072,2571.9524,4,False
30,UAV_428,38.8557129,100.9453354,2571.2524,3,False
30,UAV_429,38.8761673,100.972084,2570.7944,3,False
30,UAV_430,38.7461128,101.0405655,2569.498,2,False
30,UAV_431,38.7866631,101.0373993,2575.9006,5,False
30,UAV_432,38.9173355,101.0789261,2573.8818,0,False
30,UAV_433,38.9698105,100.9993057,2569.832,3,False
30,UAV_434,38.8266869,100.9696121,2573.8289,5,False
30,UAV_435,38.8659286,100.9799118,2574.2437,5,False
30,UAV_436,38.760479,100.9779358,2569.283,2,False
30,UAV_437,38.8732452,101.1225815,2574.0024,0,False
30,UAV_438,38.8561745,100.9898148,2572.6599,3,False
30,UAV_439,38.9001732,101.0463333,2575.1897,0,False
30,UAV_440,38.9157982,101.0108261,2577.7217,0,False
30,UAV_441,38.8111382,100.9617386,2579.3435,5,False
30,UAV_442,38.86026,100.9732819,2569.7725,3,False
30,UAV_443,38.9515114,101.1017914,2575.9802,0,False
30,UAV_444,38.8152046,100.997406,2576.207,5,False
30,UAV_445,38.8195114,100.9622345,2565.6418,2,False
30,UAV_446,38.8547554,101.0900955,2568.4512,4,False
30,UAV_447,38.927948,101.0958405,2571.0105,4,False
30,UAV_448,38.7756653,101.0262146,2570.2688,2,False
30,UAV_449,38.808754,101.0635376,2566.7808,2,False
30,UAV_450,38.7960396,101.0990219,2568.0723,4,False
30,UAV_451,38.794117,101.0054016,2575.9587,5,False
30,UAV_452,38.8628845,101.0843506,2569.3833,4,False
30,UAV_453,38.8934631,101.0622559,2566.7422,4,False
30,UAV_454,38.8702583,101.1136093,2575.676,0,False
30,UAV_455,38.8279381,100.9928284,2574.2263,5,False
30,UAV_456,38.8221588,101.0388489,2575.5349,5,False
30,UAV_457,38.8505096,101.036438,2570.51,4,False
30,UAV_458,38.8609505,101.0127945,2572.4397,3,False
30,UAV_459,38.8850098,100.9964676,2571.948,3,False
30,UAV_460,38.7504158,101.0565643,2571.3098,2,False
30,UAV_461,38.9151421,100.9547958,2572.9922,3,False
30,UAV_462,38.8419456,101.1207428,2570.1956,4,False
30,UAV_463,38.7850113,100.9897766,2568.2734,2,False
30,UAV_464,38.8005295,100.9916458,2578.5667,5,False
30,UAV_465,38.8862839,100.9650345,2576.6406,5,False
30,UAV_466,38.9587212,101.0923386,2579.1936,0,False
30,UAV_467,38.8683929,101.0617065,2570.8372,4,False
30,UAV_468,38.7672195,100.9970322,2569.6853,2,False
30,UAV_469,38.8463097,101.0546112,2566.3772,4,False
30,UAV_470,38.8466072,101.0622787,2577.8684,0,False
30,UAV_471,38.8131485,100.9640656,2565.7563,2,False
30,UAV_472,38.8438454,101.110466,2575.6479,1,False
30,UAV_473,38.7965584,101.1041412,2572.8298,1,False
30,UAV_474,38.7915726,100.9849548,2575.542,5,False
30,UAV_475,38.9308586,101.0252686,2569.7153,3,False
30,UAV_476,38.9016762,101.0859985,2572.5686,0,False
30,UAV_477,38.8754196,101.0283813,2576.9214,0,False
30,UAV_478,38.904808,100.9837036,2570.9902,3,False
30,UAV_479,38.8706894,101.0633163,2568.8174,4,False
30,UAV_480,38.7865601,101.0539703,2572.9329,1,False
30,UAV_481,38.8195648,100.9787903,2574.5618,5,False
30,UAV_482,38.8009644,101.1203156,2575.3628,1,False
30,UAV_483,38.9004059,101.1095123,2578.6763,0,False
30,UAV_484,38.8546371,101.0679474,2576.8672,0,False
30,UAV_485,38.8132133,101.0113754,2570.3506,2,False
30,UAV_486,38.9012642,101.0450363,2569.085,4,False
30,UAV_487,38.9015656,101.0020599,2566.2612,3,False
30,UAV_488,38.8186836,100.9996719,2570.4585,2,False
30,UAV_489,38.8386154,101.0153198,2568.0762,2,False
30,UAV_490,38.8087387,100.9949341,2579.5046,5,False
30,UAV_491,38.9069672,101.0397339,2568.5298,3,False
30,UAV_492,38.8361435,101.0396118,2569.6531,2,False
30,UAV_493,38.7984962,101.013504,2572.6648,5,False
30,UAV_494,38.7844963,100.9935989,2572.0276,2,False
30,UAV_495,38.9152069,101.0212784,2576.0437,0,False
30,UAV_496,38.8617554,101.0176086,2570.6904,3,False
30,UAV_497,38.7960968,100.9964142,2572.9753,5,False
30,UAV_498,38.8571091,101.0258102,2573.6968,5,False
30,UAV_499,38.8717995,100.9850693,2576.8486,5,False
30,UAV_500,38.8305931,101.0743484,2571.7847,4,False
31,UAV_001,38.8298988,101.0831451,2569.2107,2,False
31,UAV_002,38.8629265,100.9999084,2574.5806,0,False
31,UAV_003,38.8822632,101.0563354,2571.197,2,False
31,UAV_004,38.7731171,101.0011902,2571.5098,5,False
31,UAV_005,38.8147888,101.099144,2571.8564,4,False
31,UAV_006,38.827179,101.0918579,2576.0771,4,False
31,UAV_007,38.8991737,101.1104355,2571.1689,1,False
31,UAV_008,38.8802109,101.0440445,2571.4292,3,False
31,UAV_009,38.9130287,101.100235,2569.5056,2,False
31,UAV_010,38.8982277,100.9387589,2573.0566,3,False
31,UAV_011,38.8940201,101.0496368,2572.7107,1,False
31,UAV_012,38.8201027,100.9751587,2573.0203,5,False
31,UAV_013,38.846508,101.0526733,2568.8015,2,False
31,UAV_014,38.8451195,101.0082016,2568.8491,5,False
31,UAV_015,38.8869743,100.9509125,2571.5486,3,False
31,UAV_016,38.9666481,100.9548874,2572.8418,3,False
31,UAV_017,38.8919334,101.0334091,2567.8843,3,False
31,UAV_018,38.8848915,101.0115891,2572.0364,3,False
31,UAV_019,38.8087997,101.0501175,2576.3459,0,False
31,UAV_020,38.8465424,101.0023117,2573.5903,0,False
31,UAV_021,38.8758926,101.1425858,2574.4028,1,False
31,UAV_022,38.9168282,100.954277,2574.7073,3,False
31,UAV_023,38.8619232,100.9627151,2574.3909,0,False
31,UAV_024,38.8477478,101.0308304,2576.3784,0,False
31,UAV_025,38.9010124,101.0381699,2575.9434,1,False
31,UAV_026,38.8768463,101.1051025,2570.3489,2,False
31,UAV_027,38.872612,101.063446,2570.9915,2,False
31,UAV_028,38.9023361,101.1024551,2568.6904,2,False
31,UAV_029,38.8598213,101.0556335,2573.5747,1,False
31,UAV_030,38.8270569,101.0133438,2568.6401,5,False
31,UAV_031,38.8396492,101.0288849,2570.521,5,False
31,UAV_032,38.8336563,101.0869751,2573.2402,4,False
31,UAV_033,38.884861,101.0797348,2572.7314,1,False
31,UAV_034,38.8884048,101.0473557,2574.5974,1,False
31,UAV_035,38.8310776,101.0335007,2574.4697,0,False
31,UAV_036,38.8765526,100.9497528,2569.7388,3,False
31,UAV_037,38.9049988,100.9888992,2572.6575,3,False
31,UAV_038,38.8873901,101.0232849,2573.6567,3,False
31,UAV_039,38.9411583,101.005188,2570.406,3,False
31,UAV_040,38.8430824,101.0017776,2571.1182,5,False
31,UAV_041,38.8214378,101.0189972,2574.2722,0,False
31,UAV_042,38.9304733,101.1036606,2573.825,1,False
31,UAV_043,38.9054527,101.118721,2573.6914,1,False
31,UAV_044,38.7852364,100.990654,2575.3855,0,False
31,UAV_045,38.9404411,101.015625,2571.8938,3,False
31,UAV_046,38.7940369,100.9952774,2576.96,0,False
31,UAV_047,38.882782,100.9735413,2566.3247,3,False
31,UAV_048,38.9324226,101.0474396,2575.9709,1,False
31,UAV_049,38.7969856,101.0459747,2567.3818,2,False
31,UAV_050,38.898098,101.0306931,2573.2446,3,False
31,UAV_051,38.8623924,101.0442886,2577.1516,0,False
31,UAV_052,38.8098869,101.0458069,2574.0215,4,False
31,UAV_053,38.8875504,101.0545731,2569.9741,2,False
31,UAV_054,38.8267822,101.0630264,2568.467,2,False
31,UAV_055,38.8041191,101.0765152,2578.0061,4,False
31,UAV_056,38.8337212,101.0269547,2569.3369,5,False
31,UAV_057,38.8040466,101.0604477,2566.155,2,False
31,UAV_058,38.8120308,101.037735,2573.4709,4,False
31,UAV_059,38.8068314,101.0464401,2574.0076,4,False
31,UAV_060,38.7842522,101.0022659,2572.9407,5,False
31,UAV_061,38.8265991,101.0900955,2579.301,4,False
31,UAV_062,38.9114838,101.0270309,2575.1631,1,False
31,UAV_063,38.888176,100.9776306,2573.001,3,False
31,UAV_064,38.8858414,101.1314316,2575.6138,1,False
31,UAV_065,38.876606,101.0347366,2570.3782,3,False
31,UAV_066,38.9212227,101.1042252,2574.7712,1,False
31,UAV_067,38.8962936,101.0062256,2576.408,0,False
31,UAV_068,38.8733559,101.006073,2570.7253,3,False
31,UAV_069,38.8971291,101.0679016,2569.697,2,False
31,UAV_070,38.7862206,101.0226059,2575.7339,0,False
31,UAV_071,38.8181038,101.1338806,2575.8376,4,False
31,UAV_072,38.8524628,101.0575485,2572.7976,2,False
31,UAV_073,38.8071442,101.0179214,2576.563,0,False
31,UAV_074,38.7904701,100.9956512,2571.6184,5,False
31,UAV_075,38.8150139,100.984726,2573.2385,5,False
31,UAV_076,38.9084549,101.0092926,2569.1985,3,False
31,UAV_077,38.7854004,101.0615311,2571.1047,4,False
31,UAV_078,38.9069748,101.0122452,2576.3242,0,False
31,UAV_079,38.903717,101.0546799,2573.3328,1,False
31,UAV_080,38.9539223,101.0769653,2573.1667,1,False
31,UAV_081,38.8009567,101.0062485,2571.0437,5,False
31,UAV_082,38.7828827,101.0837326,2574.1384,4,False
31,UAV_083,38.74786,100.993042,2572.9675,5,False
31,UAV_084,38.8008232,101.0710068,2573.0759,4,False
31,UAV_085,38.9215164,101.0370636,2573.2788,3,False
31,UAV_086,38.8908272,101.1199341,2576.0637,1,False
31,UAV_087,38.7870522,101.1373138,2571.6807,4,False
31,UAV_088,38.8260727,100.985405,2572.6223,5,False
31,UAV_089,38.8512268,101.0520554,2571.5984,2,False
31,UAV_090,38.8761787,101.0260086,2576.7385,0,False
31,UAV_091,38.8287086,101.0209274,2571.5593,5,False
31,UAV_092,38.8262405,100.9944992,2569.2346,5,False
31,UAV_093,38.9369049,100.971756,2575.4644,3,False
31,UAV_094,38.7796707,101.0292511,2581.4395,0,False
31,UAV_095,38.855629,101.1039886,2572.2529,2,False
31,UAV_096,38.8570023,101.0630493,2568.991,2,False
31,UAV_097,38.7449532,100.9480667,2571.1226,5,False
31,UAV_098,38.8525047,101.0920486,2576.3149,1,False
31,UAV_099,38.9102402,101.0446167,2571.1716,3,True
31,UAV_100,38.9026604,101.0874786,2567.646,2,False
31,UAV_101,38.8825989,100.9970779,2576.1565,0,False
31,UAV_102,38.8129044,101.0987625,2577.5979,4,False
31,UAV_103,38.8279457,100.9418716,2570.6738,5,False
31,UAV_104,38.7973671,101.0232391,2575.6006,0,False
31,UAV_105,38.8867073,100.9807739,2574.6299,0,False
31,UAV_106,38.9194717,100.9929123,2567.3831,3,False
31,UAV_107,38.7906609,101.0736008,2573.7925,4,True
31,UAV_108,38.9510689,100.9656601,2567.2705,3,False
31,UAV_109,38.8754196,101.0535812,2569.6274,2,False
31,UAV_110,38.848877,101.1000443,2575.2734,1,False
31,UAV_111,38.8039665,101.0295715,2569.7258,5,False
31,UAV_112,38.7652664,100.9582367,2572.605,5,False
31,UAV_113,38.7625542,100.9717255,2570.5757,5,False
31,UAV_114,38.8687477,101.0229034,2574.6733,0,False
31,UAV_115,38.8781204,101.0371704,2575.3057,0,False
31,UAV_116,38.8158379,101.056221,2570.0078,2,False
31,UAV_117,38.8449669,100.9644241,2577.0132,0,False
31,UAV_118,38.7898712,101.0125427,2575.7463,0,False
31,UAV_119,38.8048439,101.0437469,2576.0269,0,True
31,UAV_120,38.8527565,101.0735703,2577.6094,1,False
31,UAV_121,38.7766876,101.0996933,2571.4709,4,False
31,UAV_122,38.7887955,101.0368423,2578.989,0,False
31,UAV_123,38.8350754,101.0653381,2578.2766,0,False
31,UAV_124,38.8785515,101.1231842,2574.0796,1,False
31,UAV_125,38.8159142,100.9982529,2573.4111,5,False
31,UAV_126,38.8036423,101.0027924,2567.5107,5,False
31,UAV_127,38.9066849,101.0127945,2572.8428,3,False
31,UAV_128,38.8611565,100.9634094,2567.9805,3,False
31,UAV_129,38.9431534,101.0662994,2578.2844,1,False
31,UAV_130,38.8003807,101.0161819,2565.7764,5,False
31,UAV_131,38.8891563,100.9555664,2570.4993,3,False
31,UAV_132,38.8645744,101.0117645,2575.2913,0,False
31,UAV_133,38.8903732,101.0368423,2567.4431,2,False
31,UAV_134,38.7464714,100.9941788,2570.5823,5,False
31,UAV_135,38.7765236,101.0696182,2572.5,4,False
31,UAV_136,38.8171883,101.0523987,2573.0764,4,False
31,UAV_137,38.8476486,100.9805908,2573.5686,0,False
31,UAV_138,38.8144035,101.0492477,2570.2144,2,False
31,UAV_139,38.800312,101.024437,2570.0781,5,False
31,UAV_140,38.860466,101.057457,2574.4258,1,False
31,UAV_141,38.7769432,101.0130005,2573.5913,5,False
31,UAV_142,38.904274,101.0999222,2568.2358,2,False
31,UAV_143,38.7622528,100.9949646,2570.7283,5,False
31,UAV_144,38.8425179,101.0797882,2564.6797,2,False
31,UAV_145,38.8629227,101.0835114,2568.1555,2,False
31,UAV_146,38.9366875,100.9674835,2574.0896,3,False
31,UAV_147,38.9123192,100.9862289,2573.9053,3,False
31,UAV_148,38.8118591,100.9905548,2575.0535,0,False
31,UAV_149,38.7904968,101.0831146,2576.1411,4,False
31,UAV_150,38.7735939,101.1185303,2577.5615,4,False
31,UAV_151,38.8235168,101.086937,2569.3228,2,False
31,UAV_152,38.9087448,100.967392,2576.8201,0,False
31,UAV_153,38.8084908,101.0944519,2575.4634,4,False
31,UAV_154,38.8081894,101.0916748,2573.2173,4,False
31,UAV_155,38.8642502,101.0041885,2575.8479,0,False
31,UAV_156,38.8676376,101.0743713,2574.9766,1,False
31,UAV_157,38.798111,101.128418,2574.9495,4,False
31,UAV_158,38.8481827,101.0718536,2574.7473,1,False
31,UAV_159,38.8454208,101.0753403,2568.7744,2,False
31,UAV_160,38.8625641,100.9644699,2577.2786,0,False
31,UAV_161,38.8991013,101.1235962,2576.0725,1,False
31,UAV_162,38.8498154,101.0258026,2576.7739,0,False
31,UAV_163,38.7474823,101.019043,2572.5847,5,False
31,UAV_164,38.7812233,100.9748459,2570.7195,5,False
31,UAV_165,38.8696136,100.9829788,2574.041,0,False
31,UAV_166,38.9210052,101.0957031,2573.9873,1,False
31,UAV_167,38.8908195,101.0349121,2577.9871,0,False
31,UAV_168,38.7622032,101.0953293,2570.0208,4,False
31,UAV_169,38.9061508,101.0180817,2574.4172,3,False
31,UAV_170,38.7997284,101.1239777,2570.2607,4,False
31,UAV_171,38.8636665,101.049263,2575.6277,0,False
31,UAV_172,38.8033218,101.0355072,2571.8042,5,False
31,UAV_173,38.7723236,100.9753494,2576.3372,0,False
31,UAV_174,38.8424263,101.0084457,2572.9912,0,False
31,UAV_175,38.8496971,101.0976181,2568.6702,2,False
31,UAV_176,38.7867661,101.1134949,2566.5981,2,False
31,UAV_177,38.8081169,101.0907516,2569.4402,2,True
31,UAV_178,38.8553619,101.0196762,2573.3149,0,False
31,UAV_179,38.821888,100.9905472,2566.0371,5,False
31,UAV_180,38.8571548,101.0013428,2573.1719,0,False
31,UAV_181,38.883976,101.0344925,2575.125,0,False
31,UAV_182,38.8616753,101.0511856,2569.207,2,False
31,UAV_183,38.8336601,100.9545746,2575.3137,0,False
31,UAV_184,38.7661362,100.9715195,2569.1321,5,False
31,UAV_185,38.8996582,100.9953308,2568.1218,3,False
31,UAV_186,38.8662605,101.0089264,2572.7273,3,False
31,UAV_187,38.8827858,101.1062088,2572.3958,1,False
31,UAV_188,38.9150505,101.0072632,2576.5984,0,False
31,UAV_189,38.7724533,100.9841003,2574.3411,5,False
31,UAV_190,38.8704529,101.0130234,2569.7668,3,False
31,UAV_191,38.8935318,100.9675446,2574.3552,3,False
31,UAV_192,38.8271408,100.978653,2577.4487,0,False
31,UAV_193,38.8103828,101.0108719,2570.8267,5,True
31,UAV_194,38.8651047,101.066803,2573.8674,1,False
31,UAV_195,38.9296532,101.1452332,2575.6292,1,False
31,UAV_196,38.8926353,101.0983124,2573.6848,1,False
31,UAV_197,38.9193726,101.0319977,2571.929,3,False
31,UAV_198,38.8056679,101.0309753,2570.582,5,False
31,UAV_199,38.8686752,101.0412292,2578.7319,0,False
31,UAV_200,38.7514305,101.1231918,2574.8047,4,False
31,UAV_201,38.9322662,101.0303955,2565.3574,3,False
31,UAV_202,38.8215179,101.0121231,2578.9331,0,False
31,UAV_203,38.8269043,101.0246582,2569.022,5,False
31,UAV_204,38.8505859,101.0114822,2574.616,0,False
31,UAV_205,38.775589,101.1341171,2574.0115,4,False
31,UAV_206,38.9081802,101.0264587,2573.0664,3,False
31,UAV_207,38.854126,101.0416336,2575.7493,0,False
31,UAV_208,38.8502388,101.0721512,2572.1067,2,False
31,UAV_209,38.8259048,101.1399612,2574.3904,4,False
31,UAV_210,38.9380226,101.0478745,2574.2297,1,False
31,UAV_211,38.7309189,101.0016174,2574.5002,5,False
31,UAV_212,38.7774544,101.0125732,2570.3635,5,False
31,UAV_213,38.8281746,101.0366058,2576.7959,0,False
31,UAV_214,38.828167,101.0581131,2566.9243,2,False
31,UAV_215,38.8342361,101.1052704,2573.4734,4,False
31,UAV_216,38.8058815,100.9517593,2571.4688,5,False
31,UAV_217,38.9240036,101.1170197,2578.4858,1,False
31,UAV_218,38.807991,100.9914246,2575.3403,0,False
31,UAV_219,38.7699394,101.0836334,2575.2749,4,False
31,UAV_220,38.891304,101.0354614,2571.9072,3,False
31,UAV_221,38.8740387,101.0414505,2576.3943,0,False
31,UAV_222,38.8512001,101.0516739,2574.4985,0,False
31,UAV_223,38.8211746,101.0630112,2571.2627,2,False
31,UAV_224,38.8437958,100.958046,2571.1245,5,False
31,UAV_225,38.8719635,101.1315536,2571.0945,2,False
31,UAV_226,38.7904854,101.0069733,2575.5537,0,False
31,UAV_227,38.8455544,101.1213379,2568.8491,2,False
31,UAV_228,38.7843666,101.0696793,2575.905,4,False
31,UAV_229,38.9201775,101.0094299,2575.7424,0,False
31,UAV_230,38.83741,101.1203537,2571.2412,2,False
31,UAV_231,38.8273888,101.0418243,2569.1965,2,False
31,UAV_232,38.8336945,100.9842529,2579.0161,0,False
31,UAV_233,38.7834549,100.9794235,2576.3081,0,False
31,UAV_234,38.8235207,101.0022964,2577.9089,0,False
31,UAV_235,38.770752,101.0401001,2572.1008,5,False
31,UAV_236,38.8882561,100.9879074,2575.3997,0,False
31,UAV_237,38.8587151,101.1037216,2572.2219,2,False
31,UAV_238,38.866951,101.1011505,2572.123,2,False
31,UAV_239,38.8561935,101.0709076,2574.8079,1,False
31,UAV_240,38.8539772,101.059227,2571.4927,2,False
31,UAV_241,38.8278847,100.9867172,2574.5061,0,False
31,UAV_242,38.7782097,101.0348129,2578.5813,0,False
31,UAV_243,38.824852,100.9962616,2574.0171,0,False
31,UAV_244,38.8030205,101.0812607,2569.3247,2,False
31,UAV_245,38.8863602,100.9744949,2568.1709,3,False
31,UAV_246,38.9409332,101.0085678,2572.8123,3,False
31,UAV_247,38.9300842,101.0756683,2578.5791,1,False
31,UAV_248,38.8537636,101.1091309,2578.3115,1,False
31,UAV_249,38.899353,100.9856949,2575.3057,0,False
31,UAV_250,38.9555855,100.9685211,2568.0679,3,False
31,UAV_251,38.8531227,100.9679031,2568.9644,3,False
31,UAV_252,38.7614136,101.122261,2568.9805,4,False
31,UAV_253,38.8295517,101.0722733,2565.7,2,False
31,UAV_254,38.887085,101.0379486,2574.8501,1,False
31,UAV_255,38.8761063,100.988327,2571.4658,3,False
31,UAV_256,38.8990784,101.1173248,2577.3516,1,False
31,UAV_257,38.8462868,101.0739746,2567.1877,2,False
31,UAV_258,38.8855896,101.1405945,2569.9229,2,False
31,UAV_259,38.770153,101.1301498,2573.2798,4,False
31,UAV_260,38.8239555,101.0620422,2569.6943,2,False
31,UAV_261,38.9134407,101.1150208,2578.4629,1,False
31,UAV_262,38.8678589,101.0548325,2572.8953,1,False
31,UAV_263,38.7906113,101.1503677,2575.575,4,False
31,UAV_264,38.9263535,101.0597305,2575.7744,1,False
31,UAV_265,38.8584709,101.0313721,2571.9827,3,False
31,UAV_266,38.878006,101.0847397,2568.1714,2,False
31,UAV_267,38.8838692,101.0990982,2573.3389,1,False
31,UAV_268,38.9234581,100.9696808,2575.6274,3,False
31,UAV_269,38.8807564,101.0311127,2574.4919,0,False
31,UAV_270,38.7892189,101.0200272,2575.6824,0,False
31,UAV_271,38.8640862,100.9986725,2573.9482,0,False
31,UAV_272,38.7781906,100.9821396,2569.605,5,False
31,UAV_273,38.8512344,101.0226212,2569.3564,2,False
31,UAV_274,38.8389473,101.0242691,2573.9395,0,False
31,UAV_275,38.8601456,100.9850311,2574.5522,0,False
31,UAV_276,38.7695541,101.0403137,2572.5684,5,False
31,UAV_277,38.7608643,100.9956512,2576.4146,0,False
31,UAV_278,38.7951202,101.0925293,2574.5093,4,False
31,UAV_279,38.9017525,101.0959625,2577.6553,1,False
31,UAV_280,38.789669,100.996666,2578.2876,0,False
31,UAV_281,38.8582573,101.0593414,2569.7258,2,False
31,UAV_282,38.8643761,101.1135406,2573.6929,1,False
31,UAV_283,38.8955688,101.0880356,2570.3357,2,False
31,UAV_284,38.8654251,100.9996338,2570.2864,3,False
31,UAV_285,38.8343086,101.0836716,2571.1926,2,False
31,UAV_286,38.8465996,100.9686432,2572.7104,5,False
31,UAV_287,38.8491554,101.0944366,2574.5078,1,False
31,UAV_288,38.9038887,101.093605,2574.6328,1,False
31,UAV_289,38.8827019,101.138649,2572.5632,1,False
31,UAV_290,38.7467117,101.0091324,2575.8013,5,False
31,UAV_291,38.8295593,101.0665894,2571.9128,2,False
31,UAV_292,38.8422813,101.0039597,2569.8125,5,False
31,UAV_293,38.8719749,101.0846558,2569.7227,2,False
31,UAV_294,38.8482971,101.1437759,2571.1968,2,False
31,UAV_295,38.9353752,101.0909424,2571.8896,1,False
31,UAV_296,38.8441772,101.103302,2569.5508,2,False
31,UAV_297,38.8143349,101.0329514,2572.6743,5,False
31,UAV_298,38.8239517,101.1102219,2568.1711,2,False
31,UAV_299,38.7773056,101.0552597,2570.0728,5,False
31,UAV_300,38.8226624,100.957634,2569.1094,5,False
31,UAV_301,38.7836342,101.112915,2573.7817,4,False
31,UAV_302,38.7716064,101.1441879,2571.3904,4,False
31,UAV_303,38.8979836,101.0835419,2572.6731,1,False
31,UAV_304,38.9172897,101.0730057,2574.9546,1,False
31,UAV_305,38.8611946,100.9730301,2573.1187,3,False
31,UAV_306,38.8383217,101.0253372,2574.0024,0,False
31,UAV_307,38.7544975,100.9303665,2569.531,5,False
31,UAV_308,38.8586922,101.0941238,2568.4045,2,False
31,UAV_309,38.9115829,101.0943375,2569.8477,2,False
31,UAV_310,38.8234787,101.0065994,2571.0989,5,False
31,UAV_311,38.7687531,101.0022659,2572.9099,5,False
31,UAV_312,38.9113426,101.0297775,2572.3872,3,False
31,UAV_313,38.8521385,101.0292511,2572.0544,3,False
31,UAV_314,38.8791008,100.9653015,2577.4202,0,False
31,UAV_315,38.8293419,100.9662094,2573.741,0,False
31,UAV_316,38.905098,101.0553055,2570.696,3,False
31,UAV_317,38.9190063,101.0540924,2574.9143,1,True
31,UAV_318,38.800499,101.0771866,2572.2498,4,False
31,UAV_319,38.8335152,101.0034332,2568.4199,5,False
31,UAV_320,38.7658997,101.0405807,2571.7666,5,False
31,UAV_321,38.9160728,101.0454102,2571.5039,3,False
31,UAV_322,38.8460617,101.1126785,2577.9604,1,False
31,UAV_323,38.8156891,101.0071487,2577.8625,0,False
31,UAV_324,38.895977,101.0307159,2577.1438,0,False
31,UAV_325,38.7998581,101.1130981,2574.9106,4,False
31,UAV_326,38.8645363,101.1347885,2576.1494,1,False
31,UAV_327,38.8842392,101.0190887,2568.9751,3,False
31,UAV_328,38.8187218,101.0238266,2577.9143,0,False
31,UAV_329,38.8046341,101.1150284,2572.3069,4,False
31,UAV_330,38.9143333,101.0027161,2570.272,3,False
31,UAV_331,38.9219322,101.0978775,2566.4138,2,False
31,UAV_332,38.9148064,101.0429611,2573.6985,1,False
31,UAV_333,38.9538994,100.9701004,2571.3074,3,False
31,UAV_334,38.9071465,100.9910736,2578.3079,0,False
31,UAV_335,38.8048286,101.0541458,2573.5164,4,False
31,UAV_336,38.8047295,101.0123978,2578.2778,0,False
31,UAV_337,38.8847046,101.0367279,2574.0996,1,False
31,UAV_338,38.7884026,101.0464783,2575.8267,4,False
31,UAV_339,38.8273087,101.1196747,2568.7659,2,False
31,UAV_340,38.866497,100.9772415,2573.0081,3,False
31,UAV_341,38.861927,101.019928,2576.1438,0,False
31,UAV_342,38.9051704,101.1234436,2572.5498,1,False
31,UAV_343,38.8073616,101.0737228,2574.7771,4,False
31,UAV_344,38.9301796,101.1321793,2572.0967,1,False
31,UAV_345,38.8261757,101.0161819,2567.655,5,False
31,UAV_346,38.8641396,101.0410919,2569.1987,2,False
31,UAV_347,38.8092537,101.0307159,2572.7832,5,False
31,UAV_348,38.8071175,101.061264,2573.949,4,False
31,UAV_349,38.8722343,100.9996109,2571.4065,3,False
31,UAV_350,38.8285141,101.0898972,2571.426,2,False
31,UAV_351,38.8965187,101.1280212,2568.4146,2,False
31,UAV_352,38.8277893,101.0716324,2572.3098,4,False
31,UAV_353,38.7542114,100.986702,2577.9507,0,False
31,UAV_354,38.7886581,100.9751358,2568.4868,5,False
31,UAV_355,38.9018822,101.0378876,2572.3027,3,False
31,UAV_356,38.8167076,101.0328064,2566.7539,2,False
31,UAV_357,38.7952194,100.9784317,2571.3074,5,False
31,UAV_358,38.8496017,101.1075592,2577.9731,1,False
31,UAV_359,38.7943916,100.9975739,2571.1499,5,False
31,UAV_360,38.8123322,101.1173401,2573.3779,4,False
31,UAV_361,38.8951111,101.0622406,2576.4082,1,False
31,UAV_362,38.8268585,101.0852737,2569.2349,2,False
31,UAV_363,38.8138199,101.1079102,2568.7302,2,False
31,UAV_364,38.8477287,101.0535736,2575.3911,0,False
31,UAV_365,38.7795067,101.0557861,2572.5244,4,False
31,UAV_366,38.7604523,101.1107559,2569.8569,4,False
31,UAV_367,38.8486366,101.0202713,2574.1797,0,False
31,UAV_368,38.8646278,101.0555878,2570.5391,2,False
31,UAV_369,38.9270515,101.1093597,2573.7292,1,False
31,UAV_370,38.8537369,101.0234604,2566.8301,2,False
31,UAV_371,38.876236,101.0301437,2572.259,3,False
31,UAV_372,38.8841324,101.0393677,2576.5398,0,False
31,UAV_373,38.8817368,101.0860138,2569.032,2,False
31,UAV_374,38.8267212,101.0523911,2574.1191,4,False
31,UAV_375,38.8094368,101.0380707,2572.7769,5,False
31,UAV_376,38.7952614,101.0135727,2574.2334,5,False
31,UAV_377,38.848423,101.0795135,2572.3218,2,False
31,UAV_378,38.8889046,101.1174774,2574.0034,1,False
31,UAV_379,38.7925072,101.0073547,2573.8669,5,False
31,UAV_380,38.80373,101.0059204,2577.4839,0,False
31,UAV_381,38.8637772,100.9942398,2573.4209,0,False
31,UAV_382,38.8644676,100.9618454,2568.0403,3,False
31,UAV_383,38.9224129,101.0161591,2570.7256,3,False
31,UAV_384,38.8881798,100.9848175,2568.3672,3,False
31,UAV_385,38.7462349,101.1126251,2572.3328,4,False
31,UAV_386,38.8472404,101.0872726,2570.9924,2,False
31,UAV_387,38.8987579,101.0925369,2578.3899,1,False
31,UAV_388,38.8042831,101.0832748,2568.6516,2,False
31,UAV_389,38.8301201,101.102562,2568.6672,2,False
31,UAV_390,38.8525276,100.9957352,2576.4053,0,False
31,UAV_391,38.7720032,101.0799179,2573.5344,4,False
31,UAV_392,38.8004646,101.0637665,2577.6995,4,False
31,UAV_393,38.8955498,100.9904251,2569.3752,3,False
31,UAV_394,38.9573441,101.064209,2573.6367,1,False
31,UAV_395,38.899292,100.9649124,2572.5254,3,False
31,UAV_396,38.9450111,100.9924393,2574.8186,3,False
31,UAV_397,38.8306999,101.019043,2568.2551,5,False
31,UAV_398,38.8907471,101.0565033,2571.179,2,False
31,UAV_399,38.893795,101.0741425,2572.6841,1,False
31,UAV_400,38.8541451,101.0396957,2573.7769,0,False
31,UAV_401,38.881012,100.993988,2572.7534,3,False
31,UAV_402,38.849617,101.0559616,2574.4392,0,False
31,UAV_403,38.9116821,101.0953217,2577.2732,1,False
31,UAV_404,38.8794708,101.0337219,2572.7671,3,False
31,UAV_405,38.9201584,101.0167236,2570.0249,3,False
31,UAV_406,38.8278694,101.0696564,2575.4753,4,False
31,UAV_407,38.8384132,100.9724579,2565.9709,5,False
31,UAV_408,38.8029366,101.0634079,2568.5327,2,False
31,UAV_409,38.8791008,101.0180359,2570.0818,3,False
31,UAV_410,38.767128,101.0503616,2574.03,4,False
31,UAV_411,38.8636017,101.0622711,2572.9683,1,False
31,UAV_412,38.8006935,100.987709,2573.6611,5,False
31,UAV_413,38.8122559,101.0809097,2573.8225,4,False
31,UAV_414,38.7927284,101.0710449,2571.7764,4,False
31,UAV_415,38.870491,100.9540863,2577.6333,0,False
31,UAV_416,38.8746376,101.0233459,2573.3711,3,False
31,UAV_417,38.9104881,101.1211014,2577.0649,1,False
31,UAV_418,38.8682861,100.9905701,2571.5381,3,False
31,UAV_419,38.8197479,100.9656754,2576.7271,0,False
31,UAV_420,38.7907219,101.0231628,2573.9541,5,False
31,UAV_421,38.7463646,101.0761414,2571.1057,4,False
31,UAV_422,38.8693771,100.9784775,2569.835,3,False
31,UAV_423,38.8712578,101.1133118,2571.0181,2,False
31,UAV_424,38.80336,100.9736862,2578.1758,0,False
31,UAV_425,38.8876915,101.0663757,2574.176,1,False
31,UAV_426,38.9087372,101.0515366,2575.1682,1,False
31,UAV_427,38.8449707,101.0385361,2572.281,2,False
31,UAV_428,38.8571548,100.9442596,2574.9678,0,False
31,UAV_429,38.8803902,100.9760666,2573.7954,3,False
31,UAV_430,38.7455406,101.0388031,2566.2273,5,False
31,UAV_431,38.7867355,101.0393143,2576.7637,0,False
31,UAV_432,38.8869362,101.0789948,2576.1682,1,False
31,UAV_433,38.9678535,100.9964142,2570.9697,3,False
31,UAV_434,38.8253174,100.9691162,2572.4155,5,False
31,UAV_435,38.8671455,100.9820557,2576.4175,0,False
31,UAV_436,38.7627182,100.975441,2568.2275,5,False
31,UAV_437,38.8719978,101.1224136,2574.8528,1,False
31,UAV_438,38.8554726,100.9880905,2567.447,3,False
31,UAV_439,38.8978233,101.0468292,2577.1448,1,False
31,UAV_440,38.9139023,101.0126266,2573.6062,3,False
31,UAV_441,38.8075447,100.9617767,2575.844,0,False
31,UAV_442,38.8614883,100.9711151,2568.6484,3,False
31,UAV_443,38.8833923,101.0795517,2573.0515,1,False
31,UAV_444,38.8176765,100.9973297,2571.0647,5,False
31,UAV_445,38.8212013,100.9601593,2569.9336,5,False
31,UAV_446,38.8535042,101.0909348,2575.3079,1,False
31,UAV_447,38.9338303,101.0972214,2575.6411,1,False
31,UAV_448,38.7759056,101.0252304,2568.2327,5,False
31,UAV_449,38.8088264,101.0635452,2568.4968,2,False
31,UAV_450,38.8020592,101.094017,2569.0288,2,False
31,UAV_451,38.7931328,101.0072556,2571.0967,5,False
31,UAV_452,38.8624191,101.0836792,2569.4849,2,False
31,UAV_453,38.8902168,101.0598068,2570.1631,2,False
31,UAV_454,38.8619308,101.1136551,2573.6978,1,False
31,UAV_455,38.8305168,100.99263,2575.1562,0,False
31,UAV_456,38.82164,101.0396194,2575.1343,0,False
31,UAV_457,38.8509636,101.0360489,2568.0129,2,False
31,UAV_458,38.8628349,101.0107422,2570.1714,3,False
31,UAV_459,38.884594,100.9959412,2574.7366,0,False
31,UAV_460,38.7501106,101.0543976,2572.6406,4,False
31,UAV_461,38.9179878,100.9556656,2577.3552,0,False
31,UAV_462,38.8358841,101.118248,2574.9321,4,False
31,UAV_463,38.7847443,100.9888916,2569.2136,5,False
31,UAV_464,38.8432312,100.9837646,2571.8591,5,False
31,UAV_465,38.8891182,100.9656525,2575.4775,0,False
31,UAV_466,38.9598236,101.0967102,2572.3972,1,False
31,UAV_467,38.8645859,101.0210419,2570.363,3,False
31,UAV_468,38.74897,100.9965897,2573.2952,5,False
31,UAV_469,38.8460388,101.0545578,2575.1924,0,False
31,UAV_470,38.846611,101.0623093,2578.7581,0,False
31,UAV_471,38.8130455,100.9627686,2573.2952,5,False
31,UAV_472,38.8440628,101.1024857,2571.5161,2,False
31,UAV_473,38.794075,101.0989914,2571.3831,4,False
31,UAV_474,38.7887421,100.9863586,2572.7361,5,False
31,UAV_475,38.9316101,101.0251541,2567.7346,3,False
31,UAV_476,38.8990173,101.0880127,2575.9941,1,False
31,UAV_477,38.8716354,101.0350418,2577.0464,0,False
31,UAV_478,38.9050865,100.9832382,2569.4004,3,False
31,UAV_479,38.8694725,101.0630569,2564.6833,2,False
31,UAV_480,38.7817726,101.0530396,2575.1621,4,False
31,UAV_481,38.8194733,100.9785767,2570.2478,5,False
31,UAV_482,38.8027267,101.1206055,2573.7151,4,False
31,UAV_483,38.9008942,101.1095657,2575.2095,1,False
31,UAV_484,38.8505173,101.0682907,2575.7295,1,False
31,UAV_485,38.8144455,101.0109482,2573.7134,0,False
31,UAV_486,38.8999557,101.0449371,2575.4966,1,False
31,UAV_487,38.9007874,101.0011292,2566.1262,3,False
31,UAV_488,38.81884,100.9893417,2569.4353,5,False
31,UAV_489,38.8397751,101.0149918,2569.5073,5,False
31,UAV_490,38.816021,100.9949722,2573.949,0,False
31,UAV_491,38.9057732,101.03936,2567.9368,3,False
31,UAV_492,38.8350792,101.039093,2569.4595,2,False
31,UAV_493,38.8196831,100.9987488,2570.4626,5,False
31,UAV_494,38.7837181,100.9930038,2568.0674,5,False
31,UAV_495,38.9117775,101.0209656,2570.3889,3,False
31,UAV_496,38.865406,101.0179367,2576.8391,0,False
31,UAV_497,38.7958145,100.9943161,2568.0481,5,False
31,UAV_498,38.8596573,101.0271835,2576.3813,0,False
31,UAV_499,38.8741379,100.9849701,2577.6838,0,False
31,UAV_500,38.8303375,101.071785,2569.8909,2,False
32,UAV_001,38.8298683,101.0825729,2571.9045,3,False
32,UAV_002,38.8607597,101.0017471,2576.1099,0,False
32,UAV_003,38.8806839,101.0567932,2567.2175,3,False
32,UAV_004,38.7712021,101.0011826,2575.9336,5,False
32,UAV_005,38.8147888,101.0990143,2568.7622,3,False
32,UAV_006,38.8223038,101.093956,2571.9285,2,False
32,UAV_007,38.8989754,101.1122284,2573.3286,4,False
32,UAV_008,38.8806496,101.0424728,2572.2036,4,False
32,UAV_009,38.912838,101.1000595,2573.8718,4,False
32,UAV_010,38.9014015,100.9409256,2577.9958,0,False
32,UAV_011,38.8927841,101.049614,2573.8611,4,False
32,UAV_012,38.7965927,100.9758911,2573.3162,5,False
32,UAV_013,38.8460312,101.0523224,2572.6199,3,False
32,UAV_014,38.8404694,101.0086517,2576.0764,0,False
32,UAV_015,38.8875618,100.9494095,2563.5596,1,False
32,UAV_016,38.9663506,100.9535904,2568.1648,1,False
32,UAV_017,38.8903923,101.0319748,2574.6301,0,False
32,UAV_018,38.8845787,101.0133057,2581.4956,0,False
32,UAV_019,38.8291969,101.0315323,2576.0752,0,False
32,UAV_020,38.8476486,101.005188,2573.1208,0,False
32,UAV_021,38.8610725,101.1494217,2575.0835,2,False
32,UAV_022,38.92173,100.9570541,2576.7979,0,False
32,UAV_023,38.8615265,100.9633942,2575.9866,0,False
32,UAV_024,38.8458214,101.0308304,2574.2864,0,False
32,UAV_025,38.9028549,101.0387878,2572.3374,4,False
32,UAV_026,38.8737488,101.1064224,2574.1897,4,False
32,UAV_027,38.8790855,101.0649643,2574.658,4,False
32,UAV_028,38.9029083,101.1010818,2569.5322,3,False
32,UAV_029,38.8623047,101.0549088,2571.3059,3,False
32,UAV_030,38.8258553,101.0123138,2574.155,5,False
32,UAV_031,38.8384247,101.0287704,2571.1821,3,False
32,UAV_032,38.8315315,101.0885315,2575.5623,2,False
32,UAV_033,38.8851318,101.0798111,2572.2888,4,False
32,UAV_034,38.8873749,101.0472031,2569.4705,1,False
32,UAV_035,38.8311844,101.0337296,2574.022,0,False
32,UAV_036,38.8803825,100.946228,2570.8394,1,False
32,UAV_037,38.9054451,100.9916153,2575.8572,0,False
32,UAV_038,38.8862,101.0231171,2570.6008,1,False
32,UAV_039,38.9398613,101.0051956,2572.7446,1,False
32,UAV_040,38.847332,101.0016708,2572.5881,5,False
32,UAV_041,38.8188286,101.0211182,2576.6638,0,False
32,UAV_042,38.9276924,101.1074753,2576.3325,4,False
32,UAV_043,38.9047127,101.120903,2576.6455,4,False
32,UAV_044,38.7888184,100.9920044,2576.2349,5,False
32,UAV_045,38.9393234,101.0152435,2569.002,1,False
32,UAV_046,38.7919083,100.9964294,2573.1514,5,False
32,UAV_047,38.8832016,100.9725037,2568.665,1,False
32,UAV_048,38.9268112,101.0486221,2574.8979,4,False
32,UAV_049,38.797966,101.0446854,2573.1912,5,False
32,UAV_050,38.8983192,101.0305099,2567.8892,1,False
32,UAV_051,38.8607941,101.0482483,2575.084,0,False
32,UAV_052,38.8068314,101.0434952,2569.8552,3,False
32,UAV_053,38.8908081,101.0512009,2568.6482,1,False
32,UAV_054,38.826767,101.062912,2571.4763,3,False
32,UAV_055,38.8051682,101.0777359,2572.9758,2,False
32,UAV_056,38.8319016,101.0245819,2570.4055,3,False
32,UAV_057,38.8046646,101.0592194,2568.3718,3,False
32,UAV_058,38.8115273,101.0382996,2572.3049,5,False
32,UAV_059,38.8266563,101.0837021,2571.6885,3,False
32,UAV_060,38.7854538,101.0015564,2570.0515,5,False
32,UAV_061,38.8244057,101.089386,2568.5688,3,False
32,UAV_062,38.9168892,101.0351181,2573.7561,4,False
32,UAV_063,38.8837471,100.976326,2568.8306,1,False
32,UAV_064,38.8840294,101.1325607,2570.2847,3,False
32,UAV_065,38.8760872,101.031311,2568.6055,1,False
32,UAV_066,38.9206619,101.1030807,2565.896,3,False
32,UAV_067,38.8789406,101.0038681,2568.7625,1,False
32,UAV_068,38.873188,101.0039139,2572.8945,0,False
32,UAV_069,38.8957329,101.0633926,2573.4448,4,False
32,UAV_070,38.7856827,101.0223694,2575.6245,5,False
32,UAV_071,38.817585,101.1341553,2572.9192,2,False
32,UAV_072,38.8486633,101.0591888,2573.728,2,False
32,UAV_073,38.8095284,101.0180435,2574.7117,5,False
32,UAV_074,38.7928314,100.9947586,2569.6934,5,False
32,UAV_075,38.8150864,100.9846268,2572.6912,5,False
32,UAV_076,38.9075966,101.0079498,2577.2197,0,False
32,UAV_077,38.809185,101.0830994,2573.698,2,False
32,UAV_078,38.9069252,101.0124283,2573.5176,0,False
32,UAV_079,38.9033852,101.0550232,2572.2041,4,False
32,UAV_080,38.9531059,101.0761108,2573.3542,4,False
32,UAV_081,38.7926445,101.0062866,2577.7827,0,False
32,UAV_082,38.782547,101.0848923,2575.7422,2,False
32,UAV_083,38.7489243,100.9916611,2567.3296,5,False
32,UAV_084,38.7989006,101.0710144,2570.9998,3,False
32,UAV_085,38.9242592,101.0369949,2573.781,4,False
32,UAV_086,38.8772507,101.1225967,2574.2886,4,False
32,UAV_087,38.7854042,101.135643,2575.9705,2,False
32,UAV_088,38.8177414,100.9854279,2573.7087,5,False
32,UAV_089,38.8510017,101.0510788,2569.793,3,True
32,UAV_090,38.876236,101.0262527,2576.2285,0,False
32,UAV_091,38.8286209,101.0208664,2569.271,3,False
32,UAV_092,38.8261299,100.9944077,2564.7153,1,False
32,UAV_093,38.9493637,100.9451447,2570.678,1,False
32,UAV_094,38.7772255,101.0316162,2570.1653,5,False
32,UAV_095,38.8557091,101.1038742,2568.5237,3,False
32,UAV_096,38.8566017,101.062767,2570.4053,3,False
32,UAV_097,38.7378464,100.9248276,2572.0068,5,False
32,UAV_098,38.837719,101.118309,2578.0222,2,False
32,UAV_099,38.9091911,101.0446472,2574.6057,4,False
32,UAV_100,38.9032211,101.0856552,2567.2817,3,False
32,UAV_101,38.8850937,100.9971008,2569.3391,1,True
32,UAV_102,38.8140106,101.0995407,2575.8875,2,False
32,UAV_103,38.8538361,100.9566269,2573.7751,0,False
32,UAV_104,38.7972221,101.0235825,2579.7317,0,False
32,UAV_105,38.8858376,100.9799805,2568.291,1,False
32,UAV_106,38.920742,100.992836,2569.4812,1,False
32,UAV_107,38.7909851,101.0735931,2576.0518,2,False
32,UAV_108,38.9508018,100.9643631,2573.6943,1,False
32,UAV_109,38.8775558,101.053627,2574.689,4,False
32,UAV_110,38.849453,101.101944,2576.5959,2,False
32,UAV_111,38.7942657,101.0239487,2570.4587,5,False
32,UAV_112,38.7889671,100.9748611,2573.4495,5,False
32,UAV_113,38.7715034,100.9678726,2575.8127,5,False
32,UAV_114,38.8676834,101.024437,2572.9128,0,False
32,UAV_115,38.8777313,101.0373535,2574.575,0,False
32,UAV_116,38.8128052,101.0526199,2576.7542,2,False
32,UAV_117,38.8424034,100.9669266,2575.2825,0,False
32,UAV_118,38.7896194,101.014801,2572.9285,5,False
32,UAV_119,38.8049545,101.0423126,2566.4993,3,False
32,UAV_120,38.852684,101.0738754,2574.6768,2,False
32,UAV_121,38.7761993,101.0989151,2567.1804,3,False
32,UAV_122,38.7891769,101.0371628,2576.822,5,False
32,UAV_123,38.8324623,101.0677185,2576.4067,2,False
32,UAV_124,38.8787689,101.1232986,2579.5073,4,False
32,UAV_125,38.8142815,100.9982681,2577.416,0,False
32,UAV_126,38.8041878,101.0013885,2571.3931,5,False
32,UAV_127,38.9062042,101.012413,2570.2178,1,False
32,UAV_128,38.8615379,100.9628143,2569.0125,1,False
32,UAV_129,38.9400482,101.0688553,2569.8713,4,False
32,UAV_130,38.8008804,101.0155029,2569.3176,5,False
32,UAV_131,38.8889694,100.9541397,2566.7566,1,False
32,UAV_132,38.8686714,101.0213089,2577.1243,0,False
32,UAV_133,38.8917007,101.0363464,2568.8887,1,False
32,UAV_134,38.7464066,100.9929199,2570.8792,5,False
32,UAV_135,38.7766838,101.0714798,2569.9109,3,False
32,UAV_136,38.8161621,101.0532074,2575.3943,2,False
32,UAV_137,38.8485527,100.9798889,2570.217,1,False
32,UAV_138,38.8144836,101.048378,2573.0427,5,False
32,UAV_139,38.7994652,101.0230408,2566.427,3,False
32,UAV_140,38.8612747,101.0558701,2572.5203,3,False
32,UAV_141,38.7745094,101.0152969,2577.5237,5,False
32,UAV_142,38.9051552,101.098053,2567.7356,3,False
32,UAV_143,38.7609177,100.992691,2570.4133,5,False
32,UAV_144,38.8422661,101.0797729,2568.0217,3,False
32,UAV_145,38.8627892,101.0818481,2573.1628,4,False
32,UAV_146,38.9476204,101.0012817,2568.874,1,False
32,UAV_147,38.9120064,100.9852676,2566.6458,1,False
32,UAV_148,38.8121185,100.9906845,2577.0962,0,False
32,UAV_149,38.7928963,101.0831146,2575.3489,2,False
32,UAV_150,38.7733688,101.1193848,2576.9624,2,False
32,UAV_151,38.8369064,101.0823212,2574.0251,2,False
32,UAV_152,38.9159431,100.9673004,2576.6233,0,False
32,UAV_153,38.8140106,101.0871887,2571.7002,3,False
32,UAV_154,38.8181953,101.0915527,2573.6492,2,False
32,UAV_155,38.8686295,101.0039444,2577.3455,0,False
32,UAV_156,38.8599548,101.0755234,2578.085,4,False
32,UAV_157,38.7976151,101.1288147,2575.3528,2,False
32,UAV_158,38.8481102,101.0705719,2569.4255,3,False
32,UAV_159,38.8460274,101.0750427,2567.2017,3,False
32,UAV_160,38.8658524,100.963913,2569.2227,1,False
32,UAV_161,38.8964653,101.1258392,2577.9893,4,False
32,UAV_162,38.8474121,101.0280609,2574.2737,0,False
32,UAV_163,38.7490921,101.0168762,2568.0405,5,False
32,UAV_164,38.7821083,100.9739456,2572.7046,5,False
32,UAV_165,38.863739,100.9816971,2571.7356,1,False
32,UAV_166,38.9238052,101.0956802,2574.2322,4,False
32,UAV_167,38.8893661,101.0348969,2574.2114,0,False
32,UAV_168,38.7602806,101.0953293,2570.9836,2,False
32,UAV_169,38.9088936,101.018074,2572.8538,1,False
32,UAV_170,38.7969856,101.1211166,2572.6794,2,False
32,UAV_171,38.8635941,101.0492172,2573.2927,4,False
32,UAV_172,38.8025246,101.0342407,2566.6792,3,False
32,UAV_173,38.7724228,100.9751434,2574.8052,5,False
32,UAV_174,38.842598,101.0086899,2574.9861,0,False
32,UAV_175,38.8488007,101.0974426,2568.5508,3,False
32,UAV_176,38.786911,101.1133728,2567.9119,3,False
32,UAV_177,38.8082123,101.0909348,2573.7488,2,False
32,UAV_178,38.8531151,101.021698,2574.6082,0,False
32,UAV_179,38.8219604,100.9883118,2569.5249,5,False
32,UAV_180,38.8568344,101.0017471,2573.5393,0,False
32,UAV_181,38.881382,101.0369568,2575.5032,0,False
32,UAV_182,38.8618355,101.0510025,2571.3601,3,False
32,UAV_183,38.8314629,100.9558487,2574.9409,0,False
32,UAV_184,38.7692566,100.971077,2568.6458,5,False
32,UAV_185,38.900013,100.9934998,2567.1296,1,False
32,UAV_186,38.8657341,101.0077438,2574.1531,0,False
32,UAV_187,38.8829384,101.1087494,2575.8103,4,False
32,UAV_188,38.9153214,101.0072174,2572.946,1,False
32,UAV_189,38.7717171,100.9829865,2567.7964,5,False
32,UAV_190,38.8695221,101.0101013,2574.3867,0,False
32,UAV_191,38.8937874,100.9670181,2574.04,0,False
32,UAV_192,38.8202858,100.9855042,2576.396,0,False
32,UAV_193,38.8089027,101.007103,2571.532,5,False
32,UAV_194,38.8679237,101.0667648,2573.2783,4,False
32,UAV_195,38.9693222,101.1257095,2572.9436,4,False
32,UAV_196,38.9559174,101.0954056,2573.8806,4,False
32,UAV_197,38.9188156,101.0319595,2570.1101,1,False
32,UAV_198,38.8057899,101.0307541,2569.8669,5,False
32,UAV_199,38.8681602,101.0411453,2574.731,0,False
32,UAV_200,38.7515602,101.1246109,2573.4683,2,False
32,UAV_201,38.9277611,101.027916,2566.5591,1,False
32,UAV_202,38.8442459,100.9774017,2572.1978,5,False
32,UAV_203,38.8261604,101.023819,2572.8521,5,False
32,UAV_204,38.8547592,101.0126953,2577.8069,0,False
32,UAV_205,38.7760735,101.1351013,2572.783,2,False
32,UAV_206,38.9089203,101.0256119,2571.1379,1,False
32,UAV_207,38.8547935,101.0417252,2573.4463,0,False
32,UAV_208,38.8503799,101.0716248,2570.1738,3,False
32,UAV_209,38.8354607,101.0832367,2571.3928,3,False
32,UAV_210,38.9377937,101.0496292,2569.6135,1,False
32,UAV_211,38.7359695,101.0110779,2574.4504,5,False
32,UAV_212,38.778965,101.0108337,2572.5811,5,True
32,UAV_213,38.8301582,101.0421219,2577.988,0,False
32,UAV_214,38.8285866,101.0580292,2572.1438,3,False
32,UAV_215,38.8393173,101.1051941,2571.2134,3,False
32,UAV_216,38.8079262,100.950058,2568.4351,5,False
32,UAV_217,38.8895302,101.149231,2575.1179,4,False
32,UAV_218,38.8152618,100.9913788,2574.6472,5,False
32,UAV_219,38.7699318,101.0838699,2572.9731,2,False
32,UAV_220,38.8913422,101.035347,2570.7766,1,False
32,UAV_221,38.8740578,101.0418167,2580.4136,0,False
32,UAV_222,38.8501587,101.053421,2576.915,0,False
32,UAV_223,38.8205872,101.0614471,2575.948,2,False
32,UAV_224,38.8450813,100.9616547,2579.7737,0,False
32,UAV_225,38.8754501,101.0743713,2575.9568,4,False
32,UAV_226,38.7919044,101.0057373,2574.9153,5,False
32,UAV_227,38.8453903,101.1216812,2576.1135,2,False
32,UAV_228,38.789196,101.0696716,2570.3916,3,False
32,UAV_229,38.9137917,101.0095444,2581.1353,0,False
32,UAV_230,38.8291092,101.1203995,2575.5676,2,False
32,UAV_231,38.8301048,101.0400696,2569.8682,3,False
32,UAV_232,38.8332558,100.9857559,2577.6807,0,False
32,UAV_233,38.7849045,100.9801025,2576.4734,5,False
32,UAV_234,38.8256874,101.0022659,2576.8176,0,False
32,UAV_235,38.7674065,101.0385208,2573.7822,5,False
32,UAV_236,38.8885803,100.9905396,2571.4863,1,False
32,UAV_237,38.8558846,101.1019211,2573.4717,2,False
32,UAV_238,38.8643951,101.1036224,2574.6331,4,False
32,UAV_239,38.8575516,101.0718765,2575.5691,4,False
32,UAV_240,38.8552437,101.0595169,2576.946,0,False
32,UAV_241,38.8255997,100.9888458,2573.291,5,False
32,UAV_242,38.778492,101.0357513,2574.3357,5,False
32,UAV_243,38.8249855,100.9961014,2575.3804,0,False
32,UAV_244,38.8042412,101.0809479,2571.9971,2,False
32,UAV_245,38.89048,100.9636383,2569.946,1,False
32,UAV_246,38.9409027,101.0143509,2577.8413,0,False
32,UAV_247,38.9288406,101.0756149,2577.3447,4,False
32,UAV_248,38.8358917,101.1102448,2573.4543,2,False
32,UAV_249,38.896595,100.9829636,2568.4546,1,False
32,UAV_250,38.9629822,100.9724274,2578.092,0,False
32,UAV_251,38.8529129,100.9665909,2566.1943,1,False
32,UAV_252,38.7603073,101.1211014,2569.0486,3,False
32,UAV_253,38.8321381,101.0719528,2572.6228,2,False
32,UAV_254,38.8887444,101.0376205,2574.696,0,False
32,UAV_255,38.8783989,100.987114,2573.9514,0,False
32,UAV_256,38.8987846,101.1178741,2575.9172,4,False
32,UAV_257,38.8459358,101.0736847,2568.3984,3,False
32,UAV_258,38.8510666,101.0929718,2572.5361,2,False
32,UAV_259,38.7672539,101.1371384,2575.2246,2,False
32,UAV_260,38.8239212,101.0619812,2571.3257,3,False
32,UAV_261,38.913147,101.0999222,2571.0928,4,False
32,UAV_262,38.8738632,101.0516281,2575.199,4,False
32,UAV_263,38.7905426,101.151062,2576.906,2,False
32,UAV_264,38.9257126,101.0616531,2579.0525,4,False
32,UAV_265,38.8557014,101.0297928,2565.8459,1,False
32,UAV_266,38.8786926,101.0836411,2570.5112,3,False
32,UAV_267,38.8837509,101.0992966,2576.6951,4,False
32,UAV_268,38.9234695,100.9695053,2576.9888,0,False
32,UAV_269,38.8782005,101.032814,2576.5796,0,False
32,UAV_270,38.7885056,101.0210266,2575.9885,5,False
32,UAV_271,38.8640327,100.9987793,2573.2456,0,False
32,UAV_272,38.7740479,100.9760818,2572.188,5,False
32,UAV_273,38.8516693,101.0222321,2573.3352,0,False
32,UAV_274,38.8382683,101.0240173,2577.0967,0,False
32,UAV_275,38.8584747,100.9833984,2568.1431,1,False
32,UAV_276,38.7713051,101.0372467,2570.1604,5,False
32,UAV_277,38.7596436,100.996666,2575.2588,5,False
32,UAV_278,38.7952957,101.09198,2571.0261,3,False
32,UAV_279,38.9042816,101.0960464,2574.7288,4,True
32,UAV_280,38.7883186,100.9944229,2576.5593,5,False
32,UAV_281,38.8599854,101.0547791,2571.8142,3,False
32,UAV_282,38.8643875,101.1207581,2576.623,4,False
32,UAV_283,38.894928,101.0875168,2568.4858,3,False
32,UAV_284,38.8644218,100.9955444,2575.866,0,True
32,UAV_285,38.8334961,101.0834045,2571.2739,3,False
32,UAV_286,38.8405457,100.9717789,2574.377,0,False
32,UAV_287,38.8502541,101.093399,2571.1606,3,False
32,UAV_288,38.9036827,101.0938644,2575.5972,4,False
32,UAV_289,38.8795662,101.1354294,2563.5889,3,False
32,UAV_290,38.738018,100.9992447,2570.6887,5,False
32,UAV_291,38.8621178,101.0136185,2576.2607,0,False
32,UAV_292,38.8412285,101.0039825,2574.5249,0,False
32,UAV_293,38.8697166,101.0832977,2571.9856,3,False
32,UAV_294,38.848793,101.1443329,2571.3914,2,False
32,UAV_295,38.9551277,101.0710373,2578.1956,4,False
32,UAV_296,38.844326,101.1031494,2572.1931,2,False
32,UAV_297,38.8161354,101.0367508,2574.2009,5,False
32,UAV_298,38.8135834,101.0953445,2572.5784,2,False
32,UAV_299,38.7768135,101.05513,2569.2539,3,False
32,UAV_300,38.8227425,100.9576492,2573.0801,5,False
32,UAV_301,38.8105927,101.1267395,2575.5518,2,False
32,UAV_302,38.7702751,101.143158,2577.4119,2,False
32,UAV_303,38.8972626,101.0825577,2569.6375,3,False
32,UAV_304,38.9194565,101.0736008,2573.8882,4,False
32,UAV_305,38.8613625,100.9728928,2569.8462,1,False
32,UAV_306,38.8359718,101.0261536,2572.4661,5,False
32,UAV_307,38.7536354,100.9253922,2571.0627,5,False
32,UAV_308,38.858223,101.092514,2567.7417,3,False
32,UAV_309,38.91325,101.0953598,2573.948,4,False
32,UAV_310,38.8190727,101.0030518,2568.2595,5,False
32,UAV_311,38.7706642,101.0008163,2568.8867,5,False
32,UAV_312,38.9123077,101.0291214,2568.5857,1,False
32,UAV_313,38.8500099,101.0258408,2574.7773,0,False
32,UAV_314,38.8814125,100.9652939,2571.6213,1,False
32,UAV_315,38.8887863,100.9571304,2574.458,0,False
32,UAV_316,38.9021492,101.056015,2575.895,4,False
32,UAV_317,38.9163666,101.0544968,2573.4058,4,False
32,UAV_318,38.799839,101.0770493,2572.6194,2,False
32,UAV_319,38.8401871,101.0009384,2572.5132,5,False
32,UAV_320,38.7664223,101.0286102,2572.8225,5,False
32,UAV_321,38.8987732,101.0183563,2571.4211,1,False
32,UAV_322,38.8472595,101.115593,2576.6804,2,False
32,UAV_323,38.7448006,101.0586472,2573.3726,5,False
32,UAV_324,38.8968086,101.0313339,2578.0212,0,False
32,UAV_325,38.7992172,101.113533,2574.6414,2,False
32,UAV_326,38.8642426,101.1351318,2573.511,2,False
32,UAV_327,38.885788,101.0199585,2569.4966,1,False
32,UAV_328,38.8279266,101.0302811,2572.0728,5,False
32,UAV_329,38.7450638,101.1307755,2572.3628,2,False
32,UAV_330,38.9140968,101.0024185,2575.8997,0,False
32,UAV_331,38.9210854,101.0970764,2567.2205,3,False
32,UAV_332,38.9155045,101.0430145,2574.7288,4,False
32,UAV_333,38.9537582,100.9688034,2567.6438,1,False
32,UAV_334,38.8778725,101.0197449,2577.7783,0,False
32,UAV_335,38.803978,101.056366,2571.6897,3,False
32,UAV_336,38.8008385,101.0123978,2576.4136,5,False
32,UAV_337,38.884655,101.0363693,2568.303,1,False
32,UAV_338,38.7909546,101.0466537,2573.1917,5,False
32,UAV_339,38.8262596,101.1173325,2572.1389,2,False
32,UAV_340,38.8677902,100.9761658,2570.8655,1,False
32,UAV_341,38.861805,101.0284119,2574.7039,0,False
32,UAV_342,38.8607483,101.0646133,2568.3762,3,False
32,UAV_343,38.8179741,101.0690918,2572.8413,2,False
32,UAV_344,38.9302673,101.1324539,2573.5989,4,False
32,UAV_345,38.8261147,101.0160904,2571.6455,5,False
32,UAV_346,38.8730125,101.036232,2571.1294,1,False
32,UAV_347,38.8069572,101.0328369,2580.3777,0,False
32,UAV_348,38.8055115,101.061264,2573.1094,2,False
32,UAV_349,38.8899574,100.9646149,2574.0596,0,False
32,UAV_350,38.8374901,101.0917511,2570.5735,3,False
32,UAV_351,38.8956108,101.1272202,2575.3892,4,False
32,UAV_352,38.819664,101.0364685,2574.0686,5,False
32,UAV_353,38.7518349,100.9870453,2572.4827,5,False
32,UAV_354,38.7884254,100.9742889,2571.531,5,False
32,UAV_355,38.9023857,101.0368195,2573.2698,4,False
32,UAV_356,38.8165245,101.0323715,2570.853,5,False
32,UAV_357,38.7615929,100.9929962,2572.5803,5,False
32,UAV_358,38.8465576,101.1088638,2574.6116,2,True
32,UAV_359,38.8218002,101.0281219,2576.0386,0,False
32,UAV_360,38.8129883,101.1220474,2580.0129,2,False
32,UAV_361,38.8939552,101.065239,2570.8918,3,False
32,UAV_362,38.8267517,101.0844116,2571.0283,3,False
32,UAV_363,38.8133125,101.1065826,2568.2024,3,False
32,UAV_364,38.844738,101.0541229,2572.7329,3,False
32,UAV_365,38.7749557,101.0522232,2571.2649,5,False
32,UAV_366,38.7619553,101.1067657,2571.1487,2,False
32,UAV_367,38.8462868,101.0213089,2580.0649,0,False
32,UAV_368,38.8626862,101.0575104,2573.1245,4,False
32,UAV_369,38.9084396,101.1111374,2572.9792,4,False
32,UAV_370,38.8535767,101.0235062,2569.2319,1,False
32,UAV_371,38.8764877,101.0301666,2573.7742,0,False
32,UAV_372,38.8844376,101.0395584,2573.6709,4,False
32,UAV_373,38.8847122,101.0856094,2574.4268,4,False
32,UAV_374,38.827961,101.0524216,2571.0701,3,False
32,UAV_375,38.8092308,101.0381775,2577.5151,0,False
32,UAV_376,38.7951775,101.0134125,2572.8992,5,False
32,UAV_377,38.8499184,101.0742798,2574.749,2,False
32,UAV_378,38.8905296,101.117485,2580.7361,4,False
32,UAV_379,38.7950401,101.0073547,2573.3101,5,False
32,UAV_380,38.8021126,101.0059204,2571.5652,5,False
32,UAV_381,38.8656235,100.9914398,2574.384,0,False
32,UAV_382,38.8853989,100.9426498,2573.3411,0,False
32,UAV_383,38.9224968,101.0159912,2575.958,0,False
32,UAV_384,38.8881454,100.9845734,2570.6995,1,False
32,UAV_385,38.744915,101.1103439,2568.9268,3,False
32,UAV_386,38.8473511,101.0869598,2571.6123,3,False
32,UAV_387,38.8966522,101.0942993,2575.5769,4,False
32,UAV_388,38.8042107,101.0832138,2573.7341,2,False
32,UAV_389,38.8283272,101.1012573,2573.2734,2,False
32,UAV_390,38.8538551,100.9958878,2579.6499,0,False
32,UAV_391,38.7718773,101.0802155,2573.9927,2,False
32,UAV_392,38.8010063,101.0637741,2570.6653,3,False
32,UAV_393,38.8951607,100.9904022,2570.6147,1,False
32,UAV_394,38.9574127,101.064415,2574.0854,4,False
32,UAV_395,38.9007988,100.9650345,2575.21,0,False
32,UAV_396,38.9434891,100.9928741,2577.033,0,False
32,UAV_397,38.8310471,101.018959,2571.9326,5,False
32,UAV_398,38.8915443,101.0554352,2569.3445,3,False
32,UAV_399,38.8962288,101.0755005,2577.8547,4,False
32,UAV_400,38.8550987,101.0402222,2574.7578,0,False
32,UAV_401,38.8802605,100.992836,2570.0391,1,False
32,UAV_402,38.8512764,101.0499649,2571.6714,3,False
32,UAV_403,38.9097366,101.0970612,2575.7034,4,False
32,UAV_404,38.8819809,101.0335846,2574.5632,0,False
32,UAV_405,38.9269524,101.0166626,2574.1602,0,False
32,UAV_406,38.830822,101.0695724,2574.6404,2,False
32,UAV_407,38.8139458,100.9803009,2572.6594,5,False
32,UAV_408,38.8030891,101.0632553,2569.0159,3,False
32,UAV_409,38.8790016,101.0181961,2573.2795,0,False
32,UAV_410,38.7667732,101.0501556,2573.6777,5,False
32,UAV_411,38.8618774,101.0622711,2575.8489,4,False
32,UAV_412,38.8018608,100.9889069,2575.3196,5,False
32,UAV_413,38.8132172,101.0800552,2570.6274,3,False
32,UAV_414,38.7869606,101.0590363,2568.5671,3,False
32,UAV_415,38.8783913,100.9573822,2576.1125,0,False
32,UAV_416,38.8773537,101.0232697,2573.8909,0,False
32,UAV_417,38.9104462,101.1213074,2574.9456,4,False
32,UAV_418,38.8717155,100.9844513,2566.9451,1,False
32,UAV_419,38.8249588,100.9656219,2575.147,0,False
32,UAV_420,38.793045,101.0230179,2573.0884,5,False
32,UAV_421,38.7470322,101.0781174,2577.2629,2,False
32,UAV_422,38.8704796,100.9779205,2574.9258,0,False
32,UAV_423,38.868576,101.1146851,2574.262,4,False
32,UAV_424,38.7965698,100.974823,2572.2932,5,False
32,UAV_425,38.8876839,101.0667953,2575.741,4,False
32,UAV_426,38.9196281,101.0576019,2571.7825,4,False
32,UAV_427,38.8453636,101.0387421,2577.1248,0,False
32,UAV_428,38.8585777,100.9432373,2573.7393,0,False
32,UAV_429,38.8830566,100.9804916,2576.9751,0,False
32,UAV_430,38.7450714,101.0370178,2564.2703,3,False
32,UAV_431,38.7867737,101.0412598,2577.842,2,False
32,UAV_432,38.8719559,101.0664673,2572.1455,3,False
32,UAV_433,38.96492,100.9948959,2568.9841,1,False
32,UAV_434,38.8237762,100.9695206,2571.3633,5,False
32,UAV_435,38.868557,100.9846115,2572.8972,0,False
32,UAV_436,38.7652245,100.9737244,2566.1562,5,False
32,UAV_437,38.8708534,101.1222229,2574.144,4,False
32,UAV_438,38.854866,100.9863358,2564.8948,1,False
32,UAV_439,38.895607,101.0468903,2574.0747,4,False
32,UAV_440,38.9119911,101.0149841,2574.0269,0,False
32,UAV_441,38.8039436,100.9617615,2578.394,0,False
32,UAV_442,38.8628731,100.9690628,2566.4587,1,False
32,UAV_443,38.9621201,101.1297302,2574.1619,4,False
32,UAV_444,38.8201294,100.9972229,2573.1843,5,False
32,UAV_445,38.8230286,100.9582367,2572.4822,5,False
32,UAV_446,38.8523331,101.091835,2575.5623,2,False
32,UAV_447,38.938755,101.0990067,2571.9822,4,False
32,UAV_448,38.7762146,101.0242615,2571.7744,5,False
32,UAV_449,38.8088455,101.0634842,2571.0007,3,False
32,UAV_450,38.8100471,101.0905457,2570.509,3,False
32,UAV_451,38.7918549,101.0090027,2576.4958,5,False
32,UAV_452,38.8619652,101.0829697,2570.1157,3,False
32,UAV_453,38.8874664,101.0566254,2570.115,3,False
32,UAV_454,38.8535957,101.1137009,2575.6677,2,False
32,UAV_455,38.8329659,100.9925995,2573.8049,5,False
32,UAV_456,38.8212128,101.0405045,2575.7358,0,False
32,UAV_457,38.8514137,101.0356598,2571.386,3,False
32,UAV_458,38.8648872,101.0088501,2570.114,1,False
32,UAV_459,38.884201,100.9954147,2567.3872,1,False
32,UAV_460,38.7499313,101.0522232,2572.9761,5,False
32,UAV_461,38.9206161,100.956604,2567.9685,1,False
32,UAV_462,38.8317871,101.1149597,2576.1599,2,False
32,UAV_463,38.7843246,100.9879761,2568.7429,5,False
32,UAV_464,38.8782654,100.9967728,2576.5386,0,False
32,UAV_465,38.8918381,100.9664459,2578.1226,0,False
32,UAV_466,38.9603043,101.1011276,2575.4995,4,False
32,UAV_467,38.8186607,100.9805527,2568.1689,5,False
32,UAV_468,38.795517,101.0480499,2572.9941,5,False
32,UAV_469,38.8455887,101.0545883,2573.0833,3,False
32,UAV_470,38.8468895,101.0623322,2579.7913,0,False
32,UAV_471,38.8129005,100.9614639,2572.906,5,False
32,UAV_472,38.852356,101.0957947,2568.3533,3,False
32,UAV_473,38.7925529,101.0935669,2572.4685,2,False
32,UAV_474,38.7859077,100.9875336,2574.092,5,False
32,UAV_475,38.9322891,101.0249176,2572.0881,1,False
32,UAV_476,38.8964577,101.0897141,2576.3062,4,False
32,UAV_477,38.8661842,101.0405502,2572.9224,0,False
32,UAV_478,38.9056358,100.9829025,2573.3069,0,False
32,UAV_479,38.8681984,101.0629807,2568.2668,3,False
32,UAV_480,38.7775879,101.0519028,2573.186,5,False
32,UAV_481,38.8193054,100.978241,2574.2288,5,False
32,UAV_482,38.804306,101.1207581,2577.4531,2,False
32,UAV_483,38.901062,101.1096344,2575.8225,4,False
32,UAV_484,38.8469696,101.0685501,2574.7407,2,False
32,UAV_485,38.815712,101.0106125,2570.9634,5,False
32,UAV_486,38.8986588,101.0449448,2580.1663,0,False
32,UAV_487,38.9000549,101.000145,2568.6924,1,False
32,UAV_488,38.8255081,100.9806824,2571.719,5,False
32,UAV_489,38.8409462,101.0147095,2570.2651,1,False
32,UAV_490,38.8232536,100.9949417,2574.6157,5,False
32,UAV_491,38.9045944,101.0389328,2571.3887,1,False
32,UAV_492,38.8340416,101.0385056,2568.2832,3,False
32,UAV_493,38.8475609,101.0552292,2573.0361,3,False
32,UAV_494,38.7829475,100.9923935,2572.4224,5,False
32,UAV_495,38.9086342,101.0200729,2573.4705,0,False
32,UAV_496,38.8689461,101.018364,2571.3892,1,False
32,UAV_497,38.7956619,100.9922409,2574.7886,5,False
32,UAV_498,38.8618164,101.0286942,2575.521,0,False
32,UAV_499,38.8773766,100.9850388,2570.4287,1,False
32,UAV_500,38.8296356,101.0692825,2567.834,3,False
33,UAV_001,38.8298378,101.0819931,2567.6819,5,False
33,UAV_002,38.8585663,101.0037079,2572.0967,3,False
33,UAV_003,38.8791428,101.0576096,2575.8911,0,False
33,UAV_004,38.769268,101.0011978,2577.165,4,False
33,UAV_005,38.8148727,101.098938,2575.9609,1,False
33,UAV_006,38.8166351,101.0956955,2575.4358,1,False
33,UAV_007,38.8985672,101.1139603,2576.7969,0,False
33,UAV_008,38.8811913,101.0409241,2576.7896,0,False
33,UAV_009,38.9126511,101.099884,2572.2644,5,False
33,UAV_010,38.9042015,100.9433441,2574.5342,3,False
33,UAV_011,38.8915443,101.0496216,2575.6118,0,False
33,UAV_012,38.793148,100.9848633,2573.719,4,False
33,UAV_013,38.8454857,101.051918,2566.9844,5,False
33,UAV_014,38.8361702,101.0075607,2574.5911,4,False
33,UAV_015,38.8881607,100.9479294,2570.7913,3,False
33,UAV_016,38.9660034,100.9523544,2567.9126,3,False
33,UAV_017,38.8885269,101.0312653,2573.2859,0,False
33,UAV_018,38.8838234,101.0149078,2577.9465,0,False
33,UAV_019,38.8648605,101.0098724,2571.3267,3,False
33,UAV_020,38.8483734,101.0080795,2573.8386,4,False
33,UAV_021,38.8493652,101.1502609,2574.51,1,False
33,UAV_022,38.9254303,100.9603653,2571.2434,3,False
33,UAV_023,38.8611717,100.9641037,2577.0356,4,False
33,UAV_024,38.8439026,101.0308228,2571.9385,2,False
33,UAV_025,38.9046707,101.0392303,2570.3525,3,False
33,UAV_026,38.8704605,101.1076813,2576.0464,0,False
33,UAV_027,38.8843727,101.0678024,2575.2322,0,False
33,UAV_028,38.9035492,101.0997314,2573.947,0,False
33,UAV_029,38.8643265,101.0539093,2572.729,5,False
33,UAV_030,38.8246956,101.0111847,2566.7104,2,False
33,UAV_031,38.8373947,101.0285339,2568.5261,2,False
33,UAV_032,38.8294296,101.0901718,2571.6194,5,False
33,UAV_033,38.8853607,101.0799026,2574.9514,0,False
33,UAV_034,38.8863106,101.0470734,2570.0005,5,False
33,UAV_035,38.8311729,101.0336075,2580.6929,4,False
33,UAV_036,38.884655,100.9435272,2567.2102,3,False
33,UAV_037,38.9064331,100.9942093,2576.6919,0,False
33,UAV_038,38.8850441,101.022934,2570.2441,3,False
33,UAV_039,38.9385757,101.005188,2569.5442,3,False
33,UAV_040,38.8510132,101.0029373,2576.9934,4,False
33,UAV_041,38.816288,101.0229721,2572.9988,4,False
33,UAV_042,38.9244347,101.1108246,2573.3113,0,False
33,UAV_043,38.9036827,101.1229477,2575.0977,0,False
33,UAV_044,38.7922592,100.9938583,2575.9194,4,False
33,UAV_045,38.9381371,101.0150452,2574.4907,0,False
33,UAV_046,38.7897835,100.997345,2572.2122,2,False
33,UAV_047,38.8836975,100.9714966,2566.9277,3,False
33,UAV_048,38.9210663,101.0489883,2574.4924,0,False
33,UAV_049,38.7985954,101.0433273,2565.3875,2,False
33,UAV_050,38.8985405,101.0303345,2566.8372,3,False
33,UAV_051,38.8599472,101.0523071,2575.9927,0,False
33,UAV_052,38.8030853,101.0422058,2571.938,2,False
33,UAV_053,38.8947449,101.0484543,2570.1902,5,False
33,UAV_054,38.8267746,101.062851,2566.4082,5,False
33,UAV_055,38.8061295,101.0790634,2573.178,1,False
33,UAV_056,38.8310509,101.0220413,2568.3164,2,False
33,UAV_057,38.805336,101.0580063,2568.3623,2,False
33,UAV_058,38.8110809,101.0392227,2576.855,4,False
33,UAV_059,38.8535957,101.0804291,2574.9788,0,False
33,UAV_060,38.7867546,101.0009842,2572.0889,2,False
33,UAV_061,38.8221588,101.0886078,2576.9504,1,False
33,UAV_062,38.9203224,101.0443115,2571.9141,3,False
33,UAV_063,38.8796158,100.9748001,2570.7007,3,False
33,UAV_064,38.8825111,101.1342697,2572.3025,5,False
33,UAV_065,38.8758202,101.0277557,2571.0588,3,False
33,UAV_066,38.9200363,101.1020432,2566.5808,5,False
33,UAV_067,38.8718109,100.9975739,2570.188,3,False
33,UAV_068,38.8731499,101.00177,2571.7834,3,False
33,UAV_069,38.8951683,101.0586319,2566.8962,5,False
33,UAV_070,38.7849236,101.0223312,2570.0942,2,True
33,UAV_071,38.8170357,101.1344452,2571.8503,1,False
33,UAV_072,38.8446693,101.0602722,2573.626,0,False
33,UAV_073,38.8119431,101.0179977,2571.321,2,False
33,UAV_074,38.7951355,100.994751,2571.0454,2,False
33,UAV_075,38.8150711,100.9844742,2572.8264,4,False
33,UAV_076,38.906456,101.0066986,2571.9319,3,False
33,UAV_077,38.849659,101.1117477,2578.4802,0,False
33,UAV_078,38.9069519,101.0125732,2574.5728,0,False
33,UAV_079,38.9029465,101.0554428,2573.6572,0,False
33,UAV_080,38.9522285,101.075386,2568.7891,5,False
33,UAV_081,38.7842979,101.0063324,2573.8445,4,False
33,UAV_082,38.7823448,101.0860367,2573.5222,1,False
33,UAV_083,38.7500229,100.9903488,2574.386,4,False
33,UAV_084,38.7969742,101.0710144,2571.7478,1,False
33,UAV_085,38.9270935,101.037117,2570.5403,3,False
33,UAV_086,38.8644142,101.1201477,2569.7271,5,False
33,UAV_087,38.7839622,101.133606,2569.7664,1,False
33,UAV_088,38.8094101,100.9854736,2575.3528,4,True
33,UAV_089,38.8508301,101.0501022,2566.7122,5,False
33,UAV_090,38.8762283,101.0266342,2574.9807,0,False
33,UAV_091,38.8286133,101.0208588,2570.7192,2,False
33,UAV_092,38.8260345,100.9943771,2569.2107,2,False
33,UAV_093,38.9588966,100.928215,2569.6091,3,False
33,UAV_094,38.7747726,101.0340118,2572.4814,2,False
33,UAV_095,38.8557739,101.1038284,2570.4949,5,True
33,UAV_096,38.8562012,101.0624847,2572.967,5,False
33,UAV_097,38.7371597,100.9255447,2573.7271,4,False
33,UAV_098,38.8249969,101.1283798,2579.8975,1,False
33,UAV_099,38.9081306,101.0446777,2574.9631,0,False
33,UAV_100,38.9038773,101.0838547,2568.4648,5,False
33,UAV_101,38.8875885,100.9970245,2571.0571,3,False
33,UAV_102,38.8151703,101.1002808,2576.0198,1,False
33,UAV_103,38.8791313,100.9891663,2576.3484,4,False
33,UAV_104,38.7970657,101.0238342,2571.1143,2,False
33,UAV_105,38.8849106,100.979332,2568.9995,3,False
33,UAV_106,38.9220085,100.9927216,2567.8601,3,False
33,UAV_107,38.7912712,101.0736389,2573.4753,1,False
33,UAV_108,38.9504852,100.9631119,2568.9944,3,False
33,UAV_109,38.8795776,101.0534363,2578.7202,0,False
33,UAV_110,38.8498344,101.1038513,2578.4839,0,False
33,UAV_111,38.7890511,101.0163956,2570.4885,2,False
33,UAV_112,38.8084984,101.0279694,2574.0247,4,False
33,UAV_113,38.7842903,100.9656372,2573.2205,4,False
33,UAV_114,38.8667259,101.0260468,2576.856,0,False
33,UAV_115,38.877491,101.0372314,2573.2424,0,False
33,UAV_116,38.8114929,101.0484619,2569.4238,2,False
33,UAV_117,38.8398552,100.9693832,2577.5332,4,False
33,UAV_118,38.7898979,101.0170059,2577.4937,4,False
33,UAV_119,38.8051453,101.041008,2569.6719,2,False
33,UAV_120,38.8525887,101.0742188,2574.7993,0,False
33,UAV_121,38.7757492,101.0981064,2567.8218,2,False
33,UAV_122,38.7895432,101.0375137,2577.9707,4,False
33,UAV_123,38.8298759,101.069931,2576.4253,1,False
33,UAV_124,38.8790588,101.1234665,2576.1467,0,False
33,UAV_125,38.8126984,100.9982834,2575.8772,4,False
33,UAV_126,38.80476,100.9999924,2568.3193,2,False
33,UAV_127,38.9057312,101.0120316,2569.1599,3,False
33,UAV_128,38.8619232,100.9622192,2568.2329,3,False
33,UAV_129,38.9366646,101.0709305,2572.5159,0,False
33,UAV_130,38.8011284,101.0147552,2573.0264,4,False
33,UAV_131,38.8888702,100.9527969,2573.0295,3,False
33,UAV_132,38.8992958,100.9866257,2575.2986,3,False
33,UAV_133,38.8930435,101.0359344,2571.874,3,False
33,UAV_134,38.7463646,100.9916534,2572.9602,2,False
33,UAV_135,38.7769775,101.0733185,2574.1648,1,False
33,UAV_136,38.8152504,101.0540009,2574.449,1,False
33,UAV_137,38.8494606,100.9792175,2572.3796,3,False
33,UAV_138,38.8145866,101.047493,2568.2837,2,False
33,UAV_139,38.7986908,101.0216522,2571.5947,2,False
33,UAV_140,38.8621216,101.0543289,2566.2258,5,False
33,UAV_141,38.7720718,101.0176544,2571.1873,2,False
33,UAV_142,38.9056664,101.0960693,2569.8071,5,False
33,UAV_143,38.7598991,100.9900055,2569.304,2,False
33,UAV_144,38.8420143,101.0797424,2570.2803,5,False
33,UAV_145,38.8626823,101.0801849,2571.5012,5,False
33,UAV_146,38.9552002,101.0206833,2571.1587,3,False
33,UAV_147,38.9117508,100.9843063,2568.6992,3,False
33,UAV_148,38.8126564,100.9906845,2574.4802,4,False
33,UAV_149,38.7952614,101.083046,2571.5295,1,False
33,UAV_150,38.7731628,101.1202011,2576.6077,1,False
33,UAV_151,38.8575096,101.0811005,2573.9934,0,False
33,UAV_152,38.9230232,100.9669876,2573.9397,3,False
33,UAV_153,38.8229523,101.0835953,2571.8914,1,False
33,UAV_154,38.8281403,101.0913696,2578.7568,1,False
33,UAV_155,38.8730812,101.002655,2572.4827,3,False
33,UAV_156,38.8519669,101.0758667,2572.3113,5,False
33,UAV_157,38.7972717,101.1284103,2577.6597,1,False
33,UAV_158,38.8479919,101.069313,2573.2788,5,False
33,UAV_159,38.8466377,101.0747528,2573.167,5,False
33,UAV_160,38.8690453,100.963623,2569.0378,3,False
33,UAV_161,38.8939133,101.1278229,2572.0676,5,False
33,UAV_162,38.8449898,101.030365,2574.2424,4,False
33,UAV_163,38.750843,101.0148544,2572.3562,2,False
33,UAV_164,38.7830353,100.9730682,2567.6223,2,False
33,UAV_165,38.8586426,100.9794006,2573.0457,3,False
33,UAV_166,38.9265442,101.0956421,2571.8809,5,False
33,UAV_167,38.8879013,101.0348816,2574.2139,0,False
33,UAV_168,38.7583542,101.0953293,2576.1636,1,False
33,UAV_169,38.9116707,101.0181732,2572.5474,3,False
33,UAV_170,38.7947845,101.1179428,2568.2429,5,False
33,UAV_171,38.8635483,101.0492859,2572.4321,5,False
33,UAV_172,38.8017616,101.0329666,2568.886,2,False
33,UAV_173,38.7725029,100.974823,2574.4951,4,False
33,UAV_174,38.8427582,101.0088501,2575.1221,4,False
33,UAV_175,38.847908,101.0972366,2571.2952,5,False
33,UAV_176,38.7870293,101.1132431,2572.3594,1,False
33,UAV_177,38.8086395,101.0909348,2571.6831,1,False
33,UAV_178,38.8508759,101.0237961,2577.8237,4,False
33,UAV_179,38.8221741,100.9860687,2569.3796,2,False
33,UAV_180,38.8566055,101.0021362,2575.3113,4,False
33,UAV_181,38.8788147,101.0393066,2574.6619,0,False
33,UAV_182,38.862011,101.0508194,2570.1814,5,False
33,UAV_183,38.8293839,100.9572983,2573.0901,4,False
33,UAV_184,38.7724266,100.9707794,2570.166,2,False
33,UAV_185,38.9004326,100.9917221,2570.1306,3,False
33,UAV_186,38.8651543,101.0066681,2566.5823,3,False
33,UAV_187,38.8827629,101.1113129,2579.9038,0,False
33,UAV_188,38.9155045,101.007103,2575.373,0,False
33,UAV_189,38.7710533,100.9818039,2570.8203,2,False
33,UAV_190,38.8688927,101.0068741,2568.272,3,False
33,UAV_191,38.8937721,100.9663239,2573.6382,3,False
33,UAV_192,38.8024292,100.9897385,2571.7849,2,False
33,UAV_193,38.8062439,101.0038834,2571.7354,2,False
33,UAV_194,38.8701553,101.0664749,2576.6777,0,False
33,UAV_195,38.9173737,101.078949,2573.8604,0,False
33,UAV_196,38.8908463,101.103447,2575.1311,0,False
33,UAV_197,38.9184189,101.0318069,2574.3071,0,False
33,UAV_198,38.8058128,101.0306625,2567.3374,2,False
33,UAV_199,38.8676224,101.0411835,2569.8159,5,False
33,UAV_200,38.7517929,101.1259918,2577.0508,1,False
33,UAV_201,38.9225655,101.0269012,2572.1672,3,False
33,UAV_202,38.8417206,100.9424133,2573.2698,4,False
33,UAV_203,38.82547,101.0228958,2573.5559,4,False
33,UAV_204,38.858551,101.0146408,2570.302,3,False
33,UAV_205,38.7766037,101.1360779,2574.7302,1,False
33,UAV_206,38.9097252,101.0248489,2574.2454,0,False
33,UAV_207,38.8545303,101.0418091,2579.26,0,False
33,UAV_208,38.8505211,101.0710983,2569.8882,5,False
33,UAV_209,38.850563,101.0813446,2570.032,5,False
33,UAV_210,38.9373283,101.051384,2578.1226,0,False
33,UAV_211,38.7568893,100.9763641,2571.4736,2,False
33,UAV_212,38.7800751,101.0088043,2571.1746,2,False
33,UAV_213,38.8281975,101.0483398,2575.8401,4,False
33,UAV_214,38.8287086,101.0578766,2571.0681,5,False
33,UAV_215,38.8444366,101.1051178,2575.6833,1,False
33,UAV_216,38.8100815,100.9485397,2568.948,2,False
33,UAV_217,38.885849,101.1484909,2570.9258,5,False
33,UAV_218,38.822422,100.9912338,2573.3499,4,False
33,UAV_219,38.7697411,101.0841293,2574.6079,1,False
33,UAV_220,38.8914604,101.0352402,2570.5796,3,False
33,UAV_221,38.8740845,101.042038,2576.3367,0,False
33,UAV_222,38.8496513,101.0554428,2573.5017,0,False
33,UAV_223,38.8200912,101.0598679,2569.6338,2,False
33,UAV_224,38.8460045,100.9652634,2575.5339,4,False
33,UAV_225,38.8595619,101.060936,2571.9282,5,False
33,UAV_226,38.7926102,101.0039749,2572.3025,2,False
33,UAV_227,38.8451996,101.121994,2575.0486,1,False
33,UAV_228,38.7939987,101.0696259,2573.4749,1,False
33,UAV_229,38.9071541,101.0097198,2576.4722,0,False
33,UAV_230,38.8207817,101.120491,2574.9785,1,False
33,UAV_231,38.8328705,101.0389404,2572.0793,2,False
33,UAV_232,38.8323402,100.9871826,2579.6443,4,False
33,UAV_233,38.7862816,100.9808044,2577.2056,4,False
33,UAV_234,38.827919,101.002182,2573.1545,4,False
33,UAV_235,38.7643394,101.0366058,2575.563,4,False
33,UAV_236,38.8884773,100.993103,2576.0515,0,False
33,UAV_237,38.8541756,101.0994492,2572.7007,5,False
33,UAV_238,38.8618584,101.1060867,2574.2468,0,False
33,UAV_239,38.8588943,101.0728912,2574.926,0,False
33,UAV_240,38.8566055,101.0595398,2573.9851,0,False
33,UAV_241,38.8233032,100.9910507,2576.7012,4,False
33,UAV_242,38.778965,101.0365677,2571.3906,2,False
33,UAV_243,38.8248367,100.9962921,2577.4504,4,False
33,UAV_244,38.8054733,101.0807037,2575.8879,1,False
33,UAV_245,38.8979225,100.9543457,2570.8806,3,True
33,UAV_246,38.9374161,101.0147476,2578.438,0,False
33,UAV_247,38.9277573,101.0756683,2574.2898,0,False
33,UAV_248,38.8179131,101.1093292,2573.3298,1,False
33,UAV_249,38.8943825,100.9798431,2569.6699,3,False
33,UAV_250,38.9639473,100.9944458,2570.9949,3,False
33,UAV_251,38.8526535,100.9653397,2568.5852,3,False
33,UAV_252,38.7592621,101.1198807,2571.8501,1,False
33,UAV_253,38.8347778,101.0716476,2568.7004,5,False
33,UAV_254,38.8902092,101.0379868,2578.0425,0,False
33,UAV_255,38.8807907,100.9860916,2565.4431,3,False
33,UAV_256,38.8983612,101.1182632,2570.5615,5,False
33,UAV_257,38.8455086,101.0733871,2569.8411,5,False
33,UAV_258,38.8726006,101.0628128,2569.1284,5,False
33,UAV_259,38.7669945,101.1445084,2577.5305,1,False
33,UAV_260,38.8238678,101.0617523,2570.6326,5,False
33,UAV_261,38.8752518,101.0748367,2571.3613,5,False
33,UAV_262,38.8807678,101.0501785,2569.5137,5,False
33,UAV_263,38.790329,101.1516953,2575.4658,1,False
33,UAV_264,38.9250717,101.0638962,2570.9653,5,False
33,UAV_265,38.8526497,101.0287552,2570.575,5,False
33,UAV_266,38.8794785,101.0825729,2573.7451,0,False
33,UAV_267,38.8833084,101.0994644,2576.6787,0,False
33,UAV_268,38.9235077,100.9693451,2569.3999,3,False
33,UAV_269,38.8757973,101.0341492,2576.7219,0,False
33,UAV_270,38.7878571,101.0220718,2577.7561,4,False
33,UAV_271,38.8640366,100.9986649,2578.1829,4,False
33,UAV_272,38.7676239,100.9720001,2569.4519,2,False
33,UAV_273,38.8521118,101.021843,2571.4817,3,False
33,UAV_274,38.8375282,101.0238953,2567.9663,2,False
33,UAV_275,38.8570557,100.9813232,2572.2683,3,False
33,UAV_276,38.7736359,101.0345535,2571.3318,2,False
33,UAV_277,38.7584953,100.9977036,2577.9358,4,False
33,UAV_278,38.795475,101.0914536,2569.8406,1,False
33,UAV_279,38.906765,101.0960007,2568.9888,5,False
33,UAV_280,38.7873306,100.9917068,2571.3369,2,False
33,UAV_281,38.8647385,101.0506516,2574.6262,0,False
33,UAV_282,38.863205,101.1280518,2577.1414,0,False
33,UAV_283,38.8942833,101.086998,2570.7356,5,False
33,UAV_284,38.8642654,100.9912033,2569.0591,3,False
33,UAV_285,38.832859,101.0829773,2567.6121,5,False
33,UAV_286,38.8330421,100.9743347,2576.4185,4,False
33,UAV_287,38.8514557,101.0924454,2570.7732,5,False
33,UAV_288,38.9034882,101.0941162,2576.1042,0,False
33,UAV_289,38.877037,101.1317596,2566.7915,5,False
33,UAV_290,38.7349815,100.9878159,2565.9634,2,False
33,UAV_291,38.8828354,101.0783081,2572.9211,5,False
33,UAV_292,38.8403168,101.0036316,2574.2061,4,False
33,UAV_293,38.8671951,101.0823669,2570.2837,5,False
33,UAV_294,38.8492432,101.1448746,2570.3765,5,False
33,UAV_295,38.9488144,101.0444717,2573.3042,0,False
33,UAV_296,38.844593,101.1029587,2571.2881,5,False
33,UAV_297,38.8178711,101.0405655,2574.2954,4,False
33,UAV_298,38.8047752,101.0784073,2570.5129,1,False
33,UAV_299,38.7763634,101.0549545,2571.531,2,False
33,UAV_300,38.8234062,100.957428,2575.2075,4,False
33,UAV_301,38.8354263,101.1314087,2576.4038,1,False
33,UAV_302,38.7689667,101.1420364,2571.1772,1,False
33,UAV_303,38.8964844,101.0817032,2573.7017,0,False
33,UAV_304,38.9215927,101.0739975,2578.4233,0,False
33,UAV_305,38.8615379,100.9728088,2570.8328,3,False
33,UAV_306,38.8335648,101.0266724,2573.2861,4,False
33,UAV_307,38.7645531,100.9247665,2570.8433,2,False
33,UAV_308,38.8578491,101.0908966,2571.5825,5,False
33,UAV_309,38.9150276,101.0961456,2575.1877,0,False
33,UAV_310,38.8171272,100.9989624,2575.6204,4,False
33,UAV_311,38.772686,100.9995499,2569.9194,2,False
33,UAV_312,38.9133186,101.0285645,2573.0662,3,False
33,UAV_313,38.848484,101.0220642,2570.4565,2,False
33,UAV_314,38.8836594,100.9652863,2574.0056,3,False
33,UAV_315,38.8273277,101.0069427,2569.5059,2,False
33,UAV_316,38.8991394,101.0562668,2571.6863,5,False
33,UAV_317,38.9134979,101.054184,2573.405,0,False
33,UAV_318,38.7991142,101.0769653,2571.4014,1,False
33,UAV_319,38.8479462,100.9997635,2573.7461,4,False
33,UAV_320,38.7774277,101.0185776,2569.4849,2,False
33,UAV_321,38.8887405,100.9970627,2571.915,3,False
33,UAV_322,38.8481598,101.1186066,2571.7197,5,False
33,UAV_323,38.8040619,101.0834503,2575.3765,1,False
33,UAV_324,38.8976974,101.0319672,2572.3101,3,False
33,UAV_325,38.7986679,101.114212,2573.0525,1,False
33,UAV_326,38.8640671,101.1354446,2573.0913,5,False
33,UAV_327,38.8873062,101.0206528,2572.9858,3,False
33,UAV_328,38.8291054,100.9709854,2572.5027,4,False
33,UAV_329,38.7883949,101.0660248,2568.2256,2,False
33,UAV_330,38.9137688,101.0021133,2573.7573,3,False
33,UAV_331,38.9201813,101.0963898,2571.6143,5,False
33,UAV_332,38.9166489,101.042984,2573.2097,0,False
33,UAV_333,38.9535675,100.9675369,2572.9749,3,False
33,UAV_334,38.8582916,101.0372925,2572.0679,5,False
33,UAV_335,38.8026619,101.0585098,2573.7354,1,False
33,UAV_336,38.7969704,101.0124054,2575.8284,4,False
33,UAV_337,38.8846016,101.0365295,2572.8809,0,False
33,UAV_338,38.793457,101.0466309,2569.9675,2,False
33,UAV_339,38.8248138,101.1152344,2568.9807,5,False
33,UAV_340,38.8690948,100.9751205,2572.2517,3,False
33,UAV_341,38.8581047,101.0288467,2573.6453,0,False
33,UAV_342,38.8615685,101.0581665,2570.0378,5,False
33,UAV_343,38.8359222,101.0666275,2572.5952,5,False
33,UAV_344,38.9303474,101.1327438,2575.3105,0,False
33,UAV_345,38.8261375,101.0156174,2570.4736,2,False
33,UAV_346,38.886631,101.0349808,2572.7688,0,False
33,UAV_347,38.8046303,101.0350113,2572.2405,2,False
33,UAV_348,38.8039131,101.0612946,2572.4849,1,False
33,UAV_349,38.9340973,100.9260788,2575.7856,3,False
33,UAV_350,38.8448029,101.095253,2572.5129,5,False
33,UAV_351,38.8947334,101.1263351,2574.0891,0,False
33,UAV_352,38.7848473,101.0100174,2573.7571,4,False
33,UAV_353,38.7498436,100.9867935,2574.8777,4,False
33,UAV_354,38.7882385,100.9734344,2572.1145,2,False
33,UAV_355,38.9026451,101.0356522,2569.696,3,False
33,UAV_356,38.8163414,101.0319366,2571.1636,2,False
33,UAV_357,38.7347107,101.0407028,2574.1843,1,False
33,UAV_358,38.843502,101.1098251,2579.4644,0,False
33,UAV_359,38.8427086,100.9759903,2574.9805,4,False
33,UAV_360,38.814579,101.1264954,2576.1101,1,False
33,UAV_361,38.891758,101.0678711,2575.8582,0,False
33,UAV_362,38.8267174,101.0834732,2572.0967,1,False
33,UAV_363,38.8129272,101.1052399,2568.1021,5,False
33,UAV_364,38.8422928,101.0531387,2569.6458,5,False
33,UAV_365,38.7729721,101.0481186,2568.4709,2,False
33,UAV_366,38.765377,101.103157,2571.4058,1,False
33,UAV_367,38.8439636,101.0219803,2575.7329,4,False
33,UAV_368,38.8611717,101.0596466,2573.4543,0,False
33,UAV_369,38.8934784,101.1064224,2567.9346,5,False
33,UAV_370,38.85326,101.0237808,2573.6863,4,False
33,UAV_371,38.8764648,101.0304337,2575.7759,0,False
33,UAV_372,38.8846474,101.0397873,2576.2075,0,False
33,UAV_373,38.8877106,101.0853577,2568.3162,5,False
33,UAV_374,38.8286247,101.052475,2571.6443,5,False
33,UAV_375,38.8088036,101.0383301,2572.9788,2,False
33,UAV_376,38.7950096,101.0132599,2569.4583,2,False
33,UAV_377,38.8531723,101.0695648,2572.7563,5,False
33,UAV_378,38.8923149,101.1175385,2576.5059,0,False
33,UAV_379,38.7975578,101.00737,2573.5447,4,False
33,UAV_380,38.800499,101.0059204,2575.7483,4,False
33,UAV_381,38.8679657,100.9894485,2563.8735,3,False
33,UAV_382,38.8982048,100.9329834,2574.3696,3,False
33,UAV_383,38.9226227,101.0160675,2577.426,0,False
33,UAV_384,38.8881073,100.984314,2568.1501,3,False
33,UAV_385,38.7438927,101.1076584,2572.6257,1,False
33,UAV_386,38.8478317,101.086731,2570.7646,5,False
33,UAV_387,38.8941994,101.0957489,2574.6611,0,False
33,UAV_388,38.8040657,101.083374,2574.3774,1,False
33,UAV_389,38.8262825,101.1004181,2569.4746,5,False
33,UAV_390,38.8559189,100.9962082,2574.1338,4,False
33,UAV_391,38.7718582,101.0805283,2574.5728,1,False
33,UAV_392,38.8011475,101.064003,2568.7417,2,False
33,UAV_393,38.8947678,100.9903793,2568.5635,3,False
33,UAV_394,38.9579849,101.0644455,2574.5862,0,False
33,UAV_395,38.9021339,100.9656754,2572.3591,3,False
33,UAV_396,38.9419441,100.9935532,2578.2795,0,False
33,UAV_397,38.8308258,101.0191498,2578.7273,4,False
33,UAV_398,38.8924103,101.0544281,2575.8359,0,False
33,UAV_399,38.8988152,101.0770798,2571.1157,5,False
33,UAV_400,38.8560638,101.0406036,2574.6785,0,False
33,UAV_401,38.879612,100.9917221,2567.1816,3,False
33,UAV_402,38.8550186,101.044548,2572.3496,5,False
33,UAV_403,38.9073105,101.0986862,2576.353,0,False
33,UAV_404,38.8845215,101.033783,2575.5618,0,True
33,UAV_405,38.9337158,101.0171356,2576.2971,0,False
33,UAV_406,38.8337059,101.0696106,2573.814,1,False
33,UAV_407,38.7900047,100.9953918,2577.5137,4,False
33,UAV_408,38.8031654,101.0630569,2571.8105,1,False
33,UAV_409,38.8788528,101.0183792,2576.9124,0,False
33,UAV_410,38.7665024,101.0499268,2574.1592,1,False
33,UAV_411,38.8601494,101.0622711,2576.053,0,False
33,UAV_412,38.8031349,100.9899292,2573.502,4,False
33,UAV_413,38.8142662,101.0792618,2566.1489,5,False
33,UAV_414,38.7875633,101.039566,2565.8413,2,False
33,UAV_415,38.8803749,100.9594345,2576.2036,4,False
33,UAV_416,38.8800468,101.0232544,2573.385,0,False
33,UAV_417,38.9102898,101.1215057,2578.2019,0,False
33,UAV_418,38.8766747,100.9790115,2571.46,3,False
33,UAV_419,38.8300514,100.9656677,2569.9636,2,False
33,UAV_420,38.7954483,101.0228577,2574.7009,4,False
33,UAV_421,38.7478523,101.08004,2578.3125,1,False
33,UAV_422,38.8716049,100.9774094,2572.3193,3,False
33,UAV_423,38.8655968,101.115654,2575.384,0,False
33,UAV_424,38.7893677,100.9751053,2578.4446,4,False
33,UAV_425,38.8876915,101.0673218,2574.5967,0,False
33,UAV_426,38.9247131,101.064949,2571.3928,5,False
33,UAV_427,38.8457108,101.0389404,2575.7207,0,False
33,UAV_428,38.8600044,100.9422607,2572.0754,3,False
33,UAV_429,38.8838387,100.9860764,2579.6033,4,False
33,UAV_430,38.7447052,101.0352249,2571.4395,2,False
33,UAV_431,38.787117,101.0431061,2573.0574,1,False
33,UAV_432,38.8871269,101.0538635,2575.1462,0,False
33,UAV_433,38.9616661,100.9949493,2572.825,3,False
33,UAV_434,38.8222504,100.9702072,2574.4509,4,False
33,UAV_435,38.8698654,100.987442,2572.2981,3,False
33,UAV_436,38.7679672,100.9728546,2571.4551,2,False
33,UAV_437,38.869709,101.1220016,2573.8906,5,False
33,UAV_438,38.854351,100.9845657,2569.5796,3,False
33,UAV_439,38.893692,101.0463257,2574.5132,0,False
33,UAV_440,38.9109116,101.0177231,2574.0796,0,False
33,UAV_441,38.8003387,100.961731,2574.5605,4,False
33,UAV_442,38.8644028,100.9671097,2568.6841,3,False
33,UAV_443,38.8882484,101.154808,2571.9182,5,False
33,UAV_444,38.8226929,100.9973297,2571.7029,2,False
33,UAV_445,38.8249779,100.9564667,2566.1609,2,False
33,UAV_446,38.8512115,101.0927963,2577.5449,0,False
33,UAV_447,38.9424896,101.1011047,2579.3015,0,False
33,UAV_448,38.7765884,101.0233154,2570.5825,2,False
33,UAV_449,38.80896,101.0632095,2573.3567,1,False
33,UAV_450,38.8193283,101.0889282,2573.8992,1,False
33,UAV_451,38.7903137,101.0106201,2572.5913,2,False
33,UAV_452,38.8615265,101.0822296,2572.3423,5,False
33,UAV_453,38.8851776,101.053009,2569.3694,5,False
33,UAV_454,38.8452759,101.1138229,2572.0315,5,False
33,UAV_455,38.835289,100.9924545,2576.9973,4,False
33,UAV_456,38.8205032,101.0416336,2573.3093,4,False
33,UAV_457,38.8518486,101.0352936,2568.0552,5,False
33,UAV_458,38.8670731,101.0071259,2569.8074,3,False
33,UAV_459,38.8838425,100.9948425,2571.1897,3,False
33,UAV_460,38.7498817,101.0500488,2568.0291,2,False
33,UAV_461,38.9221153,100.9576645,2576.793,3,False
33,UAV_462,38.8299637,101.1111603,2572.4749,1,False
33,UAV_463,38.7837791,100.9871445,2567.6348,2,False
33,UAV_464,38.8174896,100.9781494,2570.2444,2,False
33,UAV_465,38.8944778,100.9673233,2572.8391,3,False
33,UAV_466,38.9602737,101.1054993,2575.9749,0,False
33,UAV_467,38.7933731,101.0216522,2572.8059,2,False
33,UAV_468,38.8270454,100.9735184,2573.0923,4,False
33,UAV_469,38.8454018,101.0548096,2574.7634,0,False
33,UAV_470,38.8473473,101.0622864,2573.2808,5,False
33,UAV_471,38.8127136,100.9601746,2566.6372,2,False
33,UAV_472,38.8660889,101.0924606,2572.2085,5,False
33,UAV_473,38.7920303,101.0880203,2571.7622,1,False
33,UAV_474,38.7831192,100.9885254,2579.6406,4,False
33,UAV_475,38.932972,101.0247421,2567.3694,3,False
33,UAV_476,38.8940582,101.0910492,2569.3098,5,False
33,UAV_477,38.8593521,101.0445099,2576.1711,0,False
33,UAV_478,38.9061241,100.9825592,2569.3208,3,False
33,UAV_479,38.8668938,101.0625,2571.7751,5,False
33,UAV_480,38.7741013,101.0504837,2573.2607,1,False
33,UAV_481,38.8189774,100.9786148,2572.8481,4,False
33,UAV_482,38.8060837,101.1206055,2574.0693,1,True
33,UAV_483,38.9007187,101.1095581,2571.9143,5,False
33,UAV_484,38.8436356,101.0686264,2571.6907,5,False
33,UAV_485,38.8169937,101.0103836,2572.457,2,False
33,UAV_486,38.8973503,101.0449295,2573.9348,0,False
33,UAV_487,38.8993607,100.999176,2573.1875,3,False
33,UAV_488,38.8367157,100.9763947,2572.5215,4,False
33,UAV_489,38.8421249,101.0144882,2571.3665,2,False
33,UAV_490,38.830349,100.9946518,2570.6863,2,False
33,UAV_491,38.9034767,101.0384521,2571.3018,3,False
33,UAV_492,38.8330116,101.0378952,2568.9456,2,False
33,UAV_493,38.8690147,100.9790649,2573.3271,3,False
33,UAV_494,38.7821808,100.9917374,2573.5146,4,False
33,UAV_495,38.9055862,101.0188904,2571.1399,3,False
33,UAV_496,38.8724174,101.0194626,2576.8882,0,False
33,UAV_497,38.7956314,100.9901505,2573.7405,4,False
33,UAV_498,38.8633995,101.0304337,2573.9797,0,False
33,UAV_499,38.8801651,100.985054,2572.4563,3,False
33,UAV_500,38.828495,101.0668564,2577.6685,0,False
